mistura1,mistura2,mistura3
0.21890133566804232,0.12324437192840804,0.4837182021968167
0.2074355173851593,0.10624449439246778,0.47183092860927756
0.22196130447892398,0.0731719261170875,0.4334988289085931
0.22395904646545517,0.07133549355332187,0.4346673007731348
0.20445303649847676,0.0906262333863878,0.4666325139015155
0.19700490119120762,0.12002600091766104,0.5024509336396664
0.19722646439594885,0.13886212135600676,0.5277216134332283
0.20193589067513948,0.1627527199628315,0.5573442013817703
0.20334157628484448,0.16780713723679885,0.5665467402240809
0.19690582433855047,0.15677998983184505,0.556001834009156
0.20279936337139354,0.16688888876320393,0.5695562880021603
0.20361299260427232,0.17883415587490414,0.5867928938222399
0.20107303770429016,0.17975233996507486,0.5886339697357774
0.20420504898109854,0.17194330603717123,0.5787588268444709
0.2022571504579426,0.165970640289609,0.5725658357802397
0.1933312870750417,0.14805257866349802,0.5588374862791629
0.18635332221529677,0.13610718278494932,0.5513021278423172
0.1838632107786899,0.12921626856379212,0.5481186845561654
0.18332099786523895,0.1282980200901972,0.5511282323342447
0.18137309934208304,0.12232535434263496,0.5449352412700135
0.1808308864286321,0.12140710586904001,0.5479447890480927
0.18028867351518116,0.12048885739544508,0.5509543368261721
0.18228641550171235,0.11865242483167945,0.552122808690714
0.18423431402486828,0.12462509057924168,0.5583157997549452
0.1906700659711623,0.13565223798419548,0.56886070596987
0.18813011107118013,0.13657042207436618,0.5707017818834077
0.1940236501040232,0.14667932100572506,0.584256235876412
0.19148369520404107,0.14759750509589575,0.5860973117899496
0.192025908117492,0.14851575356949068,0.5830877640118702
0.192025908117492,0.14851575356949068,0.5830877640118702
0.198461660063786,0.15954290097444448,0.5936326702267951
0.1978696036869598,0.1664337508121774,0.601666737204564
0.19732739077350886,0.16551550233858248,0.6046762849826434
0.19927528929666477,0.1714881680861447,0.6108692760468747
0.19678517786005792,0.16459725386498752,0.6076858327607227
0.19488712280027726,0.1508154898060974,0.5964683224968019
0.19488712280027726,0.1508154898060974,0.5964683224968019
0.19239701136367038,0.14392457558494026,0.59328487921065
0.1899068999270635,0.13703366136378312,0.590101435924498
0.18741678436985937,0.13014274016431154,0.5869180155096834
0.1840632043575957,0.11911566412109632,0.5715224627318043
0.1871453721710288,0.11911572850452054,0.5666718390401873
0.1871453721710288,0.11911572850452054,0.5666718390401873
0.18519747364787287,0.11314306275695832,0.560478847975956
0.1886009067748231,0.11636103699993308,0.5708498745584321
0.19449444580766617,0.1264699359312919,0.5844043285514363
0.19644234433082208,0.1324426016788542,0.5905973196156675
0.22040918298551945,0.1972237408118681,0.6568791454086739
0.2523891959905108,0.3047316825794777,0.7732036317885583
0.26910665346603535,0.3465404071958376,0.8117039455465602
0.26715875494287944,0.34056774144827534,0.8055109544823289
0.26131505937341165,0.3226497442055886,0.7869319812896352
0.23988817561869644,0.25695042098240395,0.7188090795830911
0.20736594970025418,0.1485242307411995,0.6054941409812861
0.19042691936867703,0.08787938917540636,0.5417231544254357
0.19042691936867703,0.08787938917540636,0.5417231544254357
0.19881056983812695,0.10487920232792237,0.558461051704592
0.19821851346130073,0.1117700521656553,0.5664951186823608
0.19962419907100573,0.11682446943962266,0.5756976575246714
0.20157209759416167,0.12279713518718488,0.5818906485889026
0.20351999611731758,0.12876980093474716,0.5880836396531339
0.2021143105076126,0.1237153836607798,0.5788811008108233
0.20406220903076852,0.12968804940834208,0.5850740918750545
0.20601010755392446,0.1356607151559043,0.5912670829392859
0.20995574806361159,0.13979694833970088,0.5986285458680589
0.20995574806361159,0.13979694833970088,0.5986285458680589
0.20995574806361159,0.13979694833970088,0.5986285458680589
0.20800784954045567,0.13382428259213866,0.5924355548038276
0.20800784954045567,0.13382428259213866,0.5924355548038276
0.21049796097706253,0.1407151968132958,0.5956189980899795
0.2099059046002363,0.1476060466510288,0.6036530650677484
0.21044811751368725,0.14852429512462376,0.600643517289669
0.2123960160368432,0.15449696087218598,0.6068365083539002
0.21434391455999913,0.1604696266197482,0.6130294994181316
0.2123960160368432,0.15449696087218598,0.6068365083539002
0.21488613159404735,0.1613878820716575,0.610019928768715
0.21683403011720326,0.16736054781921977,0.6162129198329462
0.2187819286403592,0.173333213566782,0.6224059108971776
0.22072982716351514,0.17930587931434422,0.6285989019614088
0.22127204007696608,0.18022412778793914,0.6255893541833294
0.21932414155381014,0.17425146204037692,0.6193963631190982
0.2173762430306542,0.1682787962928147,0.6132033720548669
0.22191393991716757,0.16552417963887836,0.612530768005871
0.21547818797087356,0.15449703223392455,0.6019858617909462
0.21104017389051347,0.14163344528689076,0.5926094503119002
0.21358012879049562,0.14071526119672007,0.5907683743983625
0.24206184972434744,0.13153349165675157,0.5675069687000319
0.25022392733774484,0.12969718785983436,0.5589741931813396
0.31118284493731635,0.1076607696957374,0.5147883712564363
0.355076020543141,0.11961510389719142,0.5107757249457551
0.3831872731382446,0.13616028718824966,0.5208190679029521
0.42518240108590627,0.13433288002572694,0.5055889348604548
0.4177342657786371,0.16373264755700012,0.5414073545986056
0.3783511232958793,0.20690531218550748,0.5951406796480141
0.3684128765520033,0.22941416549562352,0.6277756561000131
0.3698185621617083,0.23446858276959084,0.6369781949423237
0.37874442554460913,0.25238664439570174,0.6507065444434005
0.38069232406776504,0.258359310143264,0.6568995355076317
0.38767028892751004,0.2703047060218127,0.6644348939444773
0.3965961523104109,0.2882227676479237,0.678163243445554
0.4094676562029989,0.31027706245783115,0.6992530558754039
0.4007135222127753,0.31900421609248136,0.7158198983718651
0.40125573512622625,0.31992246456607626,0.7128103505937857
0.3801224666934903,0.3153226701757417,0.7103023520820073
0.37699045541668197,0.3231317041036453,0.7201774949733137
0.39558376894943575,0.32864968258415067,0.7245265693986298
0.43498909113212236,0.3355495351282131,0.716162007937255
0.4414248430784164,0.34657668253316687,0.7267069141521799
0.4064076873921173,0.36034950826915174,0.7494724291636274
0.35225500525961345,0.3676861070510363,0.7708984175278385
0.36147930969736125,0.31761379000656426,0.7109777968563807
0.3822691193447426,0.2689231538753767,0.6528954113730833
0.3757336804716981,0.27351420309307867,0.6523995435575375
0.4267045271666409,0.2817957295726006,0.6458732032928955
0.443941998553065,0.27445019246781066,0.6359952196762115
0.40426524074832787,0.25652332826346796,0.6241136415308545
0.320988941962368,0.2877416517126963,0.6818595988995172
0.33228303085257377,0.2780963139878753,0.6634516804895184
0.36589450092916787,0.25926907097792323,0.6314836266357603
0.3898883643192843,0.2450328128022488,0.6038703286580732
0.3867065095791007,0.26065094504148034,0.6187699907490694
0.3792583742718315,0.29005071257275356,0.6545884104872202
0.3481370156318443,0.31576886980386293,0.6897399076271303
0.33814892542459296,0.3460868214253068,0.7273994032788188
0.3394549241075474,0.36675943532192984,0.7466509805205087
0.3488011144745973,0.35114143184954677,0.7220500710462786
0.35878920468184855,0.3208234802281028,0.68439057539459
0.36051553034895195,0.30796002902623193,0.6653128936609728
0.21581916785460925,0.12324430754498379,0.48856882588843376
0.2017635512083688,0.11497171241054212,0.4835471474141218
0.2094831028350658,0.09659896351737429,0.4679748812741297
0.22218287733497652,0.09200804306652074,0.4587695017064415
0.2345121683141136,0.11314408940283335,0.4828688619143707
0.225879920253192,0.15632555660957245,0.5347554156080594
0.21534961713248973,0.18572525975742146,0.5754244590378272
0.2270868517348006,0.213752155931467,0.6075578862235254
0.2317962854156089,0.23764277723320518,0.6371804977041721
0.22735827545584608,0.22477919726448573,0.6278040633537889
0.22232819946794577,0.21880647062241185,0.6264617029768881
0.22173614309111955,0.2256973204601448,0.6344957699546571
0.2172482896679815,0.22064283880275326,0.6301438548039634
0.20891447526028914,0.19583390464399592,0.608381414793013
0.20755863311395945,0.18297038905870078,0.5941543567510128
0.19668487120790262,0.15907966168502755,0.5742330161857048
0.19084117563843483,0.14116166444234082,0.5556540429930109
0.18640316567867204,0.1282980844736214,0.5462776086426279
0.1858609527652211,0.12737983600002648,0.5492871564207071
0.1878586947517523,0.12554340343626083,0.5504556282852489
0.18591079622859638,0.1195707376886986,0.5442626372210175
0.18536858331514544,0.11865248921510367,0.5472721849990969
0.1848263704016945,0.11773424074150875,0.5502817327771763
0.1867742689248504,0.12370690648907097,0.5564747238414075
0.18813011107118013,0.13657042207436618,0.5707017818834077
0.1906700659711623,0.13565223798419548,0.56886070596987
0.19207575158086726,0.14070665525816284,0.5780632448121806
0.19656360500400535,0.14576113691555434,0.5824151599628743
0.20159368099190567,0.15173386355762825,0.583757520339775
0.20159368099190567,0.15173386355762825,0.583757520339775
0.20408379242851254,0.15862477777878545,0.586940963625927
0.20100161496376814,0.15862471688427376,0.5917915943132575
0.20105146807845473,0.15081561508403332,0.5867670681178544
0.19856135664184787,0.14392470086287615,0.5835836248317025
0.19856135664184787,0.14392470086287615,0.5835836248317025
0.19801914372839693,0.14300645238928122,0.5865931726097818
0.197476930814946,0.1420882039156863,0.5896027203878612
0.197476930814946,0.1420882039156863,0.5896027203878612
0.19498681937833912,0.13519728969452915,0.5864192771017093
0.19249670382113496,0.12830636849505758,0.5832358566868946
0.19168307870885345,0.11636110836167167,0.5659992279954779
0.19168307870885345,0.11636110836167167,0.5659992279954779
0.19027739309914848,0.11130669108770437,0.5567966891531673
0.19281734799913064,0.11038850699753366,0.5549556132396296
0.1936808165747874,0.11452466881959167,0.5671677227313567
0.19957435560763045,0.12463356775095051,0.580722176724361
0.20736594970025418,0.1485242307411995,0.6054941409812861
0.23074073937974302,0.22019624240685978,0.679810057284166
0.2639048577367691,0.31392246180409006,0.7800663861764078
0.27418656326599966,0.3447040390154962,0.8080217937194849
0.2702907662196878,0.3327587075203716,0.7956358115910224
0.27283072111966994,0.33184052343020093,0.7937947356774848
0.2552996344112666,0.27808653170214076,0.7380578160994034
0.21828955506968625,0.1646058598035448,0.6203909623469046
0.198268356924676,0.10396095385432745,0.5614705994826713
0.2027562103478141,0.10901543551171897,0.565822514633365
0.20470410887097004,0.11498810125928124,0.5720155056975962
0.2091919622941081,0.12004258291667276,0.5763674208482897
0.21113986081726402,0.12601524866423502,0.5825604119125211
0.21308775934041996,0.13198791441179725,0.5887534029767523
0.2150356578635759,0.13796058015935947,0.5949463940409836
0.21557787077702684,0.1388788286329544,0.5919368462629042
0.21557787077702684,0.1388788286329544,0.5919368462629042
0.2150356578635759,0.13796058015935947,0.5949463940409836
0.2169835563867318,0.14393324590692175,0.6011393851052148
0.2169835563867318,0.14393324590692175,0.6011393851052148
0.2169835563867318,0.14393324590692175,0.6011393851052148
0.2169835563867318,0.14393324590692175,0.6011393851052148
0.2169835563867318,0.14393324590692175,0.6011393851052148
0.21893145490988775,0.14990591165448397,0.6073323761694461
0.22142156634649462,0.15679682587564112,0.6105158194555981
0.22137172288311935,0.16460592418696907,0.6155403386552876
0.2233196214062753,0.1705785899345313,0.6217333297195189
0.2233196214062753,0.1705785899345313,0.6217333297195189
0.2233196214062753,0.1705785899345313,0.6217333297195189
0.2252675199294312,0.1765512556820935,0.6279263207837501
0.2297055340097913,0.18941484262912728,0.6373027322627961
0.2336013384577208,0.20136019681916517,0.6496887379233633
0.2336013384577208,0.20136019681916517,0.6496887379233633
0.2336013384577208,0.20136019681916517,0.6496887379233633
0.2336013384577208,0.20136019681916517,0.6496887379233633
0.2316534325329472,0.1953875083766895,0.6434957233270274
0.23224548890977342,0.18849665853895656,0.6354616563492584
0.22640179334030563,0.17057866129626986,0.6168826831565647
0.22196377925994557,0.15771507434923607,0.6075062716775187
0.22509579053675394,0.14990604042133243,0.597631128786212
0.23774572569388666,0.15312422526012112,0.5934502455468763
0.24341769187067716,0.1443970072420468,0.5817340267420321
0.29162699150696264,0.1347606078401312,0.5517781035845065
0.2980627434532567,0.145787755245085,0.5623230097994314
0.3013664841227423,0.16462393657794241,0.5827430589056628
0.3376398024302382,0.17933284574482197,0.5842536638676993
0.40012631087143935,0.1968051514489562,0.5845900779909071
0.39008835789819013,0.234932208359553,0.6272741068337121
0.3781523691677829,0.2592774942334347,0.6587406114211694
0.38150595330064385,0.27030457725496426,0.6741361413277113
0.3854017503469557,0.28224990875008876,0.6865221234561738
0.395511726483509,0.28638627070073386,0.6841823390017127
0.40253953480662924,0.2905225682679546,0.6866931782388688
0.43232726960546086,0.3020133986684697,0.682683358662138
0.44071092007491075,0.31901321182098574,0.6994212559412943
0.4115872841188321,0.34289494346615457,0.7357412389371731
0.4598464465211155,0.32544943877508603,0.700760782588531
0.4096393855956762,0.3369222777185923,0.7295482478729418
0.38677979149583686,0.34518593453012864,0.7461179310947806
0.389319746395819,0.34426775043995794,0.744276855181243
0.37856787041906426,0.35483133663837374,0.7596752258131625
0.3658182524557782,0.3672313554005551,0.7739051245805402
0.3550165330156482,0.38560403991029885,0.7943280144121492
0.33901301784625176,0.37135877902829495,0.783113344873606
0.3566209727534495,0.3382862751363389,0.7399306214813045
0.35348896147664116,0.3460953090642426,0.7498057643726109
0.3531905204217942,0.41408568773482557,0.8234547345451455
0.41639095186650094,0.4591214641511408,0.8510768068792389
0.38968540418372505,0.44763069115622484,0.8502359887729255
0.3663106219058539,0.37595870218547794,0.7759200960021505
0.31997655860139285,0.3281685666489232,0.7282229248525931
0.333860445854956,0.3097959465226038,0.7029494113293671
0.3476944896451439,0.29923242470761224,0.6827004170058306
0.3691483981352782,0.2859143506221085,0.6569281949416813
0.35136871383540325,0.2923416392533035,0.6698157263364447
0.3272751635185362,0.32219609405163363,0.7074780627135108
0.3012835581418885,0.3382687847910736,0.7339228888266561
0.31918512837106555,0.3662958097319677,0.7563550686291202
0.32303108195400215,0.3860502395384201,0.7737655699572723
0.33491722722103406,0.3695140519758662,0.7473235845695047
0.35388102427456153,0.3493050636692054,0.7183679192192033
0.38672870858165215,0.310723455236225,0.664138740345676
0.20469679870576948,0.15953486401947828,0.537271943291684
0.20274890018261355,0.15356219827191606,0.5310789522274527
0.20398286605095256,0.1319713967962097,0.5099862920765119
0.21241635998377778,0.14116211163739786,0.5216996701559784
0.23880126760915527,0.17057075310815212,0.5508207088382197
0.2459509618615775,0.20916136424746193,0.5886512592726031
0.23601272251931915,0.2316702402524914,0.6212862592567068
0.2471579007448038,0.26658798626426994,0.6614537534201738
0.25635518044713246,0.29553306652848615,0.6954282565194094
0.25191717048736967,0.28266948655976676,0.6860518221690263
0.24493920562762475,0.27072409068121805,0.6785164637321807
0.2423992507276426,0.2716422747713888,0.6803575396457183
0.2379113876531932,0.2665877966029098,0.6760056314907382
0.22708746921051168,0.23488797091790872,0.6510597717257406
0.2192958677162703,0.21099728523274633,0.6262877839367108
0.2084221058102135,0.18710655785907315,0.6063664433714028
0.20566057805417878,0.16918862499981063,0.582936846487092
0.201222568094416,0.1563250450310912,0.5735604121367088
0.20068035518096505,0.15540679655749629,0.5765699599147881
0.20068035518096505,0.15540679655749629,0.5765699599147881
0.19819024374435817,0.1485158823363391,0.5733865166286362
0.1957001323077513,0.14162496811518197,0.5702030733424843
0.19321002087114442,0.13473405389402476,0.5670196300563324
0.18872216744800635,0.12967957223663326,0.5626677149056388
0.19828994032242003,0.1328976822247708,0.5633374712335436
0.19574998542243788,0.13381586631494152,0.5651785471470813
0.19656360500400535,0.14576113691555434,0.5824151599628743
0.1960213920905544,0.1448428884419594,0.5854247077409536
0.20105146807845473,0.15081561508403332,0.5867670681178544
0.20413363589188782,0.15081567946745753,0.5819164444262374
0.20159368099190567,0.15173386355762825,0.583757520339775
0.20164352445528094,0.14392476524630038,0.5787330011400855
0.19720551449551815,0.13106118527758093,0.5693565667897023
0.19217544815892915,0.1250884551465945,0.5680141994170881
0.19276750453575534,0.11819760530886152,0.5599801324393192
0.19276750453575534,0.11819760530886152,0.5599801324393192
0.1967131450454425,0.12233383849265816,0.5673415953680921
0.19811883065514746,0.12738825576662546,0.5765441342104027
0.19811883065514746,0.12738825576662546,0.5765441342104027
0.19757661362109924,0.12647000031471617,0.5795537048598193
0.19622077147476955,0.11360648472942096,0.5653266468178191
0.19676298850881777,0.11452474018133026,0.5623170761684025
0.19481508998566183,0.10855207443376803,0.5561240851041713
0.19735504488564398,0.10763389034359733,0.5542830091906337
0.20130068127473383,0.11177011654907955,0.5616444949907439
0.20465426540759474,0.1227971995706091,0.5770400248972858
0.2143937580233744,0.1526605283084203,0.6080049802184421
0.23722633478941227,0.2234142915004857,0.6853304442994014
0.26898476753673334,0.3120860936237487,0.7763842343493326
0.2767265181659818,0.3437858549253255,0.8061807178059474
0.27791063091963425,0.33000415524985954,0.7901125838504095
0.27791063091963425,0.33000415524985954,0.7901125838504095
0.2617353863575606,0.28911367910709457,0.7486027223143282
0.22921316043911832,0.18068748886589012,0.6352877837125231
0.21173191719409024,0.11912439882650205,0.5745263449347521
0.21367981571724617,0.12509706457406433,0.5807193359989834
0.2156277142404021,0.13106973032162655,0.5869123270632146
0.21757561276355802,0.13704239606918878,0.5931053181274459
0.22152125327324518,0.1411786292529854,0.6004667810562189
0.22401136470985206,0.14806954347414256,0.6036502243423708
0.22595926323300797,0.15404220922170478,0.609843215406602
0.22595926323300797,0.15404220922170478,0.609843215406602
0.2214714098098699,0.14898772756431328,0.6054913002559085
0.22401136470985206,0.14806954347414256,0.6036502243423708
0.22595926323300797,0.15404220922170478,0.609843215406602
0.2234193083330258,0.1549603933118755,0.6116842913201397
0.22536720685618175,0.16093305905943778,0.617877282384371
0.22536720685618175,0.16093305905943778,0.617877282384371
0.22536720685618175,0.16093305905943778,0.617877282384371
0.22985506027931984,0.16598754071682928,0.6222291975350646
0.22980521681594454,0.17379663902815715,0.6272537167347542
0.23175311533910048,0.17976930477571942,0.6334467077989855
0.23370101386225642,0.18574197052328165,0.6396396988632167
0.23370101386225642,0.18574197052328165,0.6396396988632167
0.23370101386225642,0.18574197052328165,0.6396396988632167
0.23619112529886327,0.19263288474443882,0.6428231421493686
0.2400869297467928,0.2045782389344767,0.6552091478099359
0.2464728423503088,0.2234144916290727,0.6707785503532131
0.24842074087346475,0.22938715737663498,0.6769715414174444
0.24842074087346475,0.22938715737663498,0.6769715414174444
0.2503686393966207,0.2353598231241972,0.6831645324816756
0.2464728423503088,0.2234144916290727,0.6707785503532131
0.24652268169308683,0.2156053863394305,0.6657540540248608
0.24067898612361902,0.19768738909674377,0.6471750808321669
0.2367831816756895,0.18574203490670588,0.6347890751715997
0.2373752380525157,0.17885118506897296,0.6267550081938309
0.25515492235239073,0.172423896437778,0.6138674767990674
0.2740688800631402,0.16002401342075936,0.5899363077771184
0.27855673348627824,0.16507849507815092,0.594288222927812
0.27147908169978274,0.16875129582225798,0.5968019028903456
0.2736485604806089,0.19356010121416678,0.6282655902845301
0.2839302660098395,0.22434167842557295,0.656220997827607
0.3164795092620832,0.2537504486631757,0.6756407891266141
0.36740049319102813,0.2698410804318505,0.6741389820530889
0.3854017503469557,0.28224990875008876,0.6865221234561738
0.365845896916602,0.3093497468944826,0.7235118557842439
0.35336769527274386,0.3327767842947693,0.7579879081497807
0.3494220547630567,0.3286405511109727,0.7506264452210076
0.3702839068763648,0.3222133268632019,0.7328882901346271
0.43622306665177274,0.31395873016359427,0.6950693407906006
0.46238640142109766,0.32453125468491534,0.6989197066749934
0.3996512953884249,0.36724022934003625,0.7672077435246304
0.4594759630003418,0.35117640556225216,0.7340655223641483
0.4498583563138642,0.3557673903965299,0.7384202782402195
0.40278330666523326,0.35943119541213253,0.7573326006333239
0.3698137364288406,0.36355849027302384,0.7762420683096236
0.32599260328894264,0.39386756795498673,0.820598945017222
0.3214549064024293,0.3966221846089231,0.8212715490662178
0.33491846667184355,0.4117856295810977,0.8343272945182988
0.34113264576208496,0.40397666003661825,0.8196015279353751
0.3397768036157553,0.3911131444513231,0.805374469893375
0.3460138014339529,0.4545124739042042,0.8795193078814554
0.38398641327151545,0.5353753064829876,0.955847331348463
0.392740547261739,0.5266481528483374,0.9392804888520018
0.3706447389314032,0.554666175082902,0.9781112970936096
0.3741970771923605,0.5133210760565042,0.9299068952269962
0.3301093534659023,0.40351322759692865,0.8147537449691359
0.32150413014039986,0.36767729749497946,0.7727451748921312
0.3226882428940523,0.3538955978195136,0.7566770409365934
0.32949447836111995,0.3391957784373012,0.733917207375901
0.3218247701977982,0.34975942901914114,0.7444649543162034
0.3015051309979411,0.35710490174050685,0.7591935616245046
0.3249069380112313,0.34975949340256535,0.7396143306245864
0.3611802489171096,0.3644683798745315,0.741124912054518
0.3554584392769438,0.38100469620393373,0.7578656500590519
0.3616726183671853,0.3731957266594544,0.7431398834761284
0.3896121222669889,0.3630957016675766,0.7228880484272143
0.40527217865103066,0.3240505320280582,0.6735123339706816
0.22730780486544844,0.21145248407828449,0.5893267040469766
0.22227773852885943,0.20547975394729803,0.5879843366743623
0.21978762709225255,0.19858883972614086,0.5848008933882105
0.22681543541537277,0.20272513729336172,0.5873117326253664
0.24304053084243937,0.2358065378197122,0.6237970984938628
0.2552701348948259,0.27256078077868057,0.657945497101171
0.26057161755084274,0.28956052954777234,0.6795340180719441
0.2672289423531893,0.3194237939021594,0.7153495970847176
0.2700403135725993,0.329532628450094,0.7337546747693386
0.2655524601494612,0.3244781467927024,0.7294027596186451
0.26306234871285433,0.3175872325715453,0.7262193163324933
0.2546786982434044,0.3005874194190293,0.7094814190533371
0.2527307997202484,0.294614753671467,0.7032884279891057
0.24326272342389663,0.2757784435717612,0.6925696262661083
0.233523230808117,0.24591511483394998,0.661604670944952
0.2231916721641998,0.22294263942278422,0.638673789597278
0.22183583226756376,0.2100790976536631,0.6244467010274597
0.21544992378464503,0.19124285193738141,0.6088772756128453
0.2149077108711941,0.1903246034637865,0.6118868233909246
0.21295981234803815,0.18435193771622427,0.6056938323266934
0.21187538652113627,0.1825154407690344,0.611712927882852
0.2093852750845294,0.17562452654787725,0.6085294845967001
0.20294951348692408,0.164597382631836,0.5979845853774887
0.20608153441504373,0.1567883452150198,0.5881094354904687
0.19964578246874976,0.14576119781006602,0.5775645292755438
0.1906700659711623,0.13565223798419548,0.56886070596987
0.19207575158086726,0.14070665525816284,0.5780632448121806
0.20110131154183,0.14300651677270543,0.5817425489181648
0.1990537164406122,0.1526520511367115,0.5855986032490261
0.20613137787841904,0.1489792469036919,0.5830849162907791
0.2008298952224022,0.1319794981346001,0.561496395320006
0.19579982888581315,0.12600676800361366,0.5601540279473918
0.18941392040289443,0.107170522287332,0.5445846025327773
0.1875158653431138,0.09338875822844186,0.5333670922688565
0.18697365242966285,0.09247050975484694,0.5363766400469357
0.18892155095281876,0.09844317550240916,0.5425696311111671
0.19286719146250592,0.10257940868620581,0.54993109403994
0.1993029434087999,0.11360655609115955,0.5604760002548649
0.1987108870319737,0.12049740592889253,0.5685100672326339
0.2001165685210814,0.12555181622454545,0.5777126289462816
0.2007086248979076,0.11866096638681253,0.5696785619685127
0.20130068127473383,0.11177011654907955,0.5616444949907439
0.20243495468560826,0.10579752216325591,0.5506008573635585
0.20243495468560826,0.10579752216325591,0.5506008573635585
0.2063805910746981,0.10993374836873814,0.5579623431636686
0.20973417520755905,0.12096083139026768,0.5733578730702105
0.21308775934041996,0.13198791441179725,0.5887534029767523
0.23846029100643998,0.20182349351369192,0.6642377911441739
0.26627308324407395,0.28635906245315823,0.7479301182653323
0.27985852944279016,0.3359768209974218,0.7963055749146407
0.2823984843427723,0.3350586369072511,0.794464499001103
0.2829905407195985,0.3281677870695181,0.7864304320233342
0.2674073525343511,0.2803864610890202,0.736886503509484
0.23429307023908263,0.1788511206855487,0.6316056318854478
0.2221133096500714,0.13428777941525244,0.5924327140784501
0.2240612081732273,0.14026044516281472,0.5986257051426813
0.22600910669638324,0.14623311091037694,0.6048186962069126
0.2285490615963654,0.14531492682020622,0.602977620293375
0.22795700521953918,0.15220577665793916,0.6110116872711439
0.2329870715561282,0.15817850678892564,0.6123540546437581
0.23493497007928413,0.16415117253648787,0.6185470457079894
0.23185280226585103,0.16415110815306366,0.6233976693996064
0.23044711665614603,0.15909669087909636,0.6141951305572958
0.2299049037426951,0.15817844240550144,0.6172046783353752
0.23493497007928413,0.16415117253648787,0.6185470457079894
0.2343429137024579,0.1710420223742208,0.6265811126857583
0.24077866564875192,0.18206916977917462,0.6371260189006832
0.23828855421214504,0.17517825555801744,0.6339425756145313
0.23688286860244004,0.1701238382840501,0.6247400367722207
0.23883076712559598,0.17609650403161237,0.6309330278364519
0.24132087856220286,0.1829874182527695,0.6341164711226038
0.24326877708535877,0.18896008400033174,0.6403094621868352
0.24521668301013236,0.1949327724428074,0.6465024767831711
0.24521668301013236,0.1949327724428074,0.6465024767831711
0.24521668301013236,0.1949327724428074,0.6465024767831711
0.2471645815332883,0.20090543819036963,0.6526954678474024
0.2516025914930511,0.21376901815908908,0.6620719021977856
0.2529584336393808,0.2266325337443843,0.6762989602397858
0.2593443462428968,0.2454687864389803,0.691868362783063
0.2657800981891908,0.25649593384393404,0.7024132689979878
0.2697257345782807,0.2606321600494163,0.7097747547980979
0.26075002773200456,0.25052319673463325,0.7010709244967107
0.26134208410883075,0.2436323468969003,0.6930368575189418
0.25549838853936296,0.22571434965421358,0.6744578843262481
0.2516025914930511,0.21376901815908908,0.6620719021977856
0.25219464786987733,0.20687816832135617,0.6540378352200166
0.27954209539285474,0.2036689931672113,0.6418200671488715
0.315693520369431,0.18392356606708846,0.6080109373815755
0.34104323002647446,0.1825508304550236,0.5946246745745516
0.302351850149916,0.20321444164531713,0.630274880255385
0.27712403054277185,0.23904149780778533,0.6789808313882995
0.3083174316486858,0.2555867524600929,0.6841735646453063
0.34653864107772003,0.27626830467962127,0.6918771371394693
0.3549222915471699,0.29326811783213724,0.7086150344186255
0.3646617841629496,0.3231314465699484,0.7395799897397818
0.34905157124228303,0.35436751789813886,0.783931184996625
0.32111206734247943,0.36446754289001665,0.804183020045539
0.31154430411937706,0.3612494294129665,0.8035132567219206
0.3679655248324352,0.3419676279028059,0.7600000388460132
0.4568141221710577,0.3176402760803339,0.7005868870804584
0.45304021105404785,0.3401492581572984,0.7235206161492235
0.4074927329444239,0.38332179401895733,0.786955188581866
0.4266282593906286,0.38975802097305756,0.7882947152291024
0.4881294092062737,0.3686398443047304,0.7410993315346929
0.4252225737809236,0.3847036036990903,0.779092176386792
0.4004649246213037,0.3791854964517365,0.78444434934471
0.3262141761449952,0.41270368490442,0.8458696178150704
0.33260008462791396,0.4315399306207016,0.8614390432296847
0.35617362103388145,0.45083973754352136,0.8721550042273047
0.3587135759338636,0.44992155345335066,0.8703139283137672
0.34288179015714454,0.4623215078321078,0.8893944507727617
0.3605846062582252,0.5427207148209291,0.9754265623483812
0.42442695234636874,0.5730565884780104,0.9899900955692256
0.43998730700042465,0.549629570071321,0.9506633724478626
0.41848356985015034,0.5707567878579793,0.9814601607759108
0.4171277129005853,0.5578932268828573,0.9672330556697013
0.34976006809013893,0.4898851003333122,0.9069788476089865
0.33222898138173557,0.436131108605252,0.851241928030905
0.3263354423488925,0.42602220967389326,0.8376874740379008
0.34482906895489573,0.4471583847770542,0.8520855868625961
0.3709924037242207,0.4577309092983753,0.8559359527469886
0.35553110146827527,0.4444038968899663,0.841711735430366
0.3813011339888704,0.4094950892010932,0.7899962365193723
0.41663892973256783,0.37780439498927,0.738950500931997
0.4101533343228986,0.37458634589564416,0.7334301139167616
0.4101533343228986,0.37458634589564416,0.7334301139167616
0.4030756825364031,0.3782591466397512,0.7359437938792952
0.3896121222669889,0.3630957016675766,0.7228880484272143
0.2473788538754516,0.26428831441108736,0.6432225712436251
0.24937659586198282,0.2624518818473217,0.6443910431081668
0.24629442804854973,0.2624518174638975,0.6492416667997838
0.24824232657170567,0.2684244832114598,0.6554346578640151
0.2580316626508606,0.2904787136379431,0.6813750939854818
0.27339327798005547,0.3194239226690078,0.7056483497014836
0.2762046491994654,0.3295327572169425,0.7240534273861048
0.28091407547865604,0.35342335582376716,0.7536760153346467
0.28231976108836104,0.3584777730977345,0.7628785541769574
0.27842396404204917,0.34653244160260993,0.7504925720484948
0.2753417962286161,0.3465323772191858,0.7553431957401119
0.2689060442823221,0.33550522981423203,0.744798289525187
0.26446803432255933,0.3226416498455126,0.7354218551748039
0.25862433875309154,0.30472365260282586,0.71684288198211
0.2502905317470169,0.279914741138982,0.6950804655032643
0.239958982754411,0.2569422622389037,0.6721495771598769
0.23860314060808127,0.24407874665360857,0.6579225191178767
0.23416513064831848,0.23121516668488912,0.6485460847674935
0.2316750192117116,0.22432425246373194,0.6453626414813416
0.23113280629826066,0.22340600399013705,0.648372189259421
0.22669479633849787,0.2105424240214176,0.6389957549090378
0.2222567789771174,0.19767882135778475,0.6296192970265498
0.21836098193080555,0.18573348986266028,0.6172333148980873
0.21192522998451152,0.17470634245770653,0.6066884086831624
0.21370139911499017,0.1540337929445077,0.5825862077498557
0.2707645196682498,0.12005204328528621,0.5260144036964899
0.2513083531646467,0.1315336848070242,0.5529550976251809
0.20304921006498594,0.14897918252026765,0.5879355399823961
0.23098871396478954,0.1388791575283899,0.5676837049334821
0.20169336791865622,0.1361156669349725,0.5737084819403959
0.19525761597236221,0.1250885195300187,0.563163575725471
0.23594673783545184,0.10258847577595949,0.5286818419091793
0.21291541434293523,0.08420691732673478,0.5149563331334801
0.18421212467362813,0.07455257689558444,0.512947043162625
0.18815776518331526,0.07868881007938103,0.5203085060913979
0.19205356222962713,0.09063414157450553,0.5326944882198604
0.1979471012624702,0.1007430405058644,0.5462489422128648
0.2043828532087642,0.11177018791081814,0.5567938484277897
0.20578853469787192,0.11682459820647112,0.5659964101414375
0.20773643322102783,0.12279726395403334,0.5721894012056687
0.20384063617471598,0.11085193245890884,0.5598034190772062
0.2063805910746981,0.10993374836873814,0.5579623431636686
0.2044326925515422,0.10396108262117591,0.5517693520994373
0.20697264745152433,0.1030428985310052,0.5499282761858997
0.20697264745152433,0.1030428985310052,0.5499282761858997
0.21091828796121148,0.10717913171480177,0.5572897391146726
0.21621977061722833,0.12417888048389362,0.5788782600854457
0.2279071617561639,0.16001487496926706,0.6160362064708333
0.25517774848196456,0.24363221813005187,0.7027381049021758
0.27968680005011287,0.30933160573666074,0.7660103829171028
0.2874783941427366,0.3332222687269097,0.7907823471740278
0.27968680005011287,0.30933160573666074,0.7660103829171028
0.25690407414906796,0.23076876692818085,0.6836604231685587
0.22963348742326728,0.14715142376739607,0.5969585247372162
0.2285490615963654,0.14531492682020622,0.602977620293375
0.2304969601195213,0.15128759256776844,0.6091706113576062
0.23303691501950347,0.15036940847759775,0.6073295354440685
0.23752476844264153,0.1554238901349893,0.6116814505947622
0.24201262186577963,0.16047837179238084,0.6160333657454558
0.2414205654889534,0.16736922163011375,0.6240674327232247
0.24196277840240435,0.16828747010370868,0.6210578849451454
0.24196277840240435,0.16828747010370868,0.6210578849451454
0.2414205654889534,0.16736922163011375,0.6240674327232247
0.2414205654889534,0.16736922163011375,0.6240674327232247
0.24391067692556026,0.17426013585127095,0.6272508760093766
0.2458585754487162,0.1802328015988332,0.6334438670736079
0.24780647397187214,0.18620546734639543,0.6396368581378391
0.2472642610584212,0.18528721887280047,0.6426464059159185
0.2472642610584212,0.18528721887280047,0.6426464059159185
0.24531636253526526,0.17931455312523825,0.6364534148516873
0.25029659281009664,0.193096404262466,0.6428203249560958
0.2522444913332526,0.19906907001002822,0.6490133160203271
0.2522444913332526,0.19906907001002822,0.6490133160203271
0.2522444913332526,0.19906907001002822,0.6490133160203271
0.2522444913332526,0.19906907001002822,0.6490133160203271
0.2541923898564085,0.2050417357575905,0.6552063070845583
0.2580881869027204,0.21698706725271494,0.6675922892130208
0.2638820390088129,0.2427141628067296,0.6911957816054042
0.274755805035467,0.2666048971587171,0.711117099299375
0.27865160208177886,0.2785502286538416,0.7235030814278376
0.28005728357088655,0.28360463894949456,0.7327056431414853
0.2755694301477485,0.27855015729210303,0.7283537279907918
0.2761614865245747,0.27165930745437006,0.7203196610130228
0.27226568947826285,0.2597139759592456,0.7079336788845603
0.268369892431951,0.2477686444641211,0.6955476967560977
0.2709596907953084,0.23904136206262253,0.6886821016428706
0.28420167820867004,0.23536869008536393,0.676467174297103
0.3070612723085094,0.22710503327382758,0.6598974910752643
0.36229838438851236,0.22160493841744713,0.6324523842835575
0.37889395593473496,0.22895934946171811,0.6356329868443319
0.35171823780443484,0.25881373987662404,0.6781459469130149
0.35751208991052735,0.2845408354306387,0.7017494393053982
0.4160529385394187,0.2978769149288014,0.69472440449126
0.4199487355857306,0.30982224642392586,0.7071103866197226
0.37834691728841635,0.3571310084915562,0.7779064079897111
0.3517632555349425,0.38009454906872925,0.8123853010806253
0.32441580801196507,0.38330372422287406,0.8246030691517705
0.350999469765439,0.36034018364570114,0.7901241760608563
0.3826131978555019,0.3433493731995146,0.7569876503425562
0.47848960351724457,0.3231583189442634,0.7000853378141574
0.4538538402869266,0.3520945252689986,0.7407572219693029
0.4196004510675084,0.3856217234058368,0.7857838759919467
0.4615955909161751,0.38379428657057557,0.7705537054259175
0.5301245297523177,0.36681241444729434,0.7258691749600907
0.49202520625258556,0.38058517579985496,0.7534853136631554
0.49207504971596083,0.3727760774885271,0.7484607944634658
0.3969125863603464,0.42053059547813415,0.8326487512113234
0.3976265286664746,0.4480940592124902,0.859934395430782
0.465563411125791,0.438003036926942,0.8232839319427243
0.4421117606491255,0.4531575435762113,0.8478876821423318
0.3768367190190932,0.49678469534367786,0.9180167809140797
0.4021594146233556,0.5744293954518138,0.9985257118132954
0.4652379601387603,0.5850108582960402,0.9908280729501614
0.46383227452905534,0.5799564410220729,0.9816255341078507
0.5247413679678742,0.5657291141914785,0.9424642173912099
0.5431131086445754,0.5524109757225507,0.9215426190186774
0.4079304331982566,0.528948146618641,0.9332585525704655
0.3503521244669651,0.4829942504955792,0.8989447806312175
0.35306380875962456,0.5087212816661696,0.9273988967152179
0.3787569730814253,0.5606389695973126,0.974603040774607
0.41875435164093816,0.560647972303642,0.9582044123354632
0.4199384643945906,0.5468662726281762,0.9421362783799254
0.4125173538227405,0.49724864285076115,0.884059574347383
0.40174265911802953,0.43660393005181647,0.8105873404082986
0.3812512905254951,0.417304187512421,0.7950207557190618
0.38297761619259846,0.4044407363105501,0.7759430739854448
0.37395206588294705,0.4021408713070948,0.772263762883747
0.39037590803649236,0.3828500670906047,0.7451491734469834
0.26885558109354213,0.32217853932294416,0.7063209537504794
0.2713955359935243,0.3212603552327734,0.7044798778369418
0.2708533230800733,0.3203421067591785,0.7074894256150212
0.2728510650666045,0.31850567419541287,0.708657897479563
0.2786947606360723,0.3364236714380996,0.7272368706722567
0.2909742081518341,0.36536881608574007,0.7563607500798754
0.289297725948106,0.3704231689762832,0.770413912613803
0.29319352299441787,0.38236850047140764,0.7827998947422655
0.29319352299441787,0.38236850047140764,0.7827998947422655
0.29124562447126195,0.37639583472384547,0.7766069036780342
0.2862155581346729,0.37042310459285893,0.7752645363054199
0.27869538036147706,0.3575594602407154,0.7707387256466538
0.2742573704017142,0.34469588027199594,0.7613622912962705
0.2729015282553845,0.33183236468670074,0.7471352332542703
0.2665156197724658,0.31299611897041907,0.731565807839656
0.25618407077985994,0.2900236400703408,0.7086349194962686
0.24580267832387878,0.27486025948159043,0.6907285503525706
0.24331256688727193,0.26796934526043326,0.6875451070664188
0.24282019743719624,0.2592419984755105,0.6855301356448086
0.24481793942372745,0.25740556591174485,0.6866986075093503
0.24037992946396466,0.24454198594302537,0.677322173158967
0.23983771655051372,0.24362373746943047,0.6803317209370464
0.23204612245789,0.21973307447918153,0.6555597566801213
0.22815032541157812,0.20778774298405703,0.6431737745516588
0.30866508903988565,0.15865146398065286,0.5619981967665806
0.4413348195184061,0.10401503447621803,0.4582281682934274
0.40328533948204914,0.10997869751745075,0.4808197877968024
0.28449949625709187,0.14624250689556614,0.5593163027467296
0.3474561558431946,0.12236965616770354,0.516298952686368
0.24450211769757907,0.14623350418923664,0.5757149311858735
0.2533060951511779,0.1296972522432586,0.5541235694897227
0.3149069125909509,0.09296088593010082,0.4968791613873608
0.34829680981149247,0.05529752597071543,0.4396404347357542
0.2295608293525331,0.08375223005967784,0.5131124164945648
0.19789725779909492,0.10855213881719225,0.5512734614125543
0.20243495468560826,0.10579752216325591,0.5506008573635585
0.2108186051550582,0.12279733531577193,0.5673387546427145
0.21535629792097427,0.12004271168352122,0.5666661734650558
0.2136299722538709,0.13290616288539217,0.585743855198673
0.2187098820538352,0.13106979470505076,0.5820617033715977
0.21032623158438526,0.11406998155253475,0.5653238060924416
0.20897038943805554,0.10120646596723955,0.5510967480504414
0.21205255725148864,0.10120653035066378,0.5462461243588245
0.21264461362831485,0.09431568051293085,0.5382120573810555
0.21459251215147077,0.10028834626049307,0.5444050484452868
0.21405029923801983,0.09937009778689812,0.5474145962233662
0.21545598484772482,0.10442451506086542,0.5566171350656768
0.2269716465939831,0.1136152942854778,0.5634798894535262
0.2501248560158017,0.1664511663067915,0.6125251094264531
0.25749613052589415,0.22387791709044794,0.6756263561907898
0.26139192757220603,0.23582324858557238,0.6880123383192523
0.26122019817952874,0.2091780333248113,0.6577171463217143
0.24563700259266366,0.16139668464939996,0.6081731942757594
0.23725335212321372,0.14439687149688396,0.5914352969966032
0.24119899263290084,0.14853310468068054,0.5987967599253762
0.23811682481946775,0.14853304029725634,0.6036473836169932
0.24514463314258797,0.1526693378644772,0.6061582228541493
0.2400647233426237,0.1545057060448186,0.6098403746812245
0.24455257676576178,0.15956018770221012,0.6141922898319181
0.24455257676576178,0.15956018770221012,0.6141922898319181
0.2465004752889177,0.16553285344977234,0.6203852808961494
0.2465004752889177,0.16553285344977234,0.6203852808961494
0.2465004752889177,0.16553285344977234,0.6203852808961494
0.24904043018889985,0.16461466935960165,0.6185442049826119
0.24899058672552457,0.17242376767092954,0.6235687241823012
0.2509384852486805,0.1783964334184918,0.6297617152465326
0.2528863837718364,0.184369099166054,0.6359547063107638
0.25429207678315907,0.18942353913493473,0.6451572686851792
0.25877993020629714,0.19447802079232626,0.6495091838358729
0.25877993020629714,0.19447802079232626,0.6495091838358729
0.2593221431197481,0.1953962692659212,0.6464996360577935
0.259864356033199,0.1963145177395161,0.6434900882797142
0.259864356033199,0.1963145177395161,0.6434900882797142
0.259864356033199,0.1963145177395161,0.6434900882797142
0.25732440113321686,0.1972327018296868,0.6453311641932518
0.26122019817952874,0.2091780333248113,0.6577171463217143
0.26706389374899653,0.22709603056749803,0.676296119514408
0.2734498022319153,0.2459322762837797,0.6918655449290224
0.281241396324539,0.2698229392740287,0.7166375091859475
0.28513719337085086,0.2817682707691532,0.72902349131441
0.2890329904171627,0.2937136022642777,0.7414094734428727
0.29098088894031865,0.2996862680118399,0.7476024645071039
0.2890329904171627,0.2937136022642777,0.7414094734428727
0.2865428789805558,0.2868226880431205,0.7382260301567207
0.2896748902573642,0.2790136541152168,0.7283508872654142
0.28772699173420824,0.27304098836765456,0.722157896201183
0.29280690153417255,0.2712046201873131,0.7184757443741077
0.3506338078569357,0.2569772359511198,0.6841650653405108
0.40841087071632354,0.2505589500262544,0.6548789055066037
0.40976671286265326,0.2634224656115496,0.6691059635486037
0.39329303136633,0.2905223751176819,0.7012450493137198
0.37422954738605196,0.3263495600469986,0.7402497530634001
0.4461120896576782,0.32039476396742184,0.7109607385126883
0.47481537932698525,0.3300491043985722,0.7129700284835434
0.45217735808319853,0.35714887815954177,0.7548103845032306
0.400836027867482,0.37459431846718605,0.7946414645434897
0.3645128734982285,0.3676945303065478,0.7981554023132477
0.388506736888345,0.3534582721308734,0.7705421043355606
0.36683125554215806,0.3479402292669439,0.7710436536018614
0.4201204649784079,0.336467461684687,0.7374055786172606
0.4690935696868195,0.3465854207279744,0.7297107664880771
0.4557518953467073,0.36587628932788885,0.7519747322332239
0.494615004615943,0.37185789339835634,0.7466197185499281
0.5416900349619513,0.3681940953605788,0.7277074101482509
0.556337707985018,0.36957584065728755,0.7246950216447938
0.5659054712081203,0.3727939541343377,0.7253647849684123
0.5209500687779451,0.40907563318043855,0.7807652764318588
0.48356468758434124,0.4504118582673551,0.835667059354382
0.5286918194071937,0.4407753944820153,0.8105617598884735
0.5178900999670636,0.459148078991759,0.8309846497200826
0.48055454293421224,0.49267521274517284,0.8808619274343431
0.42891480576950675,0.5781110701354019,0.9943420107199192
0.45838188120831735,0.6075197759895804,1.0186124257105433
0.5002052723616842,0.5790471308713832,0.9730870771384034
0.5560344560005387,0.5666561722211304,0.9376079122488377
0.6282376190269406,0.5427835146435405,0.8800386911136252
0.4956447419439793,0.5105934031381322,0.8848890295521861
0.3950589293056686,0.5068938518087335,0.912168740140616
0.3835162428239912,0.5767204698928095,0.9992011095234593
0.42050351083923304,0.6189928654889585,1.0279973822370592
0.4534730810756256,0.6148655706280671,1.0090879145607596
0.46622269903891167,0.6024655518658858,0.9948580157933817
0.4347578816135699,0.5748932785754729,0.9694191289382158
0.39019997263635214,0.5064305481358925,0.8976197097911424
0.3762932666548328,0.45359486926485143,0.8340226187433647
0.37947512139501643,0.43797673702561984,0.8191229566523686
0.3876371990084138,0.4361404332287026,0.8105901811336764
0.4014712427986017,0.4255769114137112,0.7903411868101399
0.3035742957249943,0.37639609225754234,0.7572044089115662
0.29087452122508356,0.38098701270839586,0.7664097884792543
0.29092436468845884,0.373177914397068,0.761385269279565
0.28843425325185196,0.36628700017591076,0.758201825993413
0.2929719501383653,0.3635323835219745,0.7575292219444171
0.294870005198146,0.3773141475808646,0.7687467322083379
0.29768137641755593,0.3874229821287992,0.7871518098929591
0.3035250719870237,0.40534097937148594,0.8057307830856529
0.3074208690333356,0.4172863108666104,0.8181167652141155
0.30687865611988463,0.41636806239301544,0.8211263129921949
0.2979527927369838,0.3984500007669045,0.807397963491118
0.28902692935408286,0.38053193914079353,0.7936696139900412
0.2871288742943022,0.3667501750819035,0.7824521037261204
0.2832330772479904,0.35480484358677905,0.7700661215976579
0.2737151574882633,0.343777631798401,0.7643718390743499
0.2901389996418086,0.3244868275819109,0.7372572496375863
0.3167226613952825,0.30152328700473785,0.7027783565466721
0.36892744500463037,0.28821402247529104,0.6751593771182299
0.355735301054644,0.28407759614122174,0.6823497852643079
0.27056094720890345,0.30151415553155997,0.7288782323690498
0.27687481322589547,0.27808698936442466,0.7041034273867471
0.3079961718658827,0.25236883213331546,0.668951930246837
0.288860645419678,0.24593260517921517,0.6676124035996003
0.36175555174965673,0.19955090114123653,0.5919600770872397
0.3863913149799747,0.17061469481650132,0.5512881929320943
0.4708517458222096,0.12561466471398203,0.47747408761646665
0.46831179092222747,0.12653284880415275,0.4793151635300043
0.4099426716860134,0.13984198456675118,0.5166353903416805
0.4333943147610613,0.12468745522256844,0.49203161660996814
0.38826718293820883,0.13432391900790824,0.5171369160758768
0.40220091365514726,0.1081422005702609,0.48683888335296116
0.44402430480851407,0.07966955545206367,0.44131353478082114
0.4026212406392962,0.07460613547176685,0.44850962437765424
0.3320945405139997,0.0934244471366388,0.4920256969703663
0.2273643332379055,0.13796084467137074,0.5755438764031784
0.22369010904764622,0.1448516301256795,0.5884285670725643
0.22817796247078428,0.14990611178307103,0.592780482223258
0.229583643959892,0.15496052207872396,0.6019830439369058
0.22963348742326728,0.14715142376739607,0.5969585247372162
0.2257376903769554,0.13520609227227157,0.5845725426087537
0.2198939948074876,0.11728809502958484,0.5659935694160599
0.21599819776117576,0.10534276353446034,0.5536075872875974
0.21967242195143508,0.09845197808015166,0.5407228966182115
0.21772452342827914,0.09247931233258944,0.5345299055539802
0.21772452342827914,0.09247931233258944,0.5345299055539802
0.2185879961245332,0.09661548113296178,0.5467419921743701
0.22366790592449748,0.09477911295262037,0.5430598403472948
0.3227261470238012,0.05896993343596278,0.4712578797193269
0.3621813319724857,0.05806068069087231,0.4578687850668355
0.33382148178591053,0.10169677775906921,0.5164498930824833
0.30588197788610694,0.111796802750947,0.5367017281313974
0.3160417974860355,0.10812406639026416,0.5293374244772469
0.28361444016309384,0.11316960972475038,0.5452373443754673
0.24881885733284728,0.14577855241016843,0.5932735321847633
0.2457366895194142,0.1457784880267442,0.5981241558763803
0.2457366895194142,0.1457784880267442,0.5981241558763803
0.24768458804257013,0.15175115377430648,0.6043171469406117
0.27054418214240944,0.1434874969627701,0.5877474637187728
0.2527644978425344,0.14991478559396507,0.6006349951135364
0.2400647233426237,0.1545057060448186,0.6098403746812245
0.2521724414657082,0.156805635431698,0.6086690620913052
0.24963248656572606,0.1577238195218687,0.6105101380048429
0.2470925316657439,0.15864200361203942,0.6123512139183805
0.25412033998886413,0.16277830117926023,0.6148620531555365
0.25412033998886413,0.16277830117926023,0.6148620531555365
0.25606823851202004,0.1687509669268225,0.6210550442197678
0.2599640355583319,0.18069629842194695,0.6334410263482303
0.26191194148310554,0.18666898686442263,0.6396340409445663
0.26580773852941736,0.19861431835954713,0.6520200230730289
0.2683476934293995,0.1976961342693764,0.6501789471594912
0.26440205291971236,0.1935599010855798,0.6428174842307182
0.26440205291971236,0.1935599010855798,0.6428174842307182
0.26440205291971236,0.1935599010855798,0.6428174842307182
0.26440205291971236,0.1935599010855798,0.6428174842307182
0.2663499514428683,0.19953256683314208,0.6490104752949495
0.27024574848918015,0.21147789832826652,0.661396457423412
0.2721936470123361,0.2174505640758288,0.6675894484876432
0.2805274540184108,0.24225947553967264,0.6893518649664889
0.2883190481110345,0.2661501385299216,0.714123829223414
0.29275705807079727,0.27901371849864104,0.7235002635737972
0.29805854072681415,0.2960134672677328,0.7450887845445704
0.30195433777312597,0.3079587987628573,0.7574747666730329
0.30390223629628194,0.3139314645104196,0.7636677577372641
0.30390223629628194,0.3139314645104196,0.7636677577372641
0.30390223629628194,0.3139314645104196,0.7636677577372641
0.30195433777312597,0.3079587987628573,0.7574747666730329
0.3267618303961212,0.3056678076988832,0.7470980745154254
0.4080403871955499,0.2762859168134206,0.6881836452822209
0.4404179203577389,0.2790494648124371,0.6773082305922631
0.4081622731248519,0.3107402303855095,0.7235033564794485
0.40692832102842147,0.33233103535061764,0.7445959867633386
0.38342682708838066,0.3552946403112148,0.7742242561626358
0.4584413806368152,0.3415308103037345,0.7350600987206174
0.5308661165192697,0.3364942696755778,0.7027615503832533
0.5144921178290998,0.34797597558074006,0.7248516206203273
0.4343976544807009,0.3635761737685618,0.767697929889421
0.4217477234441654,0.36035799590808737,0.7718787902574198
0.41217996022106307,0.35713988243103734,0.7712090269338013
0.4012065113882557,0.34886735168001987,0.7613367247678723
0.3788891302018673,0.35804925696515116,0.7748968602116317
0.4335341817844468,0.35944000496818934,0.755485843269031
0.5135788016694705,0.35164890509169555,0.717664053199627
0.5250446199523534,0.36864878262763573,0.729551326787166
0.49986664380858453,0.3966667404787761,0.7732327587203909
0.5419116078180038,0.387030212310012,0.7529780829460994
0.5635870891641908,0.39254825517394165,0.7524765336797983
0.5586290652935285,0.4288389369263719,0.7914783967041011
0.5384811554863486,0.4628296249084987,0.8365021960099402
0.5201094148096473,0.47614776337742654,0.8574237943824726
0.5245474247694101,0.489011343346146,0.8668002287328557
0.5513028159155613,0.4926930180297341,0.8626165276394796
0.496137745922695,0.5404565841154976,0.9304059030124027
0.5137186760944736,0.5864014775322298,0.9811183033907946
0.5562560288565913,0.5854922891705637,0.9628785850466862
0.5796578358698815,0.5781468808326222,0.9432993540467681
0.6034799698673207,0.5372654073961867,0.885390864071543
0.5433616914328118,0.49222964997346874,0.8529181209816231
0.47083724932098403,0.5128843942021063,0.8952657217097935
0.4264468933354513,0.6212926661089894,1.036527317030374
0.4380345975476364,0.6727468572170187,1.0837343018151406
0.4753202918144898,0.6470288287527577,1.0388815572919965
0.4829899999778115,0.6364651781709179,1.028333810351694
0.45228896832197324,0.6286472703035331,1.0251560485162972
0.40891517209840794,0.5464028401884867,0.937288495413686
0.38608260273398776,0.4756490996913347,0.8599630548648316
0.3906202996205011,0.4728944830373984,0.8592904508158357
0.3987823772338985,0.47105817924048116,0.8507576752971434
0.4114323082704339,0.4742763571009555,0.8465768149291445
0.42955965736312646,0.37091380268523394,0.7115139391877601
0.37622060446350136,0.3901956685788188,0.7501765333720505
0.32801130482721585,0.3998320679807344,0.7801324565295761
0.30130575714443997,0.3883412949858184,0.7792916384232628
0.29627569080785093,0.3823685648548319,0.7779492710506486
0.2988156457078331,0.3814503807646612,0.7761081951371109
0.3041171283638499,0.398450129533753,0.797696716107884
0.3099608239333177,0.4163681267764397,0.8162756893005778
0.31331440806617866,0.4273952097979693,0.8316712192071197
0.3158543629661608,0.42647702570779855,0.8298301432935821
0.3088763981064158,0.41453162982924985,0.8222947848567366
0.306386286669809,0.40764071560809273,0.8191113415705846
0.3046599610027056,0.42050416680996366,0.8381890233042018
0.3027120624795497,0.4145315010624014,0.8319960322399705
0.3426373985731358,0.3722770918853141,0.7752531734039096
0.43915568477245737,0.3373860964588272,0.7052922886894794
0.48817863294424424,0.33969495719078685,0.6925729573606062
0.5436871572230778,0.34522187399419746,0.6853740270383956
0.5457347426729843,0.33557634311910395,0.6815179797032477
0.4216972602553854,0.34703130541679955,0.7334014544827121
0.38071452307031656,0.30843182033800876,0.7022682851042383
0.4079899281273672,0.26295923330044707,0.6497062866361762
0.39960627765791723,0.24595942014793104,0.6329683893570199
0.46936919201371025,0.20738674306003094,0.5671911917445389
0.4260182293213365,0.1963506573321719,0.5681942902771407
0.4545497895979663,0.17935978250256118,0.5399083882504578
0.5016746634073499,0.16788688615345573,0.515971560649091
0.48530066471717986,0.17936859205861802,0.538061630886165
0.45405742014789063,0.17063243571763836,0.5378934168288477
0.4527015780015609,0.1577689201323432,0.5236663587868475
0.4539355342185886,0.13617812214554942,0.5025737056316201
0.5186185194717947,0.09944182021581581,0.44047867383764133
0.47408343662415087,0.10218741146850924,0.4575498827936763
0.445551876347521,0.11917828629811995,0.4858357848203593
0.30023221483246515,0.1705965379420804,0.5937866736615112
0.24435320703285793,0.19079658792583595,0.6342903437593392
0.25138102275759583,0.1949329081879702,0.6368012065285998
0.25337876062352976,0.19309646864589025,0.6379697012644787
0.24640078836216714,0.1811510500724281,0.6304343192955285
0.24504494621583742,0.1682875344871329,0.6162072612535283
0.23979330702319587,0.14347868740671324,0.5895942210830656
0.2308176001769197,0.13336972409193015,0.5808903907816784
0.23000397094404093,0.12142445698022995,0.5636537849615988
0.22610817389772908,0.10947912548510545,0.5512678028331364
0.22864812879771124,0.10856094139493475,0.5494267269195987
0.2351835676707558,0.10396989217723275,0.5499225947351445
0.28852262057038086,0.0846880262836479,0.5112600005508541
0.40536056527218217,0.04245155115797028,0.42657049453669565
0.43211595641833334,0.04613322584155841,0.4223867934433194
0.4016364976185476,0.0571514349236069,0.44447970440577106
0.3584572643188511,0.07276056445650893,0.47577799493591094
0.3420334028626832,0.09205137565082411,0.5028925983641016
0.2976700568093343,0.12144220485919205,0.5502590228497793
0.2697305529095307,0.13154222985106984,0.5705108578986934
0.25394861059618684,0.13613308591849915,0.5845668611579986
0.2457366895194142,0.1457784880267442,0.5981241558763803
0.2787561032191821,0.133842094854525,0.574190169000391
0.39559404792098346,0.09160561972884738,0.48950066298623257
0.34933262750523125,0.10721469185615028,0.5256495911994165
0.2787561032191821,0.133842094854525,0.574190169000391
0.25530445274251656,0.14899660150379435,0.5987939191999987
0.25530445274251656,0.14899660150379435,0.5987939191999987
0.2527644978425344,0.14991478559396507,0.6006349951135364
0.2547622398290656,0.14807835303019942,0.601803466978078
0.25530445274251656,0.14899660150379435,0.5987939191999987
0.2572523512656725,0.15496926725135657,0.6049869102642299
0.26309604683514026,0.1728872644940433,0.6235658834569238
0.2669918512830698,0.18483261868408118,0.635951889117491
0.27147970470620786,0.18988710034147271,0.6403038042681847
0.27147970470620786,0.18988710034147271,0.6403038042681847
0.26948196271967667,0.19172353290523836,0.6391353324036428
0.26948196271967667,0.19172353290523836,0.6391353324036428
0.26948196271967667,0.19172353290523836,0.6391353324036428
0.26948196271967667,0.19172353290523836,0.6391353324036428
0.27396981614281474,0.19677801456262994,0.6434872475543366
0.2778656131891266,0.2087233460577544,0.6558732296827992
0.2798135117122825,0.21469601180531667,0.6620662207470304
0.2836594652952191,0.23445044161176898,0.6794767220751824
0.2914510593878428,0.2583411046020179,0.7042486863321075
0.2972947549573106,0.27625910184470465,0.7228276595248012
0.30567840542676056,0.2932589149972207,0.7395655568039575
0.31152210099622835,0.31117691223990745,0.7581445299966513
0.31736579656569613,0.3290949094825942,0.7767235031893451
0.31931369508885205,0.33506757523015634,0.7829164942535763
0.3175873694217487,0.3479310264320274,0.8019941759871934
0.32380154851199017,0.34012205688754793,0.78726840940427
0.3580050749654105,0.31440396403986287,0.7472662885727428
0.41193618424186174,0.288231248308545,0.7005696274106834
0.41129428440166027,0.3029311964576058,0.7136282135881419
0.39876623929442684,0.3341673321692205,0.7531287851533681
0.4203918812978357,0.34749448032279223,0.7576517322154196
0.4197499814576342,0.36219442847185307,0.770710318392878
0.47839053631589873,0.359912304369535,0.7536362311879335
0.5342197006521306,0.34752135269710727,0.7181570802897951
0.5234678246753759,0.35808493889552306,0.7335554509217146
0.45158530170637234,0.36403972799727474,0.7628444514809994
0.4434232047903523,0.36587603877201696,0.7713772409911188
0.45866295349286784,0.36036692725316766,0.760330771518466
0.46860120023674384,0.3378580739430517,0.7276957950664669
0.4615733919136236,0.3337217763758308,0.725184955829311
0.442509888630723,0.3695489682829725,0.7641896735704183
0.5485461138923943,0.34568517766703855,0.6999230573878688
0.5239103506620763,0.37462138399177375,0.7405949415430144
0.4687951286319726,0.41457579939855743,0.8033597366606114
0.5102480362645657,0.4118301210675265,0.7911391278640887
0.5364113710338906,0.42240264558884755,0.7949894937484816
0.5492330314631034,0.4522660387100829,0.8211038253780207
0.552536772132589,0.47110222004294033,0.8415238744842521
0.5316250765559056,0.48533854260203896,0.8642865487703222
0.5264953232925661,0.49498400909370815,0.872993219797087
0.5309831767157042,0.5000384907510997,0.8773451349477808
0.507309953382986,0.49635688045093596,0.87667821234954
0.5469866918851005,0.5142837516331036,0.8885598044863239
0.5795359499405796,0.5436925672605332,0.9079796428495406
0.5787223207077008,0.531747300148833,0.8907430370294609
0.5574173080790522,0.5005022451079104,0.8579397994559351
0.5668133419094773,0.4770751433241995,0.8283143707820155
0.537097668879195,0.5078477178292761,0.8726684067642363
0.48114178838140614,0.6148743158006997,1.0120917808880836
0.46030213527064945,0.6713740502432152,1.0751986855710707
0.4684642128840468,0.6695377464462979,1.0666659100523783
0.4696483256376993,0.6557560467708321,1.0505977760968408
0.4606726187914231,0.645647083456049,1.0418939457954532
0.4294563841543177,0.5578934844165542,0.9478305609032333
0.405439702036245,0.5009214435948682,0.8865732543099165
0.405439702036245,0.5009214435948682,0.8865732543099165
0.4144154088825212,0.5110304069096513,0.895277084611304
0.4250675979325254,0.5160850173338912,0.8899277523787633
0.5186298275578014,0.36542256781219523,0.6773714602200536
0.4906903236579978,0.375522592804073,0.6976232952689676
0.39989382779621946,0.3938772788789827,0.7508434559702912
0.3212549128235235,0.4067227890516189,0.797867770890579
0.3080129254101618,0.41039546102887753,0.8100826982363465
0.3040672849004747,0.4062592278450809,0.8027212353075737
0.3080129254101618,0.41039546102887753,0.8100826982363465
0.31639657587961173,0.4273952741813935,0.8268205955155027
0.316446419342987,0.4195861758700656,0.8217960763158131
0.3144985208198311,0.4136135101225033,0.8156030852515819
0.3198000034758479,0.43061325889159524,0.837191606222355
0.33678887727080037,0.48344900214606046,0.8959380735785156
0.33895834865000884,0.5082577848430558,0.9274017374405954
0.33506255160369697,0.49631245334793145,0.915015755312133
0.4029273915970867,0.4439580191789662,0.838021061427158
0.46761039615291544,0.4072217102714076,0.7759260156417521
0.5129092573684451,0.4242304617468288,0.7811159081733816
0.5887374208471359,0.42241190582887383,0.7591883705428698
0.5913770626738685,0.40587552511604746,0.7472982562299529
0.49841111473550426,0.3994214215161367,0.76905473907777
0.45040056922731514,0.35668563887012483,0.7354107304621401
0.4165453079894944,0.3066042617137241,0.6967393759128703
0.4779245718758375,0.2510317714733081,0.614224281021233
0.5121280983292578,0.22531367862562296,0.574222160189706
0.4650530679832494,0.22897747666340054,0.5931344685913833
0.4625131130832673,0.22989566075357126,0.594975544504921
0.5288233568022309,0.21704989304723818,0.5673537243511011
0.5262834019022488,0.21796807713740887,0.5691948002646388
0.4938560445793071,0.22301362047189516,0.5850947201628592
0.4753125745099286,0.20968654368006195,0.5757211265378536
0.47205867730381823,0.1830412640358766,0.5502765582319327
0.4947465420109803,0.14813239196357916,0.5034116830125559
0.502416250174302,0.13756874138173916,0.4928639360722535
0.5043641486974579,0.14354140712930138,0.4990569271364847
0.35137477901908026,0.20552330935510182,0.617555562917939
0.2593443462428968,0.2454687864389803,0.691868362783063
0.26755626731966947,0.2358233843307352,0.6783110680646811
0.26701405028562125,0.23490512887882592,0.6813206387140976
0.286027690802524,0.20688704226083715,0.6473404541641068
0.26689216435631924,0.20045081530673697,0.6460009275168701
0.26045641241002526,0.18942366790178317,0.6354560213019452
0.25461270943893977,0.17150564796418305,0.6168770245771468
0.24822680095602107,0.1526694022479014,0.6013075991625323
0.24682111534631607,0.14761498497393405,0.5921050603202217
0.24995312662312444,0.1398059510460304,0.5822299174289151
0.2759945754631474,0.1159241619952625,0.5507605721160802
0.35024532393945584,0.08240597354257906,0.48933530364571975
0.3979622734282883,0.06404222037791561,0.45736439507515697
0.42077202406475234,0.0635876618777071,0.4458192310530078
0.3953724750649309,0.07276950277941417,0.4642299901883842
0.3541411209857677,0.09435130503770356,0.5017212857741823
0.3225273928957048,0.11134211548389004,0.5348578114924822
0.3022077536958476,0.11868758820525571,0.5495864188007834
0.28756008067278094,0.11730584290854702,0.5525988073042403
0.2602126331498036,0.12051501806269183,0.5648165753753854
0.2691883399960797,0.1306239813774749,0.5735204056767728
0.35300685169549056,0.10032390640184156,0.5127649005300307
0.4464429893840016,0.06543283961410538,0.4476546255157902
0.44136307958403737,0.0672692077944468,0.4513367773428655
0.39618610429780965,0.08471476989111446,0.48146659600846375
0.3244752914188607,0.11731478123145227,0.5410508025567135
0.26664838509609756,0.1315421654676456,0.5753614815903103
0.26043420600585615,0.13935113501212504,0.5900872481732339
0.2584863074827002,0.13337846926456282,0.5838942571090026
0.2584863074827002,0.13337846926456282,0.5838942571090026
0.26238210452901206,0.14532380075968732,0.5962802392374651
0.26627790157532394,0.15726913225481176,0.6086662213659276
0.26822580009847985,0.16324179800237404,0.614859212430159
0.2721215971447917,0.17518712949749846,0.6272451945586215
0.2740695030695653,0.18115981793997413,0.6334382091549574
0.27655961450617217,0.1880507321611313,0.6366216524411094
0.27655961450617217,0.1880507321611313,0.6366216524411094
0.27266381005824264,0.1761053779710934,0.6242356467805421
0.27266381005824264,0.1761053779710934,0.6242356467805421
0.2771018274196231,0.18896898063472625,0.63361210466303
0.28099762446593496,0.20091431212985075,0.6459980867914925
0.28489342151224684,0.21285964362497525,0.658384068919955
0.2907371170817146,0.23077764086766198,0.6769630421126489
0.2951751270414774,0.24364122083638132,0.6863394764630321
0.3010188226109452,0.261559218079068,0.7049184496557258
0.306862518180413,0.2794772153217548,0.7234974228484197
0.31660201079619266,0.309340544059566,0.754462378169576
0.3269335597887985,0.3323130229596442,0.7773932665129634
0.32774718902167727,0.34425829007134456,0.7946298723330428
0.3341829409679713,0.3552854374762983,0.8051747785479677
0.35250483818129724,0.34977639731869825,0.7892776993751249
0.36892868033484255,0.33048559310220815,0.7621631099383613
0.4031322067882629,0.304767500254523,0.7221609891068342
0.40562231822486977,0.3116584144756802,0.7253444323929862
0.38606646479451606,0.33875825262007403,0.7623341647210563
0.4324995994209202,0.3497944097096717,0.7564804196255002
0.420563610690513,0.37413969558355337,0.7879469242129575
0.4213772358027945,0.38608495571693924,0.805183552904374
0.44618472842578977,0.38379396465296517,0.7948068607467667
0.4760721501513719,0.3796665984308245,0.7807480027706569
0.46704660396231773,0.3773667404056837,0.777068668797622
0.4753083643818684,0.35991223300779646,0.7584868777508879
0.5063300402157024,0.3498122793776572,0.7333843961390195
0.5335057583460024,0.3199578889627512,0.6908714360703366
0.5309159599826451,0.32868517136424985,0.6977370311835637
0.524602093965653,0.35211233753138504,0.7225118361658662
0.5620595176251837,0.3530395243278853,0.7079542836402603
0.5278559911717634,0.3787576171755704,0.7479564044717872
0.4987323745183074,0.40263934184291406,0.7842763734762392
0.5147358896877038,0.41688460272491795,0.7954910430147824
0.5256594950571358,0.43296623178726323,0.8103878643804009
0.5156714048498845,0.4632841834087072,0.8480473600320894
0.5062753710194594,0.4867112851924182,0.877672788706009
0.5118974937328746,0.48579316548567164,0.8709810891008544
0.5068175839329104,0.4876295336660131,0.8746632409279296
0.5409712669229554,0.4697205391296558,0.8396856392960922
0.5192957855767686,0.4642024962657263,0.840187188562393
0.5300476615535233,0.4536389100673105,0.8247888179304738
0.5565814798436219,0.43848446780146555,0.795334444039249
0.5500958844339527,0.43526641870783955,0.7898140570240137
0.5368040535572157,0.4467481889964261,0.8070535035694707
0.574483050072799,0.4665114927423595,0.8177666238417131
0.5650371727789987,0.49774769283739834,0.8524165717153223
0.5331748619006994,0.5749198290326668,0.9541775954706764
0.5587683392957496,0.6424557135864655,1.0114307779294447
0.52629111920681,0.6553103622101046,1.0323552310187816
0.4958116604070243,0.6663285712921532,1.0544481419812333
0.477318033801021,0.645192396188992,1.0400500291565382
0.45566957719025325,0.5606569560163742,0.9466564546521459
0.433008722415275,0.5165483853901565,0.8996261590366199
0.4183610493922083,0.5151666400934478,0.9026385475400768
0.41971689153853803,0.528030155678743,0.9168656055820769
0.43426487763485416,0.5450300975981075,0.9239022554779991
0.5149057599041669,0.3801224515778318,0.6952806700891291
0.5301454893040597,0.37461334703680754,0.6842342146079032
0.45912641972868756,0.3847043119167568,0.7257353157790051
0.3606602350062101,0.41362264159568135,0.7895032094292042
0.32201869859302695,0.42647715447464707,0.8201288959103482
0.3500080459562058,0.40856803117144136,0.7948525416617445
0.3468760346793975,0.416377065099345,0.804727684553051
0.32732018124904383,0.44347690324373884,0.8417174168811212
0.316446419342987,0.4195861758700656,0.8217960763158131
0.3184441613295182,0.4177497433063,0.8229645481803549
0.3418687870707646,0.4816126339657191,0.8922559217514404
0.3595716031718453,0.5620118409545403,0.9782880333270598
0.36351724368153243,0.5661480741383369,0.9856494962558329
0.36470135643518486,0.5523663744628711,0.969581362300295
0.4212222640749936,0.5174663763300545,0.9160191060250086
0.46055554379175345,0.4821028169907002,0.8673103141667164
0.5253604342768842,0.47982082165523043,0.8405349795785384
0.5846428696727276,0.46283875638167665,0.8104023201875625
0.5223779533902017,0.4642025606491506,0.8353365648707762
0.44465171554910765,0.4522393594860406,0.8460466062287941
0.42734220169675685,0.4173214847074136,0.8155803594485611
0.4358027203650012,0.34749480223991336,0.7333986137573346
0.5022618940513085,0.29008594381915587,0.647201367038622
0.5454909708143802,0.26666771597492595,0.6108785573087926
0.516195624768247,0.2639042253815086,0.6169033343157065
0.4795019868782197,0.2827314040080364,0.6537220118610816
0.5246291187010721,0.2730949402226967,0.628616712395173
0.5488943984106165,0.2698857006851277,0.6212495680156449
0.5158749847108486,0.2818220938573469,0.6451835548916341
0.5057650085742953,0.27768573190670176,0.6475233393460953
0.4751138203818322,0.26205872572798916,0.6393210583110089
0.5130414144888872,0.22164074911466747,0.5814097276104063
0.5199473368827053,0.19132273310979933,0.5486008556503348
0.5199473368827053,0.19132273310979933,0.5486008556503348
0.4152171296066111,0.23585913064453126,0.6321190350831469
0.3327544407509074,0.2790227281832849,0.7071016122633164
0.30091913980479196,0.27717742168003817,0.7149674651837677
0.3289084830473735,0.2592682913985182,0.6896911338065014
0.40574904918966204,0.217022813566511,0.6214002562314868
0.3586739995410311,0.22068661858211364,0.640312578624591
0.28679147657202747,0.2266414076838653,0.669601579183876
0.28148999391601065,0.20964165891477352,0.6480130582131027
0.27197207415628355,0.19861444712639553,0.6423187756897948
0.27093749179275695,0.18896885186787776,0.643313352046264
0.3019591635059936,0.17886889125942423,0.618210893305733
0.34632250215772487,0.1494780393561429,0.5708444452879505
0.3709582846906655,0.1205418260535826,0.5301725471413781
0.4045697547672596,0.10171458304363047,0.49820449328761984
0.41472957436718816,0.09804184668294764,0.49084018963346926
0.3529570082321153,0.10813300471316942,0.51778941972972
0.29399583261907497,0.12833299031350076,0.5631437135191651
0.32193533651887857,0.11823296532162297,0.5428918784702511
0.3453869869955441,0.10307845867235368,0.5182881282706435
0.3154995845725846,0.10720581791666924,0.5323469722553262
0.3027998100726738,0.11179673836752278,0.5415523518230144
0.3287914154493215,0.09572404762808272,0.5151075257098692
0.39618610429780965,0.08471476989111446,0.48146659600846375
0.4323375292743859,0.06496934279099162,0.4476574662411678
0.43487748417436806,0.06405115870082091,0.44581639032763015
0.40326375608430515,0.08104196914700741,0.4789529160459301
0.34738472898207534,0.10124202610858805,0.5194566001351851
0.29971764225924075,0.11179667398409857,0.5464029755146315
0.2616183187595086,0.12556943533665918,0.574019114217696
0.2577225217131967,0.11362410384153468,0.5616331320892335
0.256366679566867,0.10076058825623947,0.5474060740472333
0.2596704202363526,0.1195967695890969,0.5678261231534647
0.26859628361925353,0.13751483121520783,0.5815544726545415
0.26945975631550756,0.14165100001558023,0.5937665592749315
0.27530345188497535,0.15956899725826695,0.6123455324676254
0.27974146184473814,0.17243257722698632,0.6217219668180085
0.2861772211926498,0.18345974732685352,0.6322668965650382
0.2861772211926498,0.18345974732685352,0.6322668965650382
0.2847715355829448,0.17840533005288625,0.6230643577227276
0.28282362965817126,0.17243264161041058,0.6168713431263916
0.2841794792061186,0.18529617989061917,0.6310984247004964
0.28807527625243046,0.19724151138574367,0.6434844068289589
0.29391897182189825,0.2151595086284304,0.6620633800216528
0.2964090832585051,0.22205042284958756,0.6652468233078046
0.300304880304817,0.23399575434471206,0.6776328054362671
0.3022527788279729,0.2399684200922743,0.6838257965004984
0.31117864221087377,0.2578864817183852,0.6975541460015753
0.3183781799266713,0.28866799454636716,0.7303601772362692
0.32811767254245094,0.3185313232841784,0.7613251325574255
0.33341915519846776,0.3355310720532702,0.7829136535281986
0.34239486204474395,0.3456400353680532,0.791617483829586
0.3621224448677749,0.34518541248442053,0.7849229434990537
0.37228226446770346,0.3415126761237377,0.7775586398449031
0.39686818423464615,0.32038556811033037,0.7419112748894473
0.40389599255776637,0.32452186567755115,0.7444221141266033
0.3589405901275912,0.360803544723652,0.7998226055900499
0.39775385593345164,0.3745942471054475,0.7994921111064439
0.4016496529797635,0.38653957860057203,0.8118780932349065
0.395977686802973,0.39526679661864633,0.8235943120397504
0.39992332731266017,0.3994030298024429,0.8309557749685235
0.47298998233793876,0.3796665340474003,0.785598626462274
0.5136292607376531,0.364975588604669,0.7561414118456716
0.5534549099044888,0.3383393760502374,0.7094475914089898
0.5464271015813684,0.3342030784830166,0.7069367521718339
0.5481534313690691,0.32133963425945994,0.6878590475668797
0.5449715766288855,0.3369577664986916,0.7027587096578756
0.5514073285751795,0.3479849139036453,0.7133036158728006
0.5583852934349245,0.3599303097821939,0.7208389743096462
0.5222338684583482,0.3796757368823168,0.7546481040769419
0.46889481555872314,0.39895760277590164,0.7933106982612323
0.48235837582813734,0.4141210477480763,0.8063664437133133
0.5313314612339264,0.42423901376918893,0.7986716455755568
0.5097778658170414,0.45317528447734834,0.8344929060390852
0.4730343651610164,0.4798115683930292,0.8763361167755769
0.4806542298609628,0.47705701612251705,0.870812889034964
0.5060537981634069,0.4678751682429849,0.8524021159081606
0.519074212720716,0.44536637931629314,0.8149165157645448
0.5196662690975422,0.43847552947856017,0.8068824487867758
0.5115041914841448,0.4403118332754773,0.815415224305468
0.5132803606146235,0.41963928376227844,0.7913130233721613
0.5016650119416146,0.42606670116032186,0.7944993073836909
0.5004310557245869,0.4476574991471156,0.8155919605389182
0.5401077942267014,0.4655843703292835,0.8274735526757021
0.5358415136596159,0.4793660056213252,0.848392310322857
0.5251616949520231,0.5321930490929846,0.904134958415903
0.5693983293432024,0.5974378138159607,0.9607126961002979
0.5224451656238734,0.6355559324036524,1.0149447296906298
0.4849378985009674,0.64243784391848,1.0345268014159252
0.47325050736203184,0.6066018494331066,0.9973688550305378
0.45626161876384413,0.5537660607888145,0.9386223406101676
0.4406285871152214,0.5137938331196443,0.8941029312960069
0.43046876751529284,0.5174665694803272,0.9014672349501576
0.43685467599821154,0.5363028151966089,0.9170366603647719
0.44832049428109455,0.5533026927325491,0.9289239339523112
0.47875433492759056,0.3998678786779547,0.7290897998564249
0.5207992989370099,0.39023135050919067,0.7088351240821333
0.48842178507744355,0.3874677955323491,0.7197105247806642
0.42048488331550443,0.3975588247957224,0.756361002260149
0.3900054245157187,0.4085770338777709,0.7784539132226007
0.4783616524042655,0.37552233527037615,0.7170257900354357
0.4994949208370014,0.38012212966071074,0.7195337885472141
0.46778148651756535,0.41273114370737807,0.76271936665632
0.409240637888674,0.3993950642092154,0.7697444014704583
0.342067541198861,0.4292404519177917,0.8286559899782852
0.3644797835791323,0.5335302575134379,0.9443106895024466
0.38395878361392694,0.5932569603788871,1.0062406472089687
0.3789287172773379,0.5872842302479006,1.0048982798363544
0.3884964805004403,0.5905023437249507,1.0055680431599727
0.4356711977731992,0.5712203490645174,0.9766066963589163
0.48824645010008544,0.5321840723580775,0.9156829300906474
0.5441254772023153,0.5119840153964968,0.8751792460013923
0.5455311628120203,0.5170384326704642,0.8843817848437028
0.45397088118073836,0.5156387533223459,0.9153408205252574
0.4272653334979625,0.5041479803274298,0.914500002418944
0.43589758155888403,0.4609665131206907,0.8626134487252554
0.4629514330625048,0.3966578021558707,0.7847807634679177
0.5160689131060773,0.3585398193128526,0.7208474964857788
0.554810136446011,0.3300671098112312,0.6801727716052559
0.5432944746997527,0.3208763305866188,0.6733100172174062
0.4976251299634493,0.32959454589836373,0.7014248644613941
0.5325924421863731,0.32363081847370667,0.683683868649636
0.5613455753190555,0.3254760605935293,0.6806686394208016
0.5124943758425685,0.3498124081445057,0.7236831487557858
0.5130864322193948,0.34292155830677273,0.7156490817780168
0.47994513259032484,0.32040363790690285,0.7042633574567785
0.5210047379741881,0.27217662736567755,0.6364768838648694
0.5329905701679706,0.24002224318046791,0.5999858600777226
0.5062351790218195,0.23634056849687984,0.6041695611710989
0.47970135661112356,0.25149500378441064,0.6336239579336607
0.4613296159344223,0.26481314225333846,0.654545556306193
0.3628634119093222,0.2937314789100883,0.718313463947819
0.4015547917858806,0.27306786771979463,0.6826632582669856
0.45748366235148574,0.24505871244688615,0.6371350549780409
0.4104086127028548,0.24872251746248875,0.6560473773711454
0.3060987324109095,0.2597228498987266,0.7012362978286505
0.29912076755116457,0.24777745402017798,0.693700939391805
0.31225514779848174,0.2831339491342439,0.6132896260693939
0.32051691233862967,0.26567944871467086,0.5947078121513225
0.35001955247755806,0.21379557559410803,0.646830382721673
0.38222533694444716,0.18991391531018856,0.6056597900256043
0.3980571420237889,0.1775139539536063,0.5865792535751826
0.43480062337719133,0.1508776770157505,0.5447360568301178
0.3984774690079378,0.14397788885511226,0.5482499945998757
0.30373532523485464,0.15819631905131198,0.5941086688403215
0.2865476973118058,0.157732757844774,0.5989621332573161
0.34496666001139514,0.13661452377084773,0.5566173872459503
0.3576664345113059,0.1320236033199942,0.5474120076782621
0.3195671110115737,0.1457963646725548,0.5750281463813268
0.32642318994201663,0.12328744697901454,0.5472437936209448
0.3549547502186465,0.10629657214940379,0.5189578915942619
0.3860262846978811,0.0883875062517973,0.4888308996626143
0.40834366588426946,0.079205600966666,0.4752707642188548
0.4095277786379219,0.06542390129120008,0.459202630263317
0.37591630856132774,0.08425114430115227,0.49117068411707526
0.33781696575897296,0.09802391263153795,0.5187868368115669
0.3366826964686958,0.10399651399567593,0.5298304515674152
0.2895578226593122,0.11546941034478139,0.553767279168782
0.28312207071301815,0.1044422629398276,0.5432223729538571
0.2690664540667777,0.09616966780538592,0.5382006944795451
0.26788234131312527,0.10995136748085184,0.554268828435083
0.27232035127288806,0.12281494744957126,0.5636452627854661
0.27707962101545397,0.13889644774506812,0.5882433315343186
0.28292331658492176,0.15681444498775485,0.6068223047270125
0.28681911363123364,0.16875977648287932,0.619208286855475
0.2873613265446846,0.16967802495647422,0.6161987390773956
0.28930923246945817,0.1756507133989499,0.6223917536737316
0.28985144538290913,0.17656896187254484,0.6193822058956523
0.28985144538290913,0.17656896187254484,0.6193822058956523
0.29374724242922096,0.18851429336766934,0.6317681880241148
0.29764303947553283,0.20045962486279378,0.6441541701525774
0.3015388365218447,0.21240495635791828,0.6565401522810399
0.30402894795845153,0.21929587057907546,0.6597235955671917
0.3059768464816075,0.22526853632663774,0.6659165866314231
0.3059768464816075,0.22526853632663774,0.6659165866314231
0.3118205420510753,0.24318653356932446,0.6844955598241168
0.32015434905714996,0.2679954450331683,0.7062579763029625
0.32735388677294747,0.2987769578611502,0.7390640075376566
0.33514548086557117,0.3226676208513992,0.7638359717945816
0.3435291313350211,0.33966743400391525,0.7805738690737377
0.3539603672543775,0.3470217162813377,0.793455719017746
0.3615303884909487,0.35207626232215355,0.7929570104768227
0.37282447738115443,0.3424309245973326,0.7745490920668239
0.3792602293274484,0.35345807200228635,0.7850939982817488
0.34818871415083646,0.3713671309220678,0.8152209762219694
0.3571644209971126,0.38147609423685086,0.8239248065233566
0.3585202631434423,0.3943396098221461,0.8381518645653567
0.36922229565682185,0.39158512193505823,0.8277780131331268
0.43412685376608046,0.37368493695475785,0.7909536541369965
0.540212922491127,0.34201204802749596,0.7216625187547574
0.5478327871910734,0.33925749575698383,0.7161392910141444
0.5427528773911091,0.34109386393732527,0.7198214428412197
0.5362672819814399,0.33787581484369944,0.7143010558259845
0.5241595638583554,0.33557588545682,0.7154723684159038
0.5393494539154703,0.337875886205438,0.7094504092630303
0.5254655666619071,0.3562485063317574,0.7347239227862563
0.5095839374218127,0.37645755902184247,0.7588289644449405
0.4861322869451472,0.39161206567111184,0.7834327146445482
0.4144214740661983,0.4242120770114497,0.8430169211927981
0.43042498923559463,0.4384573378934536,0.8542315907313413
0.47296232269508964,0.4375481565096123,0.83599188637866
0.4353553686454331,0.4600482646470958,0.8656229965033347
0.42714344756866046,0.4696936667553408,0.8791802912217165
0.44356728972220577,0.4504028625388507,0.8520657017849529
0.4746388242014404,0.43249379664124415,0.8219387098533052
0.4590778157161217,0.4347849878333161,0.8177635449274888
0.4666976804160682,0.43203043556280396,0.812240317186876
0.488423024528253,0.42973937313758054,0.8067142347294585
0.4808031598283065,0.4324939254080926,0.8122374624700714
0.4387083330528893,0.44993955886600956,0.8375166714354796
0.4222346474359687,0.4770394613938275,0.8696557800719327
0.4503957241918249,0.485775553351383,0.8746746178208671
0.4613691730246322,0.49404808410240053,0.8845469199867959
0.45505530700764024,0.5174752502695357,0.9093217249690987
0.47182262274977543,0.5514749219643945,0.9427975665916204
0.45529909366947957,0.5863839228035405,0.9799611944277633
0.45021918386951526,0.5882202909838818,0.9836433462548385
0.4506394960504289,0.554684180495561,0.9453140402153222
0.4383102050712918,0.5335481341592483,0.921214680007393
0.44257648563837737,0.5197664988672066,0.900295922360238
0.44511644053835947,0.518848314777036,0.8984548464467005
0.4540423039212604,0.536766376403147,0.9121831959477774
0.46945377751706585,0.5579025325127106,0.9314319795282989
0.4521706538714941,0.4228314262329527,0.7635687069387661
0.49988760336032656,0.4044676730682893,0.7315977983682033
0.5024774017236839,0.39574039066679073,0.7247322032549762
0.4669678765873092,0.40078586961785273,0.7454827468448135
0.44275242103851753,0.3961860178219189,0.7478253860160792
0.48852147200419405,0.3718495989096933,0.709661486381285
0.5604538384365729,0.3580857114966138,0.6753479666223107
0.5821293197827598,0.36360375436054326,0.6748464173560098
0.5141924373234433,0.3736947766460915,0.7114968808440676
0.3887720880240957,0.4513036206671803,0.8430484213522251
0.37421927619491197,0.563393586251249,0.975275644823603
0.38731236774678784,0.6042840434004166,1.0216361771155107
0.3935763903004046,0.5886659755446093,1.0018858913328974
0.42989954466965813,0.5955657637052475,0.9983719535631397
0.4598367905559929,0.5836293061496041,0.9792885903787674
0.5118698640752862,0.5436748193815711,0.92137440496136
0.5119197075386615,0.5358657210702432,0.9163498857616705
0.48279607158258275,0.5597474527154119,0.9526698687575494
0.44144283607350493,0.5468748890339604,0.9548413920904837
0.44462469081368855,0.5312567567947288,0.9399417299994874
0.4673125555208506,0.49634788472243135,0.8930768547801108
0.4785346212477522,0.4444391281363687,0.8343246919817678
0.5107902491780166,0.4127483695411214,0.7881295800860093
0.5500736854314012,0.3851939085130948,0.744445307427407
0.5436379334851072,0.37416676110814107,0.733900401212482
0.516882542338956,0.37048508642455297,0.7380841023058583
0.5290401039254159,0.36497591750010455,0.7318882705162495
0.5436877769484825,0.3663576627968132,0.7288758820127926
0.5089420375816113,0.39115750717090336,0.7718875506223991
0.4923464660353887,0.3838030961266323,0.7687069480616249
0.47952480560617594,0.35393970300539696,0.7425926164320854
0.5326921291131237,0.308012621851051,0.673634830250257
0.538192365897237,0.27264018857221556,0.6316234194478748
0.4968391451913944,0.25976767028059083,0.6337949898450185
0.4994289394341545,0.25104038090077785,0.6269294176031285
0.4683574242575425,0.26894943982055936,0.657056395543349
0.3921587579554555,0.2964949695035056,0.7122886869409052
0.43085015713463654,0.27583135133538694,0.6766384672686447
0.4359799103979761,0.2661858848437177,0.6679317962418799
0.357241289195907,0.2946495986168347,0.7250051635529737
0.3141118993595858,0.30244962983840884,0.751278934883424
0.31882071003396895,0.3052044466209322,0.7373996449862318
0.35532008696275325,0.3722365242990951,0.5225532694423876
0.36729861452204926,0.3846288924068557,0.45131869912495226
0.35930191395826155,0.31621597079992325,0.6012687314896156
0.3955898300125155,0.2418313457076347,0.6722664288514613
0.4314698579722866,0.21105889299158137,0.6182111314945795
0.4586455761025867,0.18120450257667545,0.5756981714258965
0.3949251307469805,0.18532298788150994,0.5964543964664891
0.2956951409523769,0.19448695911523156,0.637961179088346
0.30190932004261833,0.18667798957075216,0.6232354125054226
0.32173658979239983,0.1706051700644636,0.6064918337755112
0.3369264757289175,0.1729051638347673,0.600469897493975
0.32676665612898886,0.17657790019545014,0.6078342011481255
0.34767835170567224,0.1623415776363515,0.5850715268620554
0.3691820962575642,0.14121438254460653,0.5542747620661118
0.38447168842345497,0.12789617271442935,0.5382037733937693
0.3424765485747883,0.12972360954969053,0.5534339439597984
0.3518725824052134,0.10629650776597957,0.5238085152858788
0.3467926726052491,0.10813287594632098,0.5274906671129541
0.3137732589054812,0.12006926911854018,0.5514246539889435
0.3189030121688208,0.11042380262687088,0.5427179829621785
0.30307122639210166,0.12282375700562806,0.5617985054211734
0.30674545058236097,0.11593297155131937,0.5489138147517874
0.2895578226593122,0.11546941034478139,0.553767279168782
0.28524169862885135,0.13706014394815094,0.5797105560156264
0.29108539419831914,0.15497814119083766,0.5982895292083202
0.2944389783311801,0.1660052242123672,0.6136850591148622
0.2983347827791096,0.17795057840240508,0.6260710647754294
0.2983347827791096,0.17795057840240508,0.6260710647754294
0.29887699569256054,0.17886882687599998,0.62306151699735
0.29692909716940463,0.17289616112843775,0.6168685259331187
0.29747131008285554,0.1738144096020327,0.6138589781550394
0.29941920860601146,0.17978707534959493,0.6200519692192706
0.30331500565232333,0.19173240684471943,0.6324379513477332
0.30526290417547924,0.19770507259228165,0.6386309424119645
0.3091587012217911,0.20965040408740615,0.651016924540427
0.3091587012217911,0.20965040408740615,0.651016924540427
0.311648812658398,0.21654131830856332,0.6542003678265789
0.3097009141352421,0.2105686525610011,0.6480073767623477
0.3135967111815539,0.2225139840561256,0.6603933588908102
0.3194404067510217,0.24043198129881233,0.6789723320835039
0.32523425885711427,0.26615907685282686,0.7025758244758872
0.3324337965729117,0.29694058968080883,0.7353818557105812
0.34222313265206666,0.3189948201072922,0.7613222918320479
0.3492010975118116,0.33094021598584084,0.7688576502688936
0.35450258016782843,0.34793996475493266,0.7904461712396667
0.35196262526784633,0.34885814884510336,0.7922872471532042
0.3614805450275734,0.3598853606334813,0.7979815296765123
0.3513207254276448,0.36355809699416414,0.8053458333306628
0.3532686239508007,0.3695307627417264,0.8115388243948941
0.35267656757397453,0.3764216125794594,0.819572891372663
0.3520845111971483,0.38331246241719225,0.827606958350432
0.43590302289655913,0.35301238744155894,0.7668514532036899
0.49118999362196275,0.3397031803177113,0.7343818360922035
0.5044818244986997,0.32822141002912475,0.7171423895467466
0.5134575313449758,0.33833037334390786,0.7258462198481337
0.515997486244958,0.33741218925373717,0.724005143934596
0.5120518457352708,0.33327595606994054,0.7166436810058231
0.5303737470691942,0.3277669228906549,0.700746578961643
0.5007079133816899,0.35073039210608936,0.7400761186155115
0.4385150243830653,0.3943576222131196,0.8053545848157319
0.4308453162197436,0.4049212727949595,0.8159023317560343
0.40934156426623397,0.4260484451917911,0.8466990730198733
0.39232566573586247,0.4522300992460142,0.8818477294344059
0.39173360935903623,0.45912094908374707,0.8898817964121749
0.3750383508860631,0.46738473466213193,0.8967502322507795
0.3807103170628536,0.45865751664405763,0.8850340134459354
0.3945942043164168,0.4402848965177381,0.8597604999227094
0.4110180464699621,0.420994092301248,0.8326459104859457
0.3898349345738509,0.4242033962222412,0.8351624311738569
0.3948650009104399,0.4301761263532278,0.8365047985464712
0.4190804371566089,0.43477598512698656,0.8341621733666326
0.41535636950297433,0.44947586889262325,0.8520713832357081
0.3923970884763845,0.4733577223268153,0.8786901048569258
0.41320909712631726,0.4747395963903725,0.8659764689702351
0.43434236555905326,0.479339390780707,0.8684844674820135
0.4300760849919677,0.49312102607274866,0.8894032251291681
0.4294840286151415,0.5000118759104816,0.8974372921069371
0.44353964526138195,0.5082844710449232,0.902458970581249
0.4505176101211269,0.520229866923472,0.9099943290180946
0.4473855988443185,0.5280389008513756,0.9198694719094013
0.44851986813459566,0.5220662994872377,0.9088258571535529
0.44090000343464925,0.5248208517577498,0.9143490848941658
0.4501963503383238,0.5170119465966945,0.8947726946196252
0.46619986550772013,0.5312572074786984,0.9059873641581686
0.4776656837906032,0.5482570850146388,0.9178746377457077
0.4905372024864265,0.5703114252143731,0.9389644972397668
0.47194809946052296,0.4145676980601671,0.7518496334171173
0.49875333407004935,0.41044027443242737,0.7426414131240516
0.5058309858565448,0.4067674736883203,0.7401277331615181
0.49448705350296385,0.42422190972446894,0.7635601707712064
0.4671894301407391,0.41962199354511104,0.7707534336340891
0.4607536781944451,0.4085948461401572,0.7602085274191641
0.50965474043693,0.3764493933000279,0.7121694848930635
0.5731536129364837,0.35349479104576026,0.6661425870546225
0.5389999299464386,0.3714037855821174,0.7011201886864601
0.4327151070932957,0.45544885655730644,0.8340112558418543
0.3824810407350599,0.545939085831676,0.9566938309055315
0.39670840157721293,0.5808569416167056,0.992010748441591
0.4534010386096989,0.5726021587446501,0.9687436841638424
0.47951452991564864,0.5909837815772992,0.9776185692479246
0.484052226802162,0.5882291649233629,0.9769459651989287
0.4921422619496326,0.5441294492430289,0.9280689592833192
0.47009629708267203,0.5643383731662655,0.9618752483252376
0.4480503322157115,0.5845472970895021,0.9956815373671558
0.4441545351693996,0.5726019655943776,0.9832955552386934
0.46117041889653587,0.5464202661503278,0.9481468517599513
0.4736984640037693,0.5151841304387131,0.9086462801947252
0.4786564878744316,0.4788934486862827,0.8696444171704223
0.5097778658170414,0.45317528447734834,0.8344929060390852
0.5433893358936356,0.4343480414673962,0.802524852185327
0.5471632470106454,0.41183905939043175,0.7795911231165621
0.5438096628777845,0.4008119763689022,0.7641955932100201
0.5317019447547,0.39851204698202275,0.7653669057999395
0.513922260454825,0.4049393356132177,0.778254437194703
0.5051681264646014,0.4136664892478679,0.794821279691164
0.5013221728816648,0.39391205944141544,0.777410778363012
0.5068224096657781,0.35853962616258,0.7353993675606297
0.5105963207827878,0.3360306440856155,0.7124656384918648
0.5022126703133379,0.3190308309330995,0.6957277412127088
0.5091185927071562,0.28871281492823125,0.6629188692526372
0.500192725203658,0.270794746323806,0.6491905426228975
0.4406394932137915,0.2978855817618703,0.7025789033901115
0.42848191232470906,0.30339475766414387,0.7087747491711474
0.45388148062715317,0.29421290978461173,0.690363976044344
0.39297238718833427,0.3084402366152058,0.7295252927609848
0.3269335597887985,0.3323130229596442,0.7773932665129634
0.33341915519846776,0.3355310720532702,0.7829136535281986
0.34278692896326163,0.34884979695133045,0.760179615804841
0.383774159315184,0.4209363562868848,0.5496851554116905
0.3899594544937922,0.4287374176432465,0.49834894767626886
0.3976291626571139,0.4181737670614065,0.4878012007359664
0.4091673559719378,0.31486007472056704,0.6423964611247469
0.4313209473075655,0.25562197672818077,0.6767865440680454
0.4240217226650174,0.2404586605228546,0.6540295512327305
0.35840320294700795,0.23079538874662403,0.6635682800008292
0.3169502953144148,0.2335410670776551,0.675788888797352
0.3150023967912589,0.22756840133009287,0.6695958977331208
0.31251228535465203,0.2206774871089357,0.6664124544469688
0.31759219515461634,0.21884111892859429,0.6627303026198935
0.33278208109113394,0.2211411126988979,0.6567083663383573
0.35682578794462566,0.19909575621189565,0.6240705491609807
0.36622182177505075,0.17566865442818466,0.5944451204870611
0.3567039020153237,0.1646414426398067,0.5887508379637532
0.3090368152924891,0.17519609051531715,0.6156972133431994
0.31157677019247126,0.17427790642514643,0.6138561374296617
0.3223286461692261,0.1637143202267307,0.5984577667977422
0.3071387528310908,0.16141430376151364,0.6044796795471739
0.3020588430311265,0.16325067194185508,0.6081618313742492
0.3084946023790382,0.17427784204172225,0.6187067611212788
0.31103455727902035,0.17335965795155153,0.6168656852077411
0.3109847138156451,0.18116875626287943,0.6218902044074306
0.3142884544851307,0.20000493759573687,0.6423102535136621
0.31818425153144253,0.21195026909086132,0.6546962356421246
0.3176420386179916,0.21103202061726642,0.657705783420204
0.3156941400948357,0.2050593548697042,0.6515127923559727
0.31374624157167974,0.19908668912214197,0.6453198012917415
0.314338297948506,0.19219583928440898,0.6372857343139725
0.3109847138156451,0.18116875626287943,0.6218902044074306
0.3070889167693332,0.16922342476775493,0.609504222278968
0.3070889167693332,0.16922342476775493,0.609504222278968
0.3109348703522698,0.18897785457420732,0.6269147236071202
0.3109348703522698,0.18897785457420732,0.6269147236071202
0.3148306673985816,0.20092318606933182,0.6393007057355827
0.3167785659217376,0.20689585181689404,0.645493696799814
0.3167785659217376,0.20689585181689404,0.645493696799814
0.3148306673985816,0.20092318606933182,0.6393007057355827
0.3173207788351885,0.207814100290489,0.6424841490217347
0.3231644744046563,0.22573209753317572,0.6610631222144284
0.3289583265107488,0.2514591930871903,0.6846666146068118
0.3362077076899216,0.2744316076038444,0.7124481266418162
0.34291487595564346,0.2964857736469035,0.7432391864549
0.3451341907982272,0.31348545803257105,0.7696783311172901
0.3511988394983428,0.32910378342207525,0.7700261221334352
0.3570425350678106,0.34702178066476197,0.788605095326129
0.35953264650441746,0.35391269488591914,0.791788538612281
0.35953264650441746,0.35391269488591914,0.791788538612281
0.3628862306372784,0.3649397779074487,0.8071840685188229
0.3622941742604522,0.37183062774518166,0.8152181354965917
0.3603462757372962,0.3658579619976194,0.8090251444323605
0.4142275415503722,0.34749434457762945,0.7673530024699907
0.4568147377758651,0.33877605790463533,0.7440887649261927
0.4872941965756509,0.32775784882258685,0.7219958539637411
0.4963197468853023,0.330057713826042,0.7256751650654387
0.4816222303988604,0.3364850668406611,0.7337120727685853
0.48275649968913753,0.3305124654765232,0.7226684580127369
0.48275649968913753,0.3305124654765232,0.7226684580127369
0.4866522967354494,0.34245779697164763,0.7350544401411995
0.41489164451372246,0.3828669136016278,0.7996631430178016
0.3933878925602129,0.40399408599845926,0.8304598842816406
0.39728368960652477,0.41593941749358376,0.8428458664101031
0.3757300941896399,0.44487568820174317,0.8786671268736315
0.3757300941896399,0.44487568820174317,0.8786671268736315
0.37314029582628244,0.4536029706032418,0.8855327219868588
0.37119239730312653,0.4476303048556795,0.8793397309226275
0.3791827455238466,0.41914878579800136,0.8405117634063973
0.3713911514312229,0.3952581228077523,0.8157397991494723
0.38095891465432524,0.39847623628480244,0.8164095624730905
0.35918374638138784,0.4085763900435287,0.8269601501387706
0.37772721645076635,0.42190346683536184,0.8363337437637761
0.38492675416656386,0.45268497966334376,0.8691397749984702
0.4051467064396705,0.46095770356463384,0.8644602060895482
0.47794194514552124,0.4301941891714859,0.7988569039851396
0.5295048289146677,0.43158487279109986,0.7842965107341561
0.5170764707341848,0.4472028118800588,0.8137480439000031
0.5379383228474929,0.44077558763228797,0.7960098888136226
0.5480981424474215,0.43710285127160514,0.788645585159472
0.5533497816400631,0.4619116983520249,0.8152586253299345
0.5375179958633439,0.474311652730782,0.8343391477889294
0.5208227373903708,0.4825754383091668,0.8412075836275342
0.49855519966735773,0.4839482452829703,0.8497431998716041
0.49342542710139553,0.4935937187524646,0.8584498848897959
0.5043490517734502,0.5096753408369848,0.8733466922639874
0.5152228136795071,0.533566068210658,0.8932680328292955
0.5255543774753483,0.5565385925005631,0.9161989682368923
0.4826999754372777,0.4040041118617513,0.7364512627851979
0.5057811423931696,0.41457657199964815,0.7451522523612075
0.5130305235723424,0.43754898651630214,0.772933764396212
0.5010945348419351,0.4618942723901838,0.8044002689836693
0.49411656998219017,0.4499488765116352,0.7968649105468237
0.46033335121029617,0.4421309112386513,0.798537786394471
0.4889646177162992,0.4095218328085597,0.7602028319769819
0.5655835916999125,0.34844024500494436,0.6666412955955459
0.5122445388002874,0.36772211089852924,0.7053038897798363
0.4415190845468946,0.43891260461132847,0.8124198941457037
0.3791773000655742,0.5271029044988187,0.9362737817993001
0.4082739067868465,0.58223862252999,0.9938489836297509
0.45298071162555,0.6061382238431443,1.0070729431391494
0.4658023720547627,0.6360016169643797,1.0331872747686888
0.470760395925425,0.5997109352119494,0.9941854117443859
0.4724645077867416,0.5367749284255069,0.9297389333499526
0.45041855772301637,0.5569838977385704,0.9635452694560802
0.4396666817462616,0.5675474839369862,0.9789436400879997
0.447286546446208,0.564792931666474,0.9734204123473869
0.46166280314984687,0.5551476583250773,0.9501618702457709
0.4730565641635678,0.529884078587774,0.9217048663721836
0.48948040631711315,0.5105932743712838,0.8945902769354199
0.5074096403097366,0.48073868382828006,0.8666291739501609
0.5257813809864378,0.46742054535935224,0.8457075755776284
0.5428471229801847,0.4334297929938013,0.8055343999634064
0.5521933133472344,0.4178117895214182,0.7809334904891764
0.5462997743143914,0.40770289059005926,0.767379036496172
0.5082502942780345,0.41366655363129207,0.789970655999547
0.5057103393780523,0.4145847377214628,0.7918117319130846
0.5165619022815576,0.38840295490039123,0.7663643228817861
0.5138502179888983,0.3626759237298008,0.7379102067977857
0.4775270636196447,0.3557761355691626,0.7414241445675437
0.47303921019650663,0.35072165391177107,0.73707222941685
0.48702278437682034,0.31673083716279576,0.701749677494245
0.47247479415990695,0.29973088826511696,0.69471305046966
0.44453529026010336,0.30983091325699474,0.7149648855185741
0.4476174580735364,0.309830977640419,0.710114261826957
0.43745763847360786,0.31350371400110183,0.7174785654811077
0.36892868033484255,0.33048559310220815,0.7621631099383613
0.3480169847581592,0.3447219156613067,0.7849257842244314
0.353318467414176,0.36172166443039855,0.8065143051952044
0.36177292501934055,0.37871331883941434,0.7765927000511463
0.40113351663091007,0.448045132754184,0.5751268829922338
0.39918561810775416,0.4420724670066217,0.5689338919280026
0.40968765704222787,0.4494185835622296,0.5351562623201338
0.4294933475148626,0.4044090426638121,0.516545788968013
0.4194563661356549,0.301094899639003,0.7050954151981125
0.4046874227880937,0.2863946225945067,0.7162899703500761
0.35793303249948377,0.27214055215644595,0.7069220581758257
0.33625755115329686,0.26662250929251646,0.7074236074421266
0.33430965263014095,0.2606498435449542,0.7012306163778954
0.3357153382398459,0.2657042608189215,0.710433155220206
0.3388473495166543,0.25789522689101785,0.7005580123288994
0.34760148350687786,0.24916807325636772,0.6839911698324382
0.3481935398837041,0.24227722341863475,0.6759571028546694
0.34883543972390557,0.22757727526957394,0.6628985166772109
0.3347798230776652,0.21930468013513227,0.6578768382028989
0.32462000347773656,0.2229774164958151,0.6652411418570494
0.32267210495458065,0.21700475074825287,0.6590481507928182
0.32462000347773656,0.2229774164958151,0.6652411418570494
0.32526190331793803,0.20827746834675429,0.6521825556795912
0.32272194841795593,0.20919565243692498,0.6540236315931287
0.3291577003642499,0.22022279984187879,0.6645685378080536
0.3330534974105618,0.2321681313370033,0.6769545199365161
0.3369492944568736,0.24411346283212773,0.6893405020649787
0.3388473495166543,0.25789522689101785,0.7005580123288994
0.3458751578397745,0.2620315244582387,0.7030688515660555
0.34533294492632355,0.2611132759846438,0.7060783993441349
0.346517057679976,0.24733157630917788,0.690010265388597
0.3375911942970751,0.22941351468306692,0.6762819158875202
0.3311055988874058,0.226195465589441,0.6707615288722849
0.3238562177082331,0.20322305107278696,0.6429800168372805
0.3186045785155915,0.1784142039923673,0.6163669766668177
0.3147087814692796,0.1664688724972428,0.6039809945383552
0.31606462361560933,0.179332388082538,0.6182080525803554
0.3199604206619212,0.19127771957766246,0.6305940347088179
0.3219083191850771,0.19725038532522474,0.6367870257730492
0.3263463291448399,0.21011396529394413,0.6461634601234324
0.324398430621684,0.2041412995463819,0.6399704690592012
0.3263463291448399,0.21011396529394413,0.6461634601234324
0.3288364405814468,0.21700487951510136,0.6493469034095843
0.3262964856814647,0.21792306360527205,0.6511879793231219
0.32878659711807157,0.22481397782642917,0.6543714226092737
0.3354937653837934,0.24686814386948827,0.6851624824223576
0.3492497056449747,0.2808595470475959,0.6768293982490725
0.33855621309629386,0.2813388532686307,0.8089505290317223
0.35199088945407486,0.31211232914164644,0.7853958333313051
0.36325671415805205,0.33921281112028245,0.7738793287432055
0.3660182419140867,0.357130743979545,0.7973089256275162
0.3679661404372427,0.36310340972710725,0.8035019166917475
0.37045625187384956,0.3699943239482644,0.8066853599778995
0.3659683984507115,0.3649398422908729,0.8023334448272059
0.38688009402739487,0.3507035197317742,0.7795707705411359
0.43005932732709135,0.3350943901988722,0.748272480010996
0.45291894072955324,0.3268307264095108,0.7317027827977302
0.47323857992941043,0.3194852536881451,0.7169741754894291
0.46448444593918686,0.32821240732279533,0.7335410179858902
0.44081122260646877,0.32453079702263143,0.7328740953876496
0.4312434400807438,0.32131269052340633,0.7322043460554581
0.42103377701743994,0.3327945251954171,0.7445931689092983
0.44157498907334963,0.34428516942348464,0.7551352343988456
0.39013399123350523,0.3773487993759596,0.8050153388470568
0.37933227591397245,0.39572149086401764,0.8254382058073285
0.38068811806030217,0.40858500644931284,0.8396652638493288
0.3825861731200828,0.4223667705082029,0.8508827741132495
0.3890717685297521,0.42558481960182887,0.8564031611284849
0.3941018348663411,0.43155754973281535,0.8577455285010992
0.43900739383314097,0.40308496899804225,0.8073695562373423
0.41262248620776343,0.373676327527288,0.778248517555101
0.43979820433806355,0.34382193711238207,0.735735557486418
0.48633104107324354,0.3392398836231845,0.719832782871393
0.4512640419235692,0.36082180767049726,0.7476228170825301
0.4692154556161215,0.38103973430006344,0.7650304776853045
0.5043544972317227,0.4017212221361675,0.7775846738710845
0.4769073627819947,0.42054859391296817,0.7998514803416088
0.4983114278087537,0.4150396181387923,0.7791037774771489
0.5713282200680344,0.40311222767290256,0.7387711621620159
0.5766795461874266,0.41230287813066663,0.7553351639330994
0.579811557464235,0.4044938442027629,0.7454600210417929
0.5861974659471537,0.4233300899190445,0.7610294464564075
0.5895012066166393,0.442166271251902,0.7814494955626389
0.5894513631532641,0.44997536956322987,0.7864740147623284
0.5792915435533355,0.4536481059239127,0.793838318416479
0.5665419255900495,0.46604812468609413,0.8080682171838568
0.5563322625267456,0.4775299593581048,0.8204570400376967
0.5588722174267278,0.47661177526793413,0.818615964124159
0.5621261146328381,0.5032570549121195,0.84406053243008
0.5603499603055948,0.523929649815145,0.8681627804275963
0.48346376120678125,0.4237584772847794,0.758712387804967
0.5014650183627088,0.4361673056030177,0.771095529208052
0.5137943093418459,0.45730335193933025,0.7951948894159812
0.49369624299804127,0.48348494161012917,0.8351941695221307
0.5075801302516044,0.46511232148380977,0.8099206559989046
0.49865426686870357,0.44719425985769884,0.7961923064978279
0.5411195578622718,0.4040216665904407,0.7376083717482294
0.5923389828460637,0.35212191968853257,0.6624575945021697
0.5167323922234255,0.37277659255592077,0.7096558049305299
0.424381300087221,0.43063994509346265,0.8122488393630086
0.3804112562826019,0.5055121065120248,0.9151811286440729
0.39421827533737075,0.5739659820057216,0.9888272580912296
0.42526278058179895,0.6350743657844553,1.0525954509859117
0.45196832826457484,0.6465651387793713,1.053436269092225
0.45303055508892526,0.5983291255318164,1.0020484239394598
0.4546349800234913,0.5510113153680297,0.9476509839444055
0.4533289813405369,0.5303387014714066,0.9283994067027158
0.43559914050403714,0.5289568917912737,0.9362624188977897
0.43559914050403714,0.5289568917912737,0.9362624188977897
0.4488411279173988,0.5252842198140151,0.9240474915520221
0.46348880094046546,0.5266659651107238,0.9210351030485653
0.48208211447321925,0.5321839435912291,0.9253841774738815
0.5024516164390743,0.5170293655807106,0.9056310369744635
0.5017376741329461,0.48946590184635447,0.8783453927550049
0.5320952470034298,0.4439933791922171,0.8209327705953259
0.5350555288875609,0.4095391300035523,0.7807624357064813
0.5393218094546465,0.3957574947115106,0.7598436780593265
0.5094344070316869,0.3998848539558261,0.7739025220440092
0.5151063732084774,0.3911576359377518,0.762186303239165
0.5151562166718527,0.38334853762642396,0.7571617840394754
0.4923963094987639,0.37599399781530457,0.763682428861935
0.47952480560617594,0.35393970300539696,0.7425926164320854
0.4584413806368152,0.3415308103037345,0.7350600987206174
0.44833140450026193,0.33739444835308935,0.7373998831750785
0.45740679415269136,0.3318852080669023,0.7360546979484239
0.4585909069063438,0.3181035083914365,0.7199865639928861
0.46113086180632595,0.3171853243012658,0.7181454880793484
0.4179516092040068,0.3327944608119929,0.7494437926009153
0.35758474798126155,0.34794002913835687,0.7855955475480497
0.3544527367044532,0.35574906306626053,0.7954706904393563
0.3617519613470012,0.3709123792715867,0.8182276832746711
0.37383079967904975,0.3888223465376216,0.7804459066609166
0.4148180300309721,0.460908905873176,0.5699514462677661
0.41935572691748546,0.4581542892192397,0.56927884221877
0.422266785063646,0.4526449271445186,0.5776348815040121
0.45574906560660094,0.44391012460002616,0.47560356420490374
0.4585541027554166,0.3571245097609464,0.6051306984643652
0.44641176604273725,0.29467595592375595,0.7243155011602853
0.4122076005612896,0.2992582669466503,0.7208157810088422
0.36962042363841935,0.30797654664181945,0.7440800045612133
0.35443053770190175,0.3056765528715158,0.7501019408427495
0.35642827968843294,0.30384012030775015,0.7512704127072913
0.3575625489787101,0.2978675189436121,0.7402267979514431
0.3575625489787101,0.2978675189436121,0.7402267979514431
0.3531245390189473,0.28500393897489273,0.7308503636010599
0.3492287419726354,0.27305860747976823,0.7184643814725974
0.3408450915031855,0.2560587943272522,0.7017264841934412
0.3459250013031498,0.2542224261469108,0.6980443323663659
0.34646721421660076,0.2551406746205057,0.6950347845882865
0.3478728998263057,0.2601950918944731,0.7042373234305972
0.3439771027799939,0.2482497603993486,0.6918513413021347
0.347922743289681,0.2523859935831452,0.6992128042309076
0.3478728998263057,0.2601950918944731,0.7042373234305972
0.35236075324944377,0.2652495735518646,0.7085892385812909
0.35566449391892946,0.28408575488472204,0.7290092876875223
0.36210024586522344,0.2951129022896758,0.7395541939024471
0.36853599781151747,0.3061400496946296,0.750099100117372
0.36772236857863866,0.29419478258292925,0.7328624942972926
0.3703121669419961,0.2854675001814308,0.7259968991840653
0.35998061794939024,0.2624950212813525,0.703066010840678
0.347922743289681,0.2523859935831452,0.6992128042309076
0.3406733621105082,0.22941357906649115,0.6714312921959031
0.33034181311790234,0.20644110016641287,0.6485004038525158
0.3250403304618855,0.18944135139732105,0.6269118828817426
0.3256323868387117,0.1825505015595881,0.6188778159039737
0.3275802853618676,0.18852316730715032,0.6250708069682049
0.3295281838850236,0.1944958330547126,0.6312637980324363
0.3334239809313354,0.20644116454983705,0.6436497801608988
0.3334239809313354,0.20644116454983705,0.6436497801608988
0.33786199089109825,0.2193047445185565,0.653026214511282
0.337269934514272,0.22619559435628944,0.6610602814890508
0.337812147427723,0.2271138428298844,0.6580507337109714
0.33364555378738797,0.2252772814992703,0.6689204529587472
0.3560264374750044,0.2606339697636089,0.573957268561485
0.3651234105251778,0.28406145784786524,0.5744789550857027
0.3482446227978888,0.27673970271253834,0.757936293603774
0.3611665898792568,0.31212068801373377,0.8175034418083313
0.3792602293274484,0.35345807200228635,0.7850939982817488
0.3741803195274841,0.35529444018262774,0.7887761501088241
0.37563584860056437,0.3525397591452672,0.7929541697514451
0.3755860051371891,0.3603488574565951,0.7979786889511347
0.37245399386038075,0.36815789138449884,0.8078538318424411
0.3876937232602736,0.36264878684347457,0.7968073763612152
0.44465717618940537,0.3442852268290838,0.7502845967158015
0.4421172019868006,0.3452034178970796,0.7521256866207662
0.4224394626271449,0.3378489424693843,0.7537957077516089
0.4173595528271806,0.33968531064972574,0.7574778595786842
0.4179516092040068,0.3327944608119929,0.7494437926009153
0.3956840714809937,0.33416726778579625,0.757979408844985
0.38493219550423896,0.34473085398421205,0.7733777794769047
0.4167674964503544,0.3465761604874587,0.7655119265564532
0.3978036993968269,0.36678514879411955,0.7944675919067544
0.4333132245332017,0.36173966984305755,0.7737170483169169
0.46823071671597016,0.3635850407302178,0.7610005348420842
0.4867741867853487,0.37691211752205106,0.7703741284670896
0.46332253630868314,0.3920666241713203,0.7949778786666974
0.46078258140870104,0.392984808261491,0.796818954580235
0.510175993798639,0.3695667091841096,0.7507948974671715
0.47104146820997544,0.35255808647553666,0.7359037575523083
0.4708697388172981,0.3259128712147755,0.7056085655547703
0.5230745224266461,0.31260360668532877,0.6779895861263282
0.551185755719127,0.3291487969542121,0.6880329430749522
0.5696793823251302,0.35028497205737325,0.7024310558996473
0.5937951316445487,0.37050302745378766,0.7101374691191877
0.5855832105677761,0.38014842956203276,0.7236947638375697
0.5892574347580353,0.3732576441077241,0.7108100731681837
0.5937452881811734,0.37831212576511564,0.7151619883188773
0.597049028850659,0.3971483070979731,0.7355820374251087
0.5939170175738506,0.40495734102587677,0.7454571803164154
0.6028927244201269,0.41506630434065983,0.7541610106178027
0.6047409360165322,0.43665716671087773,0.770403040081413
0.602743194030001,0.4384935992746433,0.7692345682168712
0.5951731727934298,0.4334390532338276,0.7697332767577946
0.5925833744300724,0.44216633563532615,0.7765988718710218
0.5818314984533176,0.452729921833742,0.7919972425029413
0.5792417000899602,0.46145720423524056,0.7988628376161685
0.5856276085728789,0.4802934499515222,0.8144322630307829
0.5697459793327845,0.5005025026416073,0.8385373046894671
0.4988752199993514,0.44489458800451626,0.7779611243212793
0.5123886237321409,0.452248934665363,0.7859923505736705
0.5145580951113494,0.4770577173623584,0.8174560144357502
0.49369624299804127,0.48348494161012917,0.8351941695221307
0.4980622104918773,0.45408510969543175,0.8042263734755968
0.5430176129220524,0.41780343064933084,0.7488258820121503
0.5569513436389909,0.39162171221168346,0.7185278492892345
0.5802312647229791,0.3498219903016531,0.663628907092089
0.555423772099984,0.3521129813656272,0.6740055992496964
0.4611247814406235,0.4040036681556068,0.770405642617944
0.3802395268899247,0.4788668912512637,0.8848859366465348
0.38329466996793865,0.5578843529433762,0.9739304367256112
0.4352508707890503,0.6047564141630114,1.0149359553342232
0.4561127229023584,0.5983291899152406,0.9971978002478428
0.4649167003559572,0.5817929379692627,0.9756064385516922
0.4520451964633692,0.5597386431593551,0.9545166261218423
0.45700320553079615,0.5234479160170978,0.9155147160333298
0.43786767908459145,0.5170116890629977,0.9141751893860932
0.4272154900345872,0.5119570786387577,0.9195245216186336
0.43791752254796673,0.5092025907516697,0.9091506701864036
0.44689322939424286,0.5193115540664529,0.917854500487791
0.4643024301733442,0.538611232222424,0.9382717088686449
0.48208211447321925,0.5321839435912291,0.9253841774738815
0.4743403638439708,0.5004841822896522,0.8955876940172666
0.49771999115733223,0.443066256779141,0.8306396994293149
0.5057601828414277,0.4067756394101349,0.7867872127133952
0.5176961715718349,0.3824303535362532,0.7553207081259378
0.5073147791158537,0.3672669729475028,0.73741433898224
0.505958936969524,0.3544034573622077,0.7231872809402399
0.4927169495561623,0.35807612933946625,0.7354022082860073
0.4693649860062473,0.3576124393660798,0.749956920086236
0.4584413806368152,0.3415308103037345,0.7350600987206174
0.4475177752673832,0.32544918124138916,0.720163277354999
0.4565433255770346,0.32774904624484424,0.7238425884566967
0.4605388054294997,0.32407617413899864,0.7261795550571173
0.45097104220639733,0.3208580606619486,0.7255097917334989
0.45605095200636164,0.31902169248160717,0.7218276399064237
0.4433511775064509,0.3236126129324607,0.7310330194741119
0.3773123308042925,0.3474854062547242,0.7789010072175175
0.36542618553726053,0.364021593817278,0.8053429926052852
0.37580757799324166,0.37918497440602833,0.823249361748983
0.38371982268495525,0.3952583803414492,0.7963373043830042
0.4263835352406057,0.46229058678646057,0.571789681455926
0.43309008378092284,0.4632089640269039,0.5590788862946128
0.4304288626770434,0.45080862334760136,0.56910210598532
0.4476872936152095,0.45126401883232475,0.5175891620164483
0.47518427152831266,0.4246275487441963,0.49029783634623453
0.45779886107120904,0.33509496965017954,0.7046168299236787
0.4145986447965506,0.342903166593079,0.7775501176687706
0.3776335905870956,0.35070332658150155,0.7941226416159868
0.37709137767364465,0.34978507810790666,0.7971321893940662
0.3776834340504709,0.3428942282701738,0.7890981224162973
0.3768698048175921,0.3309489611584734,0.7718615165962177
0.3768698048175921,0.3309489611584734,0.7718615165962177
0.3704838963346734,0.31211271544219177,0.7562920911816032
0.36912805418834366,0.29924919985689663,0.7420650331396031
0.36523225714203184,0.2873038683617722,0.7296790510111406
0.36523225714203184,0.2873038683617722,0.7296790510111406
0.36328435861887587,0.2813312026142099,0.7234860599469094
0.36133646009571996,0.2753585368666477,0.7172930688826781
0.36328435861887587,0.2813312026142099,0.7234860599469094
0.3602021908054428,0.28133113823078565,0.7283366836385262
0.36328435861887587,0.2813312026142099,0.7234860599469094
0.3736159076114817,0.3043036815142882,0.7464169482902968
0.3782754904272971,0.33600337843244077,0.7810640554385283
0.386659140896747,0.3530031915849568,0.7978019527176846
0.3872511972735732,0.34611234174722383,0.7897678857399156
0.38589535512724354,0.3332488261619287,0.7755408276979154
0.38064371593460194,0.30843997908150894,0.7489277875274527
0.3703121669419961,0.2854675001814308,0.7259968991840653
0.3664163698956842,0.2735221686863063,0.7136109170556028
0.35413692237992245,0.24457702403866577,0.6844870376479841
0.34829322681045466,0.22665902679597905,0.6659080644552903
0.34244953124098687,0.20874102955329232,0.6473290912625965
0.3365559922081438,0.1986321306219334,0.6337746372695923
0.3346080936849879,0.1926594648743712,0.627581646205361
0.3385038907312997,0.20460479636949563,0.6399676283338236
0.34493964267759375,0.21563194377444944,0.6505125345487484
0.34688754120074966,0.22160460952201166,0.6567055256129797
0.3468376977373744,0.2294137078333396,0.6617300448126693
0.35213918039339126,0.24641345660243136,0.6833185657834424
0.35354486600309626,0.2514678738763987,0.692521104625753
0.3727432752251243,0.2813069055773531,0.5689557273450898
0.39041534823835755,0.3139087770591683,0.48787183284501995
0.38206120140594557,0.3024347218084269,0.5512462316927589
0.36172852701423763,0.2785682984499248,0.685855200857933
0.3670096657233199,0.30890289645380475,0.792580560026628
0.3799021291676499,0.33875812385322557,0.7720354121042902
0.37985228570427465,0.3465672221645535,0.7770599313039799
0.3812579713139796,0.35162163943852076,0.7862624701462904
0.3812579713139796,0.35162163943852076,0.7862624701462904
0.3845617119834653,0.3704578207713782,0.8066825192525219
0.3992093850065319,0.37183956606808694,0.8036701307490649
0.45444651226856025,0.36633945725556716,0.7762250328372684
0.4295891568795671,0.37643955360869424,0.7916262581859924
0.39467168812001857,0.3745941827220232,0.8043427347980608
0.39472153158339385,0.36678508441069535,0.7993182155983714
0.40034365429680907,0.3658669647039488,0.7926265159932168
0.4009357106736353,0.35897611486621595,0.7845924490154478
0.40347566557361747,0.35805793077604525,0.7827513731019101
0.4409829326965234,0.3511760192612175,0.7631693013766145
0.47281825294526153,0.3530213187866392,0.7553034344647359
0.5196218710924393,0.3383305090890707,0.7161449495935626
0.5666969014384476,0.3346667110512931,0.6972326411918851
0.5711847548615857,0.33972119270868467,0.7015845563425789
0.558484980361675,0.3443121131595382,0.7107899359102671
0.5463772622385905,0.3420121837726588,0.7119612485001863
0.5367596555521128,0.3466031686069366,0.7163160043762574
0.5441579473960068,0.3250124993869912,0.6855221038377961
0.5555018797495878,0.30755806335084257,0.6620896662281077
0.5617659023032044,0.2919399954950352,0.6423393804454947
0.5707416091494806,0.3020489588098183,0.6510432107468819
0.5937230891786219,0.32823961557037085,0.6697932387222706
0.5989248849078882,0.36085756096211846,0.7014307980924229
0.5887152218445844,0.3723393956341291,0.7138196209462631
0.5867673233214284,0.36636672988656693,0.7076266298820317
0.58363531204462,0.3741757638144705,0.7175017727733384
0.5855832105677761,0.38014842956203276,0.7236947638375697
0.5843990978141236,0.39393012923749865,0.7397628977931073
0.5901929499202161,0.41965722479151335,0.7633663901854909
0.595765229170256,0.4265482033960947,0.7616992097800256
0.6002530825933942,0.43160268505348615,0.7660511249307193
0.6059250487701846,0.4228754670354119,0.7543349061258751
0.5983051840702381,0.425630019305924,0.7598581338664879
0.5810677126838141,0.43297555641071384,0.7697361174831723
0.5818314984533176,0.452729921833742,0.7919972425029413
0.5634099143132411,0.4738571586139978,0.8179433600751631
0.5429905881866334,0.49682082795801913,0.8427210057828434
0.5078509268456275,0.4550035513192993,0.7866649546226664
0.5041767026553683,0.4618943367736081,0.7995496452920524
0.5024503769882649,0.47475778797547896,0.8186273270256694
0.4948803557516937,0.4697032419346633,0.8191260355665928
0.49670636834554766,0.44122159411013656,0.7899993154335966
0.5569513436389909,0.39162171221168346,0.7185278492892345
0.5867168601326485,0.35304003939527906,0.6691492941073243
0.5693575028169223,0.3259312629279799,0.643707566526781
0.5185584048172794,0.34429494473139405,0.6805290847975337
0.46992877819684503,0.3874674092318037,0.7488142669303661
0.3890435043435235,0.46233063930528573,0.863294574950384
0.3901507488983816,0.535375435249836,0.946146083965229
0.43431534082363416,0.5583567880893954,0.9623795912527066
0.4463732302865787,0.5684658611774295,0.9662328449266864
0.44573133044637725,0.5831658093264903,0.9792914311041448
0.43113350088668584,0.5739749657184537,0.9772793004079122
0.42139399346767087,0.5441115915908157,0.9463142980225466
0.4200879947847164,0.5234389776941926,0.9270627207808567
0.42326984952490004,0.5078208454549611,0.9121630586898605
0.43542741111135985,0.5023116765305127,0.9059672269002517
0.4328874562113777,0.5032298606206834,0.9078083028137893
0.4464008599441672,0.51058420728153,0.9158395290661806
0.45910063444407795,0.5059932868306765,0.9066341494984924
0.4493611418282983,0.4761299580928653,0.8756691941773362
0.4518290542623537,0.43294836211927784,0.8334838878668814
0.4725690397489824,0.392066817321593,0.7804260075918465
0.48450502847938964,0.36772153144771125,0.7489595030043891
0.49190332032328354,0.34613086222776596,0.7181656024659279
0.5069713203304991,0.31397654242598055,0.6768239549871641
0.47454396300755747,0.3190220857604669,0.6927238748853846
0.4441641911345222,0.31442209821985956,0.704767747448457
0.43541003784167603,0.3231492588323348,0.7213346039363452
0.43930583488798786,0.33509459032745925,0.7337205860648077
0.4508713594002441,0.33647626426291866,0.7355588072615409
0.4224394626271449,0.3378489424693843,0.7537957077516089
0.4179516092040068,0.3327944608119929,0.7494437926009153
0.44081122260646877,0.32453079702263143,0.7328740953876496
0.4301091707904666,0.3272852918875444,0.7432479608113064
0.3914177909139082,0.34794890307783793,0.7788981664921398
0.3786681729506222,0.3603489218400193,0.7931280652595177
0.38396965560663904,0.37734867060911115,0.8147165862302908
0.39062636480417817,0.3860761531391968,0.8070302873973298
0.4341535500560827,0.4572445283845805,0.5946947510906415
0.44282895667129774,0.4719365039620994,0.546541986641372
0.4385410968270655,0.456781417862012,0.5655938496663172
0.4381699935808871,0.46137259584656254,0.5553967344675375
0.4606296015530641,0.47331014966499624,0.49201948917658667
0.4512487936265688,0.42877953043164696,0.6346338830389832
0.4060162401990043,0.3782755354884903,0.8244121521627695
0.40002301423941067,0.38378483317978723,0.8209067365691446
0.3944507349893708,0.3768938545752058,0.8225739169746097
0.393094892843041,0.36403033898991055,0.8083468589326094
0.3877934101870242,0.3470305902208187,0.7867583379618363
0.3883854665638504,0.34013974038308586,0.7787242709840674
0.3825916144577579,0.3144126448290712,0.755120778591684
0.37869581741144603,0.3024673133339468,0.7427347964632215
0.3825916144577579,0.3144126448290712,0.755120778591684
0.38064371593460194,0.30843997908150894,0.7489277875274527
0.3962269041198494,0.35622130506200694,0.7984717160413027
0.45855967166407446,0.5473466543738256,0.9966474771609127
0.4936218450808812,0.6548546378299459,1.1081213163170756
0.48139224102849465,0.6181003948709776,1.0739729177097674
0.4669433221335244,0.5643464675263415,1.013385374440069
0.49031810441139556,0.6360184564970884,1.0877012672108441
0.514284943066093,0.7007995956301023,1.1539830930038504
0.5162328415892489,0.7067722613776646,1.1601760840680817
0.4714311755566625,0.569400949183733,1.0177372895907626
0.43831688585977635,0.4678655860853482,0.9124563944346215
0.43247319029030856,0.44994758884266145,0.8938774212419277
0.4129942050587493,0.390220931367039,0.8319475105996151
0.3818278286882544,0.2946582794060431,0.7328596535719148
0.3695483811724926,0.2657131347584026,0.7037357741642962
0.36565258412618074,0.25376780326327814,0.6913497920358337
0.36175678707986886,0.24182247176815364,0.6789638099073712
0.35645530442385204,0.2248227229990618,0.6573752889365979
0.35255950737754016,0.2128773915039373,0.6449893068081354
0.35645530442385204,0.2248227229990618,0.6573752889365979
0.35591309151040107,0.2239044745254669,0.6603848367146773
0.35840320294700795,0.23079538874662403,0.6635682800008292
0.35975904509333767,0.24365890433191925,0.6777953380428294
0.36760048264933665,0.25974046901084036,0.697542783100065
0.3850017631891441,0.3024511176354803,0.639714567104896
0.41558664153334324,0.3515733637927711,0.45294869792023507
0.4022024263040437,0.3341265749218861,0.5149807408310284
0.39362732634098385,0.32495219152432714,0.5965863218553159
0.37497113003240673,0.2960314082969676,0.7171421513578998
0.3717683157404811,0.30384860794668583,0.7736767738010835
0.38108624192130236,0.32497642417775974,0.7559672781487524
0.3849820389676142,0.3369217556728842,0.768353260277215
0.39082573453708197,0.3548397529155709,0.7869322334699088
0.39277363306023794,0.3608124186631332,0.79312522453414
0.40056522715286164,0.3847030816533822,0.8178971887910652
0.410132990375964,0.3879211951304322,0.8185669521146833
0.44137623494525324,0.39665735147141185,0.8187351661720009
0.4215489651954718,0.4127301709777003,0.835478744901912
0.4044111807357982,0.4044575114598345,0.8353076901192172
0.4089488776223116,0.4017028948058982,0.8346350860702213
0.4044610241991735,0.39664841314850663,0.8302831709195276
0.4106752032894149,0.3888394436040271,0.815557404336604
0.42337497778932565,0.3842485231531736,0.8063520247689158
0.4533122429782831,0.3723120586197051,0.7872686475931164
0.49898158771458645,0.3635938433079603,0.7591538003491286
0.5502730592849023,0.3539575152677834,0.7243472306286487
0.5661048450616214,0.3415575608890261,0.7052667081696541
0.5706425378275375,0.3388029372567754,0.7045941269919953
0.5788544589043102,0.3291575351485303,0.6910368322736133
0.571776811238412,0.3328303428709517,0.6935504893648099
0.5672889578152739,0.3277758612135602,0.6891985742141162
0.561987475159257,0.31077611244446834,0.6676100532433432
0.5504219699496234,0.30939443153118396,0.665771818055183
0.5555018797495878,0.30755806335084257,0.6620896662281077
0.5651194864360654,0.3029670785165648,0.6577349103520366
0.5739955063555909,0.32869423845400364,0.6764877790528029
0.5727615501385632,0.3502850364407974,0.6975804322080302
0.5670895839617728,0.3590122544588717,0.7092966510128745
0.5639575726849644,0.3668212883867754,0.719171793904181
0.5696295388617549,0.358094070368701,0.7074555750993369
0.5823293133616656,0.3535031499178475,0.6982501955316487
0.5957430301677046,0.37647569320134994,0.7163304601834191
0.5939170175738506,0.40495734102587677,0.7454571803164154
0.5932751177336492,0.41965728917493755,0.7585157664938739
0.6008949824335956,0.4169027369044254,0.752992538753261
0.6071590049872123,0.40128466904861815,0.7332422529706478
0.6006734095775431,0.39806661995499215,0.7277218659554123
0.5916977027312669,0.38795765664020915,0.7190180356540252
0.582893725277668,0.4044939085861871,0.7406093973501758
0.5517723666376808,0.4302120658172964,0.775760894490086
0.5287632421477156,0.4619030175628164,0.8074041353109935
0.4887154003994228,0.4485673243651991,0.7853254279754298
0.48698907473231945,0.4614307755670701,0.8044031097090468
0.48898681671885064,0.4595943430033044,0.8055715815735887
0.4909845587053818,0.45775791043953873,0.8067400534381304
0.5232900300990215,0.41825805353296364,0.7555204223426825
0.5739672421693625,0.3654400581574604,0.6833791928747021
0.5890850856399533,0.32547664004434723,0.6370130261962488
0.5096325414343785,0.3263768831052832,0.6668007352964569
0.4378718850920543,0.3667859927569488,0.7314094610443963
0.40258393281173216,0.3906675886574441,0.7774306774320822
0.3743958313204569,0.46094889400857697,0.8663069634538411
0.3958227150751721,0.5266482172317616,0.934429865160385
0.4208517805542199,0.5431933431172208,0.9493238458006258
0.4246977341371565,0.562947772923673,0.9667343471287779
0.4214660507368329,0.5863750488640593,0.986658575483673
0.42092383782338194,0.5854568003904644,0.9896681232617524
0.41880419510431344,0.5528388739923144,0.9531798931357736
0.4072164908921284,0.5013846828842851,0.905972908351007
0.4092640763420349,0.49173915200919166,0.9021168610158591
0.4214216379284947,0.4862299830847431,0.8959210292262503
0.4284992897149902,0.48255718234063605,0.8934073492637167
0.44514470472458806,0.4821024950735791,0.8915634326248015
0.455625164381915,0.4605118902370579,0.8559189083947231
0.44593551522951064,0.4228394631879189,0.8199294338738773
0.4452714163867577,0.387466901142235,0.787619270454729
0.4654193454965602,0.35347620618228315,0.742595457157463
0.4696856260636457,0.3396945708902415,0.7216766995103081
0.48416156969403507,0.31443110092618914,0.6883691190093133
0.509339545837804,0.28641314307504884,0.6446876870760885
0.4704764365685683,0.28043153900458134,0.650042700759384
0.443992461741845,0.28777688295909853,0.6744725554509191
0.44865204455766033,0.31947657987725114,0.7091196625991506
0.4508713594002441,0.33647626426291866,0.7355588072615409
0.4324995994209202,0.3497944097096717,0.7564804196255002
0.39639801378712197,0.36173073152015234,0.7852650530644437
0.4167674964503544,0.3465761604874587,0.7655119265564532
0.45097104220639733,0.3208580606619486,0.7255097917334989
0.42756921589048447,0.32820347597771515,0.7450890367248441
0.40606546393697485,0.34933064837454664,0.775885777988683
0.38964162178342954,0.36862145259103674,0.8030003674254466
0.3915895203065855,0.374594118338599,0.8091933584896778
0.3935374188297414,0.3805667840861613,0.8153863495539091
0.43992582288502846,0.45403490254646606,0.6164313488608153
0.45321034912727887,0.4870998845508498,0.5644483557850698
0.44870153615239877,0.474244470303945,0.6017314009865637
0.45200465709647974,0.47194486283418663,0.5786495951183981
0.4615435364079488,0.490773007212078,0.5427089172895184
0.46652376031131193,0.5045548373989708,0.549075798143988
0.41952234341790456,0.4301766414206215,0.7976998090135352
0.40428991453190094,0.3911389866903613,0.8434898338963867
0.4240895398208586,0.4329477756901454,0.8771395239627716
0.4500042769987119,0.5037015805707216,0.9496143408200092
0.4713813320932872,0.5772100474950609,1.0227618087904522
0.48366077960904896,0.6061551921427013,1.0518856881980707
0.47786692750295645,0.5804280965886869,1.0282821958056874
0.49150221716504794,0.6222367568216225,1.0716331332553064
0.4973459127345157,0.6401547540643092,1.0902121064480002
0.4622837245144737,0.5326467252183621,0.9787382202276278
0.518772796489231,0.7058540772874939,1.158335008154544
0.602532432984936,0.9626787044326703,1.4246336239164885
0.63315659644198,1.0573231079200711,1.5267310287222682
0.6415402469114299,1.0743229210725873,1.5434689260014243
0.6393707755322213,1.049514138375592,1.5120052621393445
0.6387787191553952,1.0564049882133246,1.5200393291171135
0.6446722581882381,1.0665138871446835,1.5335937831101176
0.6466201567113942,1.0724865528922458,1.539786774174349
0.6259570587261825,1.0265415950920893,1.4939249974875741
0.6031743328251375,0.9479787562836094,1.41157503773903
0.6076621862482755,0.9530332379410009,1.4159269528897236
0.5887254139301672,0.8942248289389736,1.3509874944693316
0.4971243398784632,0.621318637114876,1.0649414336501517
0.40443882519662205,0.34657590295376184,0.7849144213229211
0.37911614439559493,0.2689312482354527,0.7044055374879146
0.378573931482144,0.2680129997618578,0.7074150852659938
0.3752203473492831,0.2569859167403282,0.6920195553594521
0.37327244882612715,0.251013250992766,0.6858265642952208
0.37327244882612715,0.251013250992766,0.6858265642952208
0.37327244882612715,0.251013250992766,0.6858265642952208
0.37127470683959596,0.25284968355653165,0.6846580924306791
0.37268039244930096,0.257904100830499,0.6938606312729898
0.3868074359566607,0.2873043260240561,0.6957246622984844
0.43023493428181464,0.3740908978920956,0.4934381643911753
0.43109840697806867,0.3782270666924679,0.5056502510115652
0.41879861757567094,0.36261677476877263,0.5616631983661997
0.4028534899549458,0.33828724088770223,0.6671712661070496
0.3950415560359848,0.3277314341105558,0.7275361171767092
0.3882642003599531,0.3268212156136126,0.7869064147612368
0.39400758927726565,0.3392216206763394,0.7720325713789127
0.39595548780042156,0.34519428642390154,0.7782255624431439
0.39985128484673343,0.3571396179190261,0.7906115445716064
0.4056949804162012,0.3750576151617128,0.8091905177643003
0.411538675985669,0.39297561240439954,0.827769490956994
0.4160265294088071,0.3980300940617911,0.8321214061076877
0.429440246214846,0.42100263734529353,0.8502016707594582
0.4273926607649396,0.43064816822038704,0.854057718094606
0.4274425042283148,0.4228390699090592,0.8490331988949165
0.4224124378917258,0.4168663397780728,0.8476908315223021
0.4198724829917436,0.4177845238682435,0.8495319074358397
0.4159268424820565,0.4136482906844468,0.8421704445070667
0.41733252809176147,0.4187027079584142,0.8513729833493774
0.43765216729161865,0.41135723523704854,0.8366443760410763
0.4999669463401425,0.4021843256804217,0.8066855981667462
0.5568805406238736,0.39162987793349824,0.7651873288411117
0.5523926872007355,0.38657539627610665,0.760835413690418
0.5631944025202683,0.3682027047880486,0.7404125467301462
0.5694584250738851,0.35258463693224124,0.7206622609475332
0.5547609127080404,0.3590119969251748,0.7286991457793424
0.5578929239848488,0.3512029629972713,0.7188240028880358
0.545613476469087,0.32225781834963063,0.6897001234804172
0.5416678359593998,0.318121585165834,0.6823386605516443
0.552591441328832,0.33420321422817945,0.6972354819172627
0.5576713511287962,0.332366846047838,0.6935533300901874
0.5538974400117863,0.35487582812480245,0.7164870591589525
0.5481756303716206,0.37141214445420473,0.7332277971634861
0.5512577981850537,0.37141220883762893,0.7283771734718691
0.5518498545618798,0.36452135899989596,0.7203431064941004
0.5549818658386882,0.35671232507199235,0.7104679636027937
0.5600617756386526,0.35487595689165097,0.7067858117757185
0.5740675488215177,0.37095765033742045,0.7168320094497199
0.572291379691039,0.3916301998506193,0.7409342103830266
0.5786772881739578,0.41046644556690104,0.7565036357976412
0.5933249611970245,0.41184819086360963,0.7534912472941843
0.6027209950274496,0.3884210890798987,0.7238658186202648
0.5980115687482589,0.364530490473074,0.6942432306717227
0.5947078280787732,0.34569430914021654,0.673823181565491
0.5977899958922064,0.34569437352364074,0.668972557873874
0.58639622007525,0.3709579078711173,0.6974295146832521
0.5704647473717804,0.3989760588725303,0.7265590755416258
0.4701719110274217,0.435240254551191,0.7759518483418513
0.4735254951602826,0.4462673375727205,0.7913473782483931
0.48314312114938285,0.44167634576061765,0.7869926083808949
0.4933527842126867,0.430194511088607,0.7746037855270548
0.5231183007063442,0.3916128382722025,0.7252252303451443
0.54898802015369,0.34108583396067355,0.6634606930347716
0.5164387769014462,0.3116770637230708,0.6440409017357646
0.4174303599628952,0.33967715190622555,0.7108183571554698
0.374422856055876,0.38193149669988874,0.7724118396831476
0.3543247897120714,0.40811308637068755,0.8124111197892973
0.35331240635109623,0.44854000130691446,0.8587744457423729
0.38100331265942816,0.4986212566742918,0.9071470616663039
0.40874406243113537,0.5408934137303413,0.950495158390545
0.4100500611140898,0.5615660276269643,0.9697467356322348
0.4144382424137127,0.5822387512968386,0.9841477362465169
0.4125401725506967,0.5684569418481216,0.9729301789183867
0.4065247475885516,0.5238937293446737,0.924056013728155
0.3962928855226963,0.4853030538219397,0.8910760869853884
0.40401243714939333,0.4669303049287719,0.8755038208453964
0.42573776195895546,0.46463924948137353,0.869977752379406
0.44573676110141425,0.47521164523584625,0.8835293656470327
0.4610263339646824,0.461893442383494,0.8674583909661172
0.46393677238543823,0.4352482915061572,0.8323125752769622
0.45419727976965857,0.405384962768346,0.8013476199558058
0.4566153680429613,0.3700124581282613,0.7641868188536138
0.45644363865028403,0.34336724286750014,0.7338916268560757
0.4568141221710577,0.3176402760803339,0.7005868870804584
0.4617223025783447,0.2891586926392314,0.6666095432558451
0.47868835764534096,0.27078613689633624,0.6364854060410021
0.4538808650223457,0.2730771279603103,0.6468620981986096
0.4496644279186355,0.2790496649410242,0.6627563366460748
0.4658396724807091,0.31994014108378915,0.7042661981821561
0.47254684074643094,0.34199430712684814,0.7350572579952399
0.4414753062671964,0.3599033730244547,0.7651842499268875
0.4110456868101886,0.36311247681686093,0.7822526645609869
0.4325992822270735,0.33417620610870147,0.7464314040974583
0.4433511775064509,0.3236126129324607,0.7310330194741119
0.4269771595136582,0.335094325815448,0.7531231037026128
0.4066575203138011,0.34243979853681367,0.767851711010914
0.397261486483376,0.36586690032052466,0.7974771396848337
0.40315502551621907,0.3759757992518835,0.811031593677838
0.405966396735629,0.3860846337998181,0.8294366713624591
0.4413105468826928,0.451288383741763,0.667268859490982
0.4643339480756168,0.4930809091704993,0.6027489553263272
0.4608597174642633,0.48987109018211217,0.6390374241713519
0.4666529498449511,0.4944623969335111,0.6191390615893382
0.48028700005623315,0.49399947956121537,0.575486289090163
0.49091030622475346,0.514664122630875,0.5335265099872902
0.5147914657687419,0.48483415627558496,0.6358426039922628
0.5167300367721922,0.5864097006591544,1.022927182122392
0.5875413011765147,0.9080065286144393,1.3670556284248694
0.6421323032882561,1.0674320712348542,1.5354348590236553
0.6602056029101103,1.1221043114365095,1.5881622308236574
0.6573942316907004,1.1119954768885747,1.569757153139036
0.6432665725785331,1.0614594698707163,1.524391244267807
0.6471623696248451,1.0734048013658408,1.5367772263962696
0.6549539637174687,1.0972954643560897,1.5615491906531946
0.6374228770090654,1.0435414726280297,1.5058122710751132
0.6082043991617264,0.9539514864145959,1.4129174051116442
0.6010048614459289,0.923169973586614,1.3801113738769502
0.6335769234261288,1.0237870428215772,1.4884017697469611
0.650515953757706,1.0844318843873704,1.5521727563028114
0.6707857494941879,1.0848955099773325,1.5424686681942
0.6789976705709605,1.0752501078690875,1.528911373475818
0.670243536580737,1.0839772615037375,1.5454782159722793
0.6657556831575988,1.078922779846346,1.5411263008215856
0.6715993787270667,1.0968407770890327,1.5597052740142794
0.6639795140271202,1.0995953293595448,1.5652285017548921
0.6581358184576525,1.0816773321168582,1.5466495285621984
0.6567301328479475,1.076622914842891,1.5374469897198877
0.6508365938151044,1.066514015911532,1.5238925357268835
0.5748685514120231,0.8335800517566045,1.2823658842218641
0.44186922412073365,0.42652048705895046,0.8642519925680082
0.39847324369785225,0.29420359213898617,0.7310157369329997
0.39706755808814725,0.28914917486501884,0.7218131980906891
0.39511965956499134,0.28317650911745657,0.7156202070264579
0.39317176104183543,0.2772038433698944,0.7094272159622266
0.3906318061418533,0.27812202746006515,0.7112682918757641
0.39506981610161607,0.2909856074287845,0.7206447262261473
0.39230890807098606,0.29420346337213776,0.7407169843162337
0.430193013118032,0.35848902922391185,0.576708096531219
0.4541506900223273,0.40440955773120585,0.477740799435077
0.44254326364891106,0.3874260081497377,0.5591724963869605
0.431106949003066,0.3759518885155721,0.6273975189263166
0.4164672003398906,0.35115917972850896,0.7086553089344589
0.414077395555439,0.3497858576873117,0.738924682223325
0.4109244206062913,0.3497939520473878,0.7904348083381563
0.41449895786980007,0.35852136321573475,0.7875991560681497
0.4158548000161298,0.37138487880103,0.8018262141101498
0.4127726322026967,0.37138481441760574,0.8066768378017668
0.4191585406856154,0.3902210601338874,0.8222462632163812
0.4250022362550832,0.4081390573765741,0.8408252364090749
0.4294900896782213,0.41319353903396566,0.8451771515597686
0.43587599816114003,0.4320297847502474,0.860746576974383
0.4389083225111979,0.43983894744499935,0.8609204724824555
0.43641821107459094,0.4329480332238423,0.8577370291963036
0.4333360432611579,0.4329479688404181,0.8625876528879206
0.4333360432611579,0.4329479688404181,0.8625876528879206
0.43587599816114003,0.4320297847502474,0.860746576974383
0.43274398688433163,0.439838818678151,0.8706217198656896
0.44933955843055423,0.447193229722422,0.873802322426464
0.5009024615023233,0.4485839063642109,0.8592419151840532
0.523662368675412,0.4559384461753302,0.8527212703615934
0.5228487435631306,0.44399318604194443,0.8354846416701767
0.5367824701594718,0.4178114606259827,0.8051866318185985
0.5487184588898789,0.393466174752101,0.773720127231141
0.5428249239776332,0.3833572827990565,0.7601656503667996
0.5307172058545486,0.38105735341217717,0.761336962956719
0.5299534200850452,0.36130298798914906,0.7390758379369499
0.5401132396849737,0.35763025162846623,0.7317115342827992
0.5547110692446652,0.36682109523650275,0.733723664979032
0.5578430805214735,0.35901206130859903,0.7238485220877253
0.5597411355812542,0.3727938253674892,0.7350660323516462
0.5571513372178968,0.3815211077689878,0.7419316274648735
0.5602335050313298,0.381521172152412,0.7370810037732565
0.556337707985018,0.36957584065728755,0.7246950216447938
0.5543399659984868,0.37141227322105314,0.7235265497802521
0.5568799208984689,0.37049408913088244,0.7216854738667144
0.5627236164679367,0.38841208637356917,0.7402644470594084
0.5660273571374224,0.4072482677064266,0.7606844961656398
0.5788988610300103,0.42930256251633414,0.7817743085954896
0.592140848443372,0.42562989053907563,0.769559381249722
0.5964569724738328,0.4040391569357061,0.7436161044028777
0.5936954447177981,0.38612122407644356,0.7201865075185669
0.5833638957251922,0.36314874517636525,0.6972556191751795
0.5966557266019292,0.3516669748877787,0.6800161726297224
0.5990959945751608,0.3663669874202638,0.6882241351155639
0.6004019932581152,0.3870396013168869,0.7074757123572535
0.4567083507580074,0.4200768095790164,0.7628961028897702
0.4606539912676946,0.4242130427628131,0.7702575658185432
0.47734926904329034,0.4159492502066031,0.7633891159885116
0.4912331562968535,0.39757663008028366,0.7381156024652854
0.5063509997674444,0.35761321196717044,0.6917494357868321
0.5124931363917591,0.30754083053927417,0.6366794388069914
0.4934572968723049,0.28548640696251815,0.6252908737603756
0.46238578169569294,0.3033954658822996,0.6554178517005962
0.4106241244958275,0.35437697128843787,0.7335781907161623
0.36820867696563453,0.38974046624436803,0.7871376062660712
0.351192778435263,0.41592212029859127,0.8222862626806038
0.36174590028392145,0.4577307161481026,0.8704878238218395
0.39197676149223554,0.5068937874253092,0.9170193638322327
0.39269070379836374,0.5344572511596652,0.9443050080516914
0.40026072503493487,0.5395117972004811,0.943806299510768
0.39301134385576214,0.516539382683827,0.9160247874757635
0.3968350984361473,0.4862213022955346,0.888066539207309
0.396121156130019,0.4586578385611787,0.8607808949878505
0.4032984948432651,0.43936684119441577,0.8482181766259378
0.4334074701222772,0.45407559889953353,0.8594300054391034
0.46161839034150864,0.455002592545761,0.8594243239883482
0.46983031141828124,0.445357190437516,0.8458670292699666
0.4645786722256397,0.4205483433570963,0.8192539890995039
0.45792134742329316,0.39068507900270943,0.7834384100867304
0.442509888630723,0.3695489682829725,0.7641896735704183
0.43471829453809924,0.3456583052927235,0.7394177093134933
0.4365443264345758,0.3171766504903717,0.7102909751890699
0.4441641911345222,0.31442209821985956,0.704767747448457
0.4478384153247815,0.3075313127655509,0.691883056779071
0.43632275357852324,0.2983405335409384,0.6850203023912215
0.4459403602650009,0.2937495487066607,0.6806655465151503
0.4594039205344151,0.30891299367883535,0.6937212919672312
0.46919325661357003,0.33096722410531865,0.719661728088698
0.4338554415672499,0.3626579252949668,0.7707074776675004
0.42191945283684273,0.3870032111688485,0.8021739822549576
0.4422889313794779,0.3718486331578407,0.7824208786183042
0.4212553498734925,0.3516306421448503,0.7698638417071467
0.40973968812723416,0.34243986292023787,0.7630010873192971
0.40211982342728775,0.34519441519075,0.76852431505991
0.4028836091967912,0.3649487806137781,0.7907854400796791
0.4146208437991021,0.3929756767878238,0.822918867265377
0.4199721699184942,0.40216632724558765,0.8394828690364606
0.46207333179465504,0.4816151449192637,0.7030815977783779
0.4829986843488926,0.5197265107318056,0.6039404051741634
0.47432327773367755,0.5050345351542868,0.6520931696234329
0.4788111311568156,0.5100890168116784,0.6564450847741264
0.5208500299825578,0.5872708185411158,0.6884505724183406
0.6225142373699513,0.6796252351279078,0.7074119627650403
0.7731527365382346,0.8243691586736207,0.8056822261321609
0.8290175986751037,1.028861847695389,1.2853339382583915
0.7546769426875528,1.1179946287099067,1.5655592344273448
0.6755672182393052,1.1510495204675744,1.6124354865396588
0.683236926402627,1.140485869885734,1.6018877395993567
0.6738180738442456,1.0927046726720846,1.5426425637022725
0.6377933605298391,1.0178145058408634,1.4725075312994957
0.618364218761655,0.950278750053913,1.4055531014574936
0.6319995084237465,0.9920874102868488,1.4489040389071124
0.6670616818405533,1.0995953937429692,1.560377878063275
0.6144684217153432,0.9383334185587885,1.3931671193290311
0.6027810305764076,0.902497424073415,1.3560091729436434
0.6481747529858203,1.0329778864296137,1.4904139004431938
0.6651636267807727,1.0858136296840788,1.5491603677993546
0.6741393336270488,1.095922592998862,1.5578641981007417
0.6778135578173081,1.0890318075445533,1.544979507431356
0.6636360552417657,1.0463048988380226,1.5046381177598165
0.6694797508112335,1.0642228960807094,1.5232170909525102
0.6817591983269953,1.09316804072835,1.5523409703601287
0.6772713449038572,1.0881135590709583,1.5479890552094353
0.666347739534425,1.0720319300086132,1.5330922338438167
0.661859886111287,1.0669774483512215,1.5287403186931232
0.6638077846344429,1.0729501140987838,1.5349333097573543
0.6637579411710677,1.0807592124101117,1.539957828957044
0.6214962300384634,0.9424697161260094,1.3956779585661871
0.4709159725753953,0.48946525801162294,0.9268516665339391
0.4163748139270293,0.32223061707988016,0.7534479167354637
0.41442691540387333,0.3162579513323179,0.7472549256712325
0.4124790168807174,0.3102852855847557,0.7410619346070012
0.4105311183575615,0.30431261983719343,0.73486894354277
0.4166960737098324,0.32544853740665763,0.7686695511339331
0.4379426881071717,0.36677782703513423,0.6847499814925192
0.4753553811955853,0.43013697520234156,0.47709117336937534
0.46678028123252546,0.4209625918047826,0.558696754393663
0.455072548206954,0.3984614500433545,0.6066756347705285
0.4420095948207561,0.38423258498840407,0.6839293006441226
0.43550303985934474,0.3732136033052649,0.7200438739810748
0.4327421318287148,0.37643145924861815,0.7401161320711611
0.42493019378915653,0.3658756454931573,0.800481006012158
0.42742030522576335,0.3727665597143145,0.8036644492983097
0.42936820374891926,0.37873922546187666,0.809857440362541
0.42682824884893716,0.37965740955204735,0.8116985162760787
0.43521189931838705,0.3966572227045634,0.8284364135552348
0.44105559488785484,0.4145752199472501,0.8470153867479285
0.44241143703418456,0.42743873553254536,0.8612424447899288
0.44490154847079144,0.4343296497537024,0.8644258880760808
0.4504738277208314,0.4412206283582839,0.8627587076706157
0.4498817713440052,0.4481114781960169,0.8707927746483847
0.4512874569537102,0.45316589546998415,0.8799953134906952
0.4467996035305721,0.44811141381259273,0.8756433983400016
0.44625739061712116,0.4471931653389977,0.878652946118081
0.45015318766343304,0.45913849683412217,0.8910389282465434
0.4590790510463339,0.47705655846023315,0.9047672777476202
0.49540222471821005,0.4839563396430463,0.9012533259864353
0.5416137823679643,0.47615637280489637,0.8701289309643679
0.56506543284463,0.461001866155627,0.8455251807647602
0.5662993890616576,0.4394110681688333,0.8244325276095329
0.5706155130921184,0.41782033456546375,0.7984892507626886
0.561589962782467,0.41552046956200844,0.7948099396609908
0.5500743010362087,0.40632969033739613,0.7879471852731413
0.5455864476130706,0.40127520868000455,0.7835952701224477
0.5613683940470117,0.3966843595908897,0.7695392439918054
0.5752024378371996,0.3861208377758982,0.7492902496682688
0.5713066407908878,0.3741755062807736,0.7369042675398062
0.5706647409506862,0.3888754544298345,0.7499628537172648
0.5635870891641908,0.39254825517394165,0.7524765336797983
0.5667191004409992,0.38473922124603793,0.7426013907884919
0.5596912921178789,0.3806029236788171,0.7400905515513359
0.5709355375447094,0.378766684265324,0.7267071523410266
0.5728834360678653,0.3847393500128863,0.7329001434052579
0.578727131637333,0.402657347255573,0.7514791165979516
0.5833867144531484,0.4343570441737256,0.7861262237461832
0.5835584438458257,0.46100225943448675,0.8164214157437211
0.593126207068928,0.4642203729115369,0.8170911790673394
0.587232668036085,0.45411147398017804,0.8035367250743353
0.5763090626666529,0.43802984491783276,0.7886399037087168
0.590735162833667,0.42057547326510825,0.7603568424074115
0.5989470839104397,0.41093007115686314,0.7467995476890297
0.5887374208471359,0.42241190582887383,0.7591883705428698
0.6097710023531212,0.4426298968418642,0.7717454074540273
0.4323211851191611,0.3888317355444965,0.7349435360720709
0.45404650992872325,0.3865406800970982,0.7294174676060804
0.4701497313274928,0.38516773737862114,0.7305830847538174
0.48225744945057736,0.3874676667655006,0.7294117721638982
0.4917033267443777,0.3562314666704617,0.694761824290289
0.4933576099455544,0.30110460358517394,0.6353399121597547
0.48956149982599306,0.2735410754673937,0.6129048916319131
0.4971813645259395,0.27078652319688157,0.6073816638913001
0.4942709261051837,0.29743167407421844,0.6425274795804551
0.47471507267483004,0.32453151221861226,0.6795172119085254
0.40613627107268946,0.34932248963104645,0.7292262755654687
0.37587838512895627,0.3791768156625281,0.7765898593257687
0.3926456860678561,0.41317644196756015,0.810065653884081
0.4074650884836001,0.4412034025250299,0.837348457378162
0.3972554254202962,0.4526852371970406,0.8497372802320023
0.4169830082433271,0.45223061431340794,0.8430427399014699
0.41330878405306787,0.4591213997677166,0.855927430570856
0.41027645970301,0.45131223707296464,0.8557535350627834
0.4325938408893984,0.4421303317878333,0.8421933996190237
0.4638370854586876,0.4508664881288129,0.8423616136763413
0.46398661584881346,0.42743919319482926,0.8272880560772726
0.4589067060488492,0.4292755613751707,0.8309702079043478
0.4589067060488492,0.4292755613751707,0.8309702079043478
0.45365506685620766,0.404466714294751,0.8043571677338852
0.443915574240428,0.3746033855569399,0.773392212412729
0.43612398014780424,0.3507127225666909,0.7486202481558039
0.44655521606716064,0.3580670048441133,0.7615020980998122
0.44985895673664633,0.3769031861769707,0.7819221472060436
0.4450996869940804,0.3608216858814739,0.7573240784571911
0.44352229129432075,0.32912204636892045,0.7178263336259155
0.43735793636483195,0.3291219245798971,0.7275275950005765
0.4437937076137486,0.34014906500702574,0.7380724872240744
0.4578991677233643,0.34061256183013955,0.7380696464986968
0.4753083643818684,0.35991223300779646,0.7584868777508879
0.4494884690952754,0.40263014598582253,0.815226909852998
0.43035294264907065,0.39619391903172235,0.8138873832057614
0.41693922584303167,0.37322137574821984,0.795807118553991
0.4167674964503544,0.3465761604874587,0.7655119265564532
0.4198496642637875,0.34657622487088297,0.7606613028648361
0.4556306250222127,0.35255775758010116,0.7601568988817304
0.4464063012818423,0.4026300816023983,0.820077533544615
0.43479157233423815,0.4301932878030575,0.8667656725305417
0.46952270655273365,0.4944869549932219,0.7542668879890211
0.5025268933184225,0.5505082810934845,0.6173439416423893
0.5055388778421429,0.571652300001339,0.7026546524770464
0.5754921298117192,0.7811588858452613,0.9388090408304407
0.6586590902051932,1.023738574025555,1.1696398685957567
0.8095677845145682,1.1372379298817377,1.2011525673386492
0.9247723872944615,1.157929259153265,1.1342500213764304
0.9397197397930352,1.1335922016400437,1.1445923783670675
0.8618671421584084,1.053687605670256,1.3616103243080553
0.7219559700426318,1.0619406432115428,1.5158442511307997
0.7280206187427474,1.0775589686010472,1.5161920421469448
0.7749239196960785,1.0472499553025083,1.4669845417477296
0.6803805567553319,1.0090962191678694,1.4492432937556978
0.6181924893689777,0.923633534793152,1.3752579094599557
0.6248498141713243,0.9534967991475389,1.4110734884727292
0.6799331857331413,1.1216496885528768,1.581467690493125
0.6221381298786649,0.9277697679769487,1.3826193723887288
0.613754479409215,0.9107699548244325,1.3658814751095727
0.6533045062491598,1.0233324199379443,1.481707229416429
0.6663975829978004,1.0642228316972853,1.528067714644127
0.6636360552417657,1.0463048988380226,1.5046381177598165
0.6446992829236573,0.9874964898359953,1.4396986593394243
0.6272180396786292,0.9259333997966073,1.3789372205616535
0.6472890812870148,0.9787692074344966,1.432833064226197
0.6790475333369584,1.0674410025799346,1.5238868402847014
0.6868391274295822,1.0913316655701835,1.5486588045416265
0.6829433303832704,1.079386334075059,1.536272822413164
0.6726117620880419,1.0564138621528056,1.5133419480612036
0.6616881567186097,1.0403322330904605,1.4984451266955852
0.6622303696320606,1.0412504815640555,1.4954355789175058
0.6739177607709962,1.077086476049429,1.5325935253028933
0.646055125069987,1.0003600054212904,1.4539257173814246
0.5759307782363735,0.7853440385090499,1.230978039069099
0.5252854166343194,0.6300547290724314,1.0699602713990861
0.4596489084206086,0.4200931984277555,0.8513644611732447
0.43129390326952377,0.3346393810146942,0.7706816818301656
0.43780046235153236,0.3456583696761477,0.7345670856218763
0.4873424528401772,0.44025416862236355,0.5276038595310227
0.49178046279994,0.4531177485910829,0.5369802938814059
0.4782251379033678,0.4301615332620524,0.6122189997690582
0.4642987118209159,0.4117964994067297,0.6772605790222622
0.45010086941903615,0.38240444691330155,0.7220560046773075
0.448966600128759,0.38837704827743963,0.7330996194331556
0.4459342757787012,0.38056788558268745,0.732925723925083
0.43449795701225885,0.36909375897020746,0.8011507693357761
0.4395280233488479,0.37506648910119383,0.8024931367083904
0.4434238203951597,0.3870118205963184,0.8148791188368528
0.4428317640183335,0.39390267043405125,0.8229131858146218
0.4492675159646275,0.4049298178390051,0.8334580920295468
0.45121541448778346,0.4109024835865673,0.8396510830937779
0.4551112115340953,0.42284781508169184,0.8520370652222405
0.45506136807072,0.4306569133930196,0.8570615844219301
0.45868574879760404,0.4315752262500388,0.8492014129522337
0.4594993780304828,0.44352049336173915,0.8664380187723134
0.46734081558648183,0.4596020580406602,0.8861854638295489
0.4648008606864997,0.46052024213083087,0.8880265397430865
0.4667487592096556,0.46649290787839304,0.8942195308073179
0.47064455625596746,0.4784382393735176,0.9066055129357803
0.47703046473888616,0.4972744850897993,0.9221749383503947
0.50378587518766,0.5009561527955624,0.9179912232655916
0.5150799640778657,0.4913108150707414,0.8995833048555927
0.52015987387783,0.4894744468904,0.8959011530285174
0.5238839415314646,0.47477456312476346,0.8779919431594418
0.5377678287850277,0.45640194299844405,0.8527184296362159
0.5445740642520954,0.44170212361623157,0.8299585960755236
0.5394941544521311,0.44353849179657295,0.8336407479025988
0.5115546505523275,0.45363851678845074,0.8538925829515128
0.5310606646399032,0.4343477839336993,0.821927346951795
0.5367326308166938,0.4256205659156249,0.8102111281469508
0.5347847322935378,0.41964790016806275,0.8040181370827195
0.5352771017436134,0.4283752469529854,0.8060331085043296
0.510419765657243,0.4384753363282875,0.8214343198616267
0.508471867134087,0.43250267058072533,0.8152413287973956
0.5172758445876859,0.41596641863474726,0.7936499671012448
0.538137696700994,0.40953919438697645,0.7759118120148643
0.5552754811606675,0.4178118539048424,0.7760828667975593
0.5433394924302603,0.44215713977872406,0.8075493713850166
0.5601067933691601,0.47615676608375607,0.8410251659433288
0.570438342361766,0.49912924498383426,0.8639560542867162
0.5958378913615875,0.4899474040821272,0.8455452951513398
0.6130255192846363,0.49041096528866523,0.8406918307343453
0.5975642170286909,0.47708395288025635,0.8264676134177227
0.611990317195705,0.45962958122753184,0.7981845521164175
0.6215580804188073,0.46284769470458187,0.7988543154400356
0.6113484173555035,0.4743295293765926,0.8112431382938757
0.6214583934920568,0.47846589132723766,0.8089033538394148
0.4384134782801006,0.3465684524279281,0.6848980582919199
0.46462667581542344,0.34933187166009616,0.6837238909851959
0.46997800193481554,0.35852252211786,0.7002878927562796
0.46955767495066664,0.3920585872163541,0.7386171517315864
0.47414521530055526,0.38149487225108986,0.7329200284829008
0.47012753232494137,0.3350952271838764,0.6852143351572109
0.4649257365956751,0.3024772817921289,0.6535767757870585
0.48075752237239416,0.29007732741337167,0.6344962533280638
0.5075627569819207,0.28594990378563195,0.6252880330349981
0.5272903398049515,0.28549528090199927,0.6185934927044658
0.4948629824820099,0.2905408242364855,0.6344934126026863
0.47146117546871963,0.29788623257442687,0.6540726436026044
0.5021123636611827,0.3135132387531395,0.6622749246376908
0.5124439126537885,0.3364857176532177,0.6852058129810782
0.4866240366698181,0.37920362365341886,0.7419458310917614
0.4875595518319989,0.42560320433720816,0.7945021481090684
0.5089143931207875,0.44903911567697596,0.8222808194186954
0.4911347088209124,0.4554664043081709,0.8351683508134589
0.5013443718842162,0.4439845696361601,0.8227795279596185
0.5286918194071937,0.4407753944820153,0.8105617598884735
0.5155495189205825,0.4288298698366182,0.812727648834862
0.5079296542206361,0.4315844221071303,0.818250876575475
0.5116537218742707,0.41688453834149364,0.8003416667063994
0.4683027591818969,0.40584845261363467,0.8013447652390013
0.45035132618672197,0.38563053296189354,0.7839371186276538
0.4478612147501151,0.37873961874073636,0.7807536753415019
0.4551105959292879,0.40171203325739047,0.8085351873765063
0.44435871995253307,0.4122756194558063,0.8239335580084258
0.4435450907196543,0.4003303523441059,0.8066969521883461
0.44191783225389675,0.3764398181207055,0.7722237405481871
0.44083340642699487,0.37460332117351564,0.7782428361043457
0.4416470356598737,0.3865485882852158,0.7954794419244254
0.4995238006280374,0.36451209178155525,0.7561442525710492
0.5601122347068352,0.3682026404046244,0.7452631704217632
0.4996955300207147,0.39115730704231627,0.7864394445685872
0.4932597780744207,0.38013015963736246,0.7758945383536624
0.5040614975145508,0.36175747512761885,0.7554716485220533
0.4976257455682567,0.3507303277226651,0.7449267423071285
0.48978430801225775,0.33464876304374397,0.725179297249893
0.5390288097374746,0.35579374770296196,0.7377306527102953
0.4909413960304911,0.39988446067696637,0.8030062870650484
0.44825513260365235,0.4453567327752321,0.8798214179826226
0.47825650071661996,0.4990946575716743,0.8228368608191446
0.5400077702345494,0.6437796010797876,0.7351588957263934
0.6274920941092936,0.9070401332619432,1.0270501565936594
0.7126574162147036,1.1689191776810868,1.3025513111979146
0.7351969899825492,1.1997091781480047,1.3577637035264005
0.8273487082652525,1.1730822188557744,1.2752687458926801
0.9063790663104643,1.1423106744854854,1.1533047308445874
0.9228016700433495,1.0807482944083422,1.0391864257411954
0.9026388648379553,1.0201197181581754,1.0735850276985506
0.8105318964289916,0.9843147091018737,1.3491812269383816
0.7960349891262629,1.0017772394980982,1.4241237906629012
0.8253297154469915,0.9834049412889002,1.3745971586815904
0.7445213290950871,0.9714416687645409,1.3901578097397984
0.6387337207275101,0.9351241720433944,1.385799960958076
0.639497487194391,0.9548785444442477,1.4080610999692722
0.6998823414122248,1.140031182618677,1.6000438229604412
0.6317058931017673,0.9309878814539986,1.3832891357123471
0.6213743441091615,0.9080154025539204,1.3603582473689597
0.6492369798101707,0.9847418731820589,1.4390260552904284
0.6467468683735638,0.9778509589609018,1.4358426120042762
0.6303500702580602,0.9181243588908785,1.36906206367892
0.6250485876020434,0.9011246101217867,1.3474735427081468
0.6387337207275101,0.9351241720433944,1.385799960958076
0.6504211118664457,0.9709601665287678,1.4229579073434637
0.6646484579053634,1.0058779769239705,1.4582747778153136
0.6886152965600608,1.0706591160569847,1.5245566036083198
0.6860753416600787,1.0715773001471554,1.5263976795218575
0.6802316460906108,1.0536593029044685,1.5078187063291637
0.6684944114883,1.025632406730423,1.4756852791434656
0.6645986144419881,1.0136870752352984,1.4632992970150032
0.662058659542006,1.0146052593254693,1.4651403729285408
0.6770497720478046,1.0692774421215252,1.5227183824115866
0.6990687314819687,1.128085908529152,1.5828072031489349
0.6899212952430152,1.0913317299536076,1.5438081808500095
0.6030794909338772,0.8345070384250072,1.2823601887796823
0.5413387945697137,0.6364908846652825,1.0761504077465127
0.5339498088826042,0.5624786787378886,0.7260527466461718
0.5173228776135774,0.4861911486177316,0.5122542658818082
0.4957051630605077,0.4494530422075413,0.5859767031709393
0.48772211741397553,0.4333878054830922,0.6595482286531268
0.4707633669814658,0.4072136089330172,0.724415912398258
0.4650199780641533,0.39481320387029045,0.7392897557805823
0.46166639393129233,0.383786120848761,0.7238942258740404
0.4580419939017857,0.3828678149695669,0.7317544113351637
0.44860341712187457,0.36955725579332116,0.8011479286103986
0.4516357414719324,0.3773664184880733,0.8013218241184712
0.45693722412794924,0.3943661672571651,0.8229103450892443
0.4594273355645561,0.4012570814783223,0.8260937883753963
0.4639152082903168,0.40631155615788866,0.8304456895346627
0.4639152082903168,0.40631155615788866,0.8304456895346627
0.4639152082903168,0.40631155615788866,0.8304456895346627
0.4677611425706308,0.42606599294216607,0.847856204854242
0.47084332968668646,0.4260660503477653,0.8430055671711979
0.4741470510535495,0.4449022386584478,0.8634256302688563
0.47496068028642824,0.45684750577014804,0.880662236088936
0.4724207253864461,0.45776568986031874,0.8825033120024737
0.4751822531424808,0.4756836227195813,0.9059329088867842
0.4751324096791055,0.48349272103090907,0.910957428086474
0.48405827306200644,0.5014107826570201,0.9246857775875508
0.48795407010831826,0.5133561141521447,0.9370717597160132
0.4854141152083361,0.5142742982423153,0.9389128356295507
0.48287416030835395,0.515192482332486,0.9407539115430884
0.4865483844986133,0.5083016968781773,0.9278692208737027
0.4908645278316967,0.48671095629698263,0.9019259300354311
0.4818389582194227,0.4844110982713524,0.8982466329251606
0.486918868019387,0.48257473009101104,0.8945644810980853
0.4824310145962489,0.47752024843361957,0.8902125659473916
0.48864521710971026,0.4697112788896295,0.875486762501704
0.4861052622097281,0.4706294629798002,0.8773278384152415
0.4810253331071412,0.47246583813796666,0.8810100042337439
0.47448989423409665,0.4770568873556686,0.880514136418198
0.46433007463416803,0.4807296237163514,0.8878784400723486
0.44773450308794543,0.4733752126720805,0.8846978375115744
0.452000783655031,0.45959357738003886,0.8637790798644194
0.46324502908186144,0.4577573379665458,0.8503956806541101
0.4767085893512757,0.4729207829387204,0.8634514261061912
0.4692604540440065,0.5023205504699937,0.8992698458443419
0.4872118677365588,0.5225384770995598,0.9166775064471163
0.5413147405115453,0.5230110150410048,0.9002760703553776
0.5782299512576251,0.52301995336391,0.8887280656078507
0.6030374438806203,0.5207289622999359,0.8783513734502433
0.6220012409341478,0.5005199739932752,0.8493957080999418
0.626217678037858,0.4945474370125614,0.8335014696524767
0.6281655765610139,0.5005201027601236,0.8396944607167081
0.6320115301439505,0.520274532566576,0.8571049620448601
0.646609359703642,0.5294653761746125,0.8591170927410927
0.48938432497504336,0.3548499789074499,0.678371718027278
0.5091617512614496,0.34658625771248924,0.6666526584970562
0.503761201404087,0.3663404943686691,0.6986150309000593
0.47485915760668346,0.40905833598544594,0.7602056727023595
0.4774489559700409,0.40033105358394727,0.7533400775891324
0.47537917151758297,0.3599040742642961,0.7118273753276736
0.47584934196510714,0.31855891085447424,0.6684735971526771
0.4725456012956215,0.29972272952161677,0.6480535480464457
0.48275526435892535,0.288240894849606,0.6356647251926055
0.4960470952356623,0.2767591245610196,0.6184252786471485
0.48221305144547444,0.28732264637601107,0.6386742729706849
0.4917808146685768,0.2905407598530612,0.6393440362943033
0.49064654537829966,0.2965133612171993,0.6503876510501514
0.48768626349416855,0.33096761040586403,0.690557985938996
0.4981895418794517,0.3805853045667034,0.7437840662799213
0.5303683016109217,0.43572104159147224,0.7965085973545459
0.5816105453226698,0.45502959368692447,0.81022842467949
0.5542630977996924,0.45823876884106934,0.822446192750635
0.5427474360534341,0.4490479896164569,0.8155834383627855
0.5464715037070687,0.43434810585082034,0.79767422849371
0.5677044590665552,0.4233297036184992,0.7901331886061094
0.5569525830898003,0.433893289816915,0.8055315592380289
0.5728342123298947,0.4136842371268299,0.7814265175793444
0.5453150354142401,0.3902481970202137,0.7633490936529516
0.49883206144505793,0.38702114522025827,0.77422733507686
0.4703005011684281,0.404012020049869,0.802513237103543
0.45528232532196516,0.4283572485181516,0.8388303793740443
0.4451225057220366,0.4320299848788344,0.8461946830281949
0.4476126171586435,0.4389208990999915,0.8493781263143468
0.4538267962488849,0.4311119295555121,0.8346523597314232
0.5035414877242486,0.4109117438270831,0.8038499230254021
0.49732730451340984,0.418720706393248,0.8185757124796628
0.5673117724226328,0.3989841532326063,0.7780692016564572
0.617740386901502,0.4063474382163584,0.7745524231613218
0.5749316371225792,0.39622960096209414,0.7725459739158443
0.5823299289664731,0.3746389317421488,0.741752073377383
0.5772998626298841,0.3686662016111623,0.7404097060047686
0.5562164376605234,0.35625730890949986,0.7328771882933007
0.5447007759142651,0.34706652968488755,0.7260144339054511
0.5734040655835722,0.35672087011603787,0.728023723876306
0.5470419766861508,0.39852052764264406,0.7877732897650688
0.4876604740889616,0.45225657834146943,0.8714568425298208
0.5167510004445315,0.594210640226982,0.9812921988988672
0.6647015399027574,0.9892843892203143,1.1246189100152952
0.723580401858731,1.1638650179408165,1.273946277589136
0.731964052328181,1.1808648310933327,1.290684174868292
0.7611597307501863,1.1992465113315807,1.2947084222693301
0.8072992459340138,1.149183132610014,1.2232397968503457
0.8798230490178142,1.1073926065565856,1.1373903551392055
0.9000195638677092,1.0233212444024782,1.0003383209670482
0.8912648101520809,1.0109126092345124,0.9734033084891124
0.8280519601504802,0.9558007203072096,1.109163470139792
0.7978874067301313,0.8731424055622675,1.257600091784815
0.8070126439665333,0.8598240739430671,1.2512303644871332
0.7484939943401934,0.896560504639649,1.3036241488978781
0.6475376981811091,0.9185879200974165,1.3642085992619253
0.634245867304372,0.9300696903860028,1.3814480458073826
0.7010664734684998,1.126249475965386,1.5839756750134766
0.6379699349580067,0.9153698066203664,1.363538835938307
0.6256904874422449,0.8864246619727258,1.3344149565306882
0.6412736756274923,0.9342059879532236,1.3839588850445383
0.6232003760056379,0.8795337477515687,1.3312315132445363
0.6223867467727592,0.8675884806398685,1.3139949074244568
0.6477094275737862,0.9452331353581775,1.3945037912594633
0.6697283677053277,1.004041608743629,1.4545926259882382
0.66388467213586,0.9861236115009425,1.4360136527955445
0.6521972809969244,0.9502876170155691,1.398855706410157
0.6594466621760972,0.9732600315322232,1.426637218445161
0.6730819518381886,1.0150686917651588,1.46998815589478
0.688665140023436,1.0628500177456568,1.51953208440863
0.6794678603211074,1.0339049374814404,1.4855575813093946
0.6663747835724668,0.9930145257220998,1.4391970960816964
0.6683226820956227,0.9989871914696621,1.4453900871459275
0.6683226820956227,0.9989871914696621,1.4453900871459275
0.685853768804026,1.052741183197722,1.501127006724009
0.6994890584661176,1.0945498434306578,1.5444779441736278
0.6965065775794351,1.0789315824245778,1.5392795294658657
0.7222613852262497,1.1119804974973437,1.3745750596485606
0.7336885391518421,1.104594008250368,1.1411009085022223
0.6485028761899455,0.8560498182997482,0.9507365749423863
0.5324222373435972,0.5229699478918323,0.6815304966066336
0.4974400307526084,0.4343144128287744,0.6886462893520734
0.4856319931351803,0.4062956823765435,0.7031723417182525
0.48065177026196654,0.39251385393422905,0.6968054551459486
0.4778403990425566,0.3824050193862945,0.6784003774613275
0.46608282461390843,0.36771297942535136,0.7314037656022141
0.46081084147433227,0.35623898157971984,0.7899275636296732
0.464385378737841,0.3649663927480668,0.7870919113596664
0.4702290743073088,0.3828843899907535,0.8056708845523601
0.4746670842670716,0.395747969959473,0.8150473189027434
0.4766149827902275,0.40172063570703515,0.8212403099669745
0.4760229264134013,0.4086114855447681,0.8292743769447435
0.4760229264134013,0.4086114855447681,0.8292743769447435
0.4754308700365751,0.4155023353825011,0.8373084439225125
0.4899788561328912,0.4325022773018656,0.8443450938184348
0.49133469827922094,0.44536579288716077,0.8585721518604348
0.4825805642889973,0.45409294652181087,0.8751389943568961
0.4819885079121711,0.46098379635954373,0.883173061334665
0.4833443307558782,0.4738473189226641,0.8974001333680921
0.482752274379052,0.48073816876039693,0.9054342003458611
0.4903223149182458,0.48579270782338774,0.9049354778135105
0.4891381828619707,0.49957441447667866,0.9210036257604755
0.49303397990828257,0.5115197459718033,0.9333896078889379
0.4924419235314563,0.5184105958095361,0.9414236748667069
0.4865483844986133,0.5083016968781773,0.9278692208737027
0.48460048597545735,0.502329031130615,0.9216762298094714
0.4820605310754752,0.5032472152207856,0.9235173057230089
0.47698062127551094,0.5050835834011271,0.9271994575500843
0.4871404408754395,0.5014108470404443,0.9198351538959337
0.49589459416828574,0.4926836864279691,0.9032682974080455
0.4888667665425429,0.4885473958385733,0.9007574721623164
0.4843290737766268,0.4913020194708241,0.9014300533399753
0.49108548508294186,0.4844112914221144,0.8836947249875454
0.4758457363804263,0.48992040294096373,0.8947411944601983
0.46627797315732394,0.4867022894639137,0.8940714311365799
0.45471246794769044,0.48532060855062925,0.8922331959484198
0.4622326457208863,0.4981842529027728,0.896759006607186
0.463588487867216,0.5110477684880681,0.9109860646491861
0.4694321834366838,0.5289657657307548,0.9295650378418798
0.4899235668324536,0.548265553659977,0.9451316695953261
0.5262467405043297,0.5551653348427902,0.9416177178341414
0.5631619512504095,0.5551742731656955,0.9300697130866146
0.5879694438734048,0.5528832821017213,0.9196930209290071
0.6057491281732797,0.5464559934705264,0.9068054895342436
0.6145032621635034,0.5377288398358763,0.8902386470377825
0.629693148100021,0.5400288336061799,0.8842167107562461
0.6417510227597302,0.5501378613043871,0.8880699173660165
0.6526746281291623,0.5662194903667325,0.9029667387316349
0.5222049845467149,0.39528576778315805,0.7180376629244439
0.5451144221099296,0.37921301266029367,0.6964434605029157
0.5400345123099652,0.3810493808406351,0.700125612329991
0.5092344134527811,0.4099854583985219,0.7504987438683703
0.5143641667161206,0.40033999190685265,0.7417920728416055
0.5015425062869079,0.3704765987856172,0.7156777412120662
0.49380075565765946,0.3387768374840404,0.6858812577554516
0.47335923052850026,0.311667996633317,0.6652901538665252
0.4706475462358409,0.2859409654627267,0.6368360377825248
0.4611296264761138,0.2749137536743486,0.631141755259217
0.4720033883821706,0.2988044810480218,0.651063095824525
0.47789692741501366,0.3089133799793806,0.6646175498175293
0.47476491613820526,0.31672241390728434,0.6744926927088358
0.4763921746039628,0.3406129481306849,0.7089659043489948
0.5314803718986475,0.3796759300325895,0.7400962330020908
0.5509593571302067,0.43940258750821193,0.8020261436444036
0.5455089638094688,0.46696592247571944,0.8390130352470963
0.5310330201790794,0.4922293924397719,0.8723206157480912
0.5118974937328746,0.48579316548567164,0.8709810891008544
0.5371253133400189,0.44996610932320347,0.8222751379679402
0.5645724477897468,0.4311387375464029,0.8000083314974159
0.5481984490995767,0.4426204434515651,0.8220984017344899
0.5564103701763494,0.4329750413433201,0.808541107016108
0.6107119629735743,0.38107535882483606,0.7285397060784314
0.5701225280372353,0.3879572059562396,0.7529724014953442
0.5017154751303946,0.43939339165160973,0.8329766431583984
0.46637766008407455,0.4710840928412579,0.8840223927372007
0.46691987299752546,0.4720023413148528,0.8810128449591214
0.4623821761110121,0.47475695796878914,0.8816854490081175
0.4883738007902824,0.4586842602515241,0.8552406089035451
0.5443026520532649,0.43067511195644065,0.8097124196060275
0.5432182221057658,0.4288386080309364,0.8157315380335233
0.5898008830016984,0.41644746320823617,0.7948042582102358
0.5987267463845992,0.43436552483434704,0.8085326077113125
0.5706155130921184,0.41782033456546375,0.7984892507626886
0.5762874792689089,0.40909311654738933,0.7867730319578444
0.590171366522472,0.39072049642106993,0.7614995184346185
0.5761157498762316,0.3824479012866283,0.7564778399603064
0.5574005504141758,0.342475609234034,0.7168090543377629
0.5835638851835008,0.35304813375535504,0.7206594202221555
0.5667197160458065,0.4058750030703393,0.7861032686342262
0.5462463552515959,0.586873512421564,0.9986712089475024
0.6247273278192402,0.8979066897950092,1.3322519083096773
0.7223537675185138,1.1409090531676578,1.3297824747188933
0.7417527879845537,1.181783265739375,1.2731227420239346
0.7424451510135351,1.1804100080816022,1.2985414916211837
0.746761275043996,1.1588192744782326,1.2725982147743393
0.7900900387338182,1.1197828500113471,1.2262263666451307
0.8446624281250664,1.0577743973283524,1.122969264331216
0.8701105811374537,0.998511880510086,1.012530276047356
0.8794783518117995,1.0118306001744106,0.989796255477501
0.8711445448057249,0.9870216887105668,0.9680338389986554
0.8456167565033844,0.8648547736309953,1.0622469575030715
0.8051416136421716,0.7670249125754885,1.1461177304525192
0.7599147948925687,0.7922795729834842,1.1812720683178068
0.6802634965588976,0.8455519980923472,1.2746597091911702
0.6280587129495497,0.8588612626217941,1.3022786886196125
0.6991954431441384,1.0334503145978076,1.4788630409788626
0.6305986678495319,0.8579430785316233,1.3004376127060748
0.620267118856926,0.8349705996315452,1.2775067243626876
0.6280587129495497,0.8588612626217941,1.3022786886196125
0.6066318291948345,0.7931619393986095,1.2341557869130686
0.6339024085190176,0.8767792598644809,1.3208576618123065
0.6656608412663386,0.9654510619877436,1.4119114518622378
0.6631707298297317,0.9585601477665867,1.4087280085760856
0.6461818560347793,0.9057244045121212,1.349981541219925
0.6456396431213283,0.9048061560385264,1.3529910889980041
0.6442339575116234,0.8997517387645589,1.3437885501556939
0.658732719869969,0.9456965677978671,1.3993515742257026
0.682649715061291,1.0182868052422092,1.4706579192183982
0.6921177913576428,1.0371231153419147,1.481376720941396
0.6792961309284301,1.0072597222206794,1.4552623893118566
0.6739946482724132,0.9902599734515877,1.4336738683410835
0.6656608412663386,0.9654510619877436,1.4119114518622378
0.6720965932126326,0.9764782093926974,1.4224563580771625
0.6851896699612732,1.0173686211520383,1.4688168433048605
0.7049801355601274,1.0403168030152596,1.337217399046429
0.7461175160275804,1.1101118562194463,1.1551512360286067
0.7503850360454754,1.138601798532636,1.221236188330246
0.7609676615311717,1.185936152283922,1.349550045598377
0.6502383636074508,0.862046977723597,1.0969080160979174
0.5066157311777905,0.43432277170086164,0.7207538978290996
0.49791082092553735,0.41410503822156813,0.6887943661514742
0.48913510765816703,0.3938954704640893,0.7034943140257257
0.48329141208869925,0.37597747322140257,0.684915340833032
0.4694148294696226,0.34980334105475186,0.7449324008865464
0.46648280765112277,0.3475117635616454,0.778211344824829
0.4700573449146315,0.3562391747299925,0.7753756925548222
0.4759010404840993,0.3741571719726792,0.7939546657475159
0.4778489390072552,0.3801298377202414,0.8001476568117473
0.484234847490174,0.398966083436523,0.8157170822263616
0.48672495892678086,0.4058569976576802,0.8189005255125138
0.48672495892678086,0.4058569976576802,0.8189005255125138
0.4875385881596596,0.4178022647693804,0.8361371313325933
0.4970565079193867,0.4288294765577585,0.8418314138559012
0.5040344727791316,0.4407748724363072,0.8493667722927466
0.5003104051254971,0.4554747562019438,0.8672759821618222
0.49663618093523776,0.4623655416562525,0.8801606728312079
0.4974498101681165,0.47431080876795273,0.8973972786512874
0.4949098552681344,0.4752289928581234,0.899238354564825
0.4954520681815853,0.4761472413317183,0.8962288067867459
0.49789233615481693,0.49084725386420347,0.9044367692725872
0.4973002797779907,0.4977381037019364,0.9124708362503562
0.4922702134414017,0.49176537357095,0.9111284688777418
0.4889166293085408,0.48073829054942036,0.8957329389712
0.4908645278316967,0.48671095629698263,0.9019259300354311
0.5246477273009681,0.49452892854779157,0.900253068179211
0.5031439753474585,0.5156561009446231,0.9310498094430499
0.5209236596473336,0.5092288123134281,0.9181622780482864
0.5195179740376286,0.5041743950394608,0.9089597392059757
0.5124901657145083,0.50003809747224,0.9064488999688199
0.5446959543019947,0.47615644416663505,0.8652782844014139
0.599169276491897,0.4509019769089121,0.8155720754612751
0.5813397487286467,0.4651383638514349,0.8334841260557282
0.5731776711152493,0.46697466764835216,0.8420169015744204
0.5355707170655928,0.48947477578583554,0.8716480116990952
0.4841296999231257,0.5225384127161357,0.9215281301387334
0.4987275294828171,0.5317292563241721,0.9235402608349661
0.5362348307115811,0.5248473832213463,0.9039582221824528
0.5668860189040441,0.5404743894000589,0.9121605032175392
0.5784016806503024,0.5496651686246712,0.9190232576053887
0.5904595553100116,0.5597741963228785,0.922876464215159
0.5842453762197701,0.5675831658673579,0.9376022307980825
0.5531738610431581,0.5854922247871394,0.967729208738303
0.5754413987661713,0.5841194178133359,0.9591935924942333
0.608410969002564,0.5799921229524447,0.9402841248179336
0.6351165166853399,0.5914828959473606,0.9411249429242468
0.6376066281219467,0.5983738101685178,0.9443083862103987
0.5307603644088421,0.43893079619643516,0.7650707522011381
0.5275064672027318,0.41228551655224976,0.7396261838952171
0.5413903544562949,0.39391289642593036,0.7143526703719911
0.533870176683099,0.3810492520737867,0.7098268597132249
0.5358679186696302,0.379212819510021,0.7109953315777666
0.5091623709868544,0.36772204651510504,0.7101545134714533
0.4855888345808868,0.3484222395922854,0.6994385524738335
0.48097909522844673,0.3089134443628049,0.6597669261259123
0.48783517415888966,0.2864045266692646,0.6319825733655302
0.47442145735285074,0.2634319833857622,0.6139023087137598
0.46561747989925184,0.27996823533174015,0.6354936704099106
0.4644333671455994,0.29374993500720603,0.6515618043654484
0.49454234242461154,0.30845869271232373,0.6627736331786139
0.5527625509961045,0.3397126406863248,0.6840288189404036
0.5448940887046864,0.4026484733160921,0.7581764976538615
0.5173478870536127,0.458229830518164,0.833994197498162
0.5437327946789902,0.4876384719889183,0.863115236180403
0.53569261779813,0.5239291347477514,0.9069677699605322
0.5317469624852076,0.5197928561741278,0.8996062599675497
0.5494047608557806,0.478911253970844,0.8513990173755587
0.5498749313033049,0.43756609056102214,0.8080452392005624
0.5397649551667516,0.433429728610377,0.8103850236550234
0.5626245492665909,0.42516607179884064,0.7938153404331846
0.6202797261966767,0.3842934723018862,0.7292094694020499
0.5886161546432386,0.4090933810594006,0.7673705143200392
0.5430686958362372,0.4522659099432344,0.8308050727612547
0.49951897901576703,0.49360200626330264,0.895408103067012
0.4862271288364075,0.5050837835297142,0.912647563603896
0.4932050936961524,0.5170291794082629,0.9201829220407416
0.5070391567889629,0.5064656506154464,0.8999339137257782
0.509457225759643,0.4710931529531866,0.862773126615013
0.5330085631630591,0.4403204496812616,0.8281203380160261
0.5789991635615683,0.4348201477179797,0.8152271480418447
0.5809470620847242,0.440792813465542,0.821420139106076
0.5809470620847242,0.440792813465542,0.821420139106076
0.6145585321613184,0.42196557045558986,0.7894520852523178
0.6329302728380196,0.40864743198666187,0.7685304868797855
0.6217580698771159,0.4527470832835717,0.8222581164870119
0.6452277281521053,0.6378908285249227,1.0257888912899171
0.6641915252056327,0.6176818402182619,0.996833225939616
0.5999288669365755,0.6208820770495015,1.020598998758288
0.6295358212997767,0.8850433029765625,1.3083236028844432
0.6752508034919924,1.0187416856595384,1.4579499647824627
0.7112879363934423,1.103707966746326,1.3647027574826318
0.7430372073903614,1.1735191582438693,1.2905074246434147
0.745456515811851,1.1804182381868409,1.3403503474814438
0.7437079911421961,1.1432091791939671,1.3140592796184543
0.7699980355133921,1.059146106294787,1.2139654947684433
0.8123125587263238,0.9971292338454384,1.0834513962334507
0.8259237902096497,0.925458017475782,0.9509280191632716
0.832358922430539,0.9153493760781202,0.9179710704037994
0.8683331735863149,0.9769128541626321,0.9496287613140342
0.8838227389983395,0.9534940451230055,0.9569615705265918
0.8319611270149557,0.8363809696111624,1.1040328353800375
0.771728897693674,0.7334799735375135,1.114485852533122
0.7233700676672626,0.7665436678734127,1.1595153332897163
0.6525725902505657,0.79547074272497,1.2262870932672396
0.705757906752602,0.9498418680714175,1.3854637850237148
0.6277152541641952,0.805570832100272,1.2416883046245368
0.618197334404468,0.7945436203118939,1.2359940221012287
0.6156573795044858,0.7954618044020646,1.2378350980147663
0.6059178868887063,0.7655984756642534,1.20687014269361
0.647415812251807,0.8841336065253275,1.3288888880646976
0.6732807059662851,0.9626965097172314,1.406388224121625
0.6640834262639563,0.9337514294530153,1.3724137210223892
0.6382185325494784,0.8551885262611112,1.294914384965462
0.627986670483623,0.8165978507383772,1.2619344582226955
0.620145232927624,0.8005162860594561,1.24218701316546
0.6480078686286332,0.8772427566875948,1.3208548210869286
0.6713826509065044,0.9489147456583417,1.3951707138577039
0.6713328074431291,0.9567238439696694,1.4001952330573937
0.6841544678723418,0.9865872370909049,1.426309564686933
0.6950780732417738,1.0026688661532501,1.4412063860525515
0.6861023663954977,0.9925599028384672,1.4325025557511641
0.6825776725953643,0.9760233933587921,1.4303136888214814
0.7032316108904726,1.0031077440223861,1.3109263311834392
0.7289569138700999,1.0306308994487985,1.0661095709570736
0.7108836132180962,0.9759586575025646,1.013382204874906
0.7083233184917769,0.990211697805838,1.1003600961150282
0.7369792415390289,1.0922182882696219,1.28140133661883
0.731436465926027,1.090853067566815,1.36318081315119
0.5802432073376259,0.6369385720904751,0.944023595513108
0.49956634357752344,0.4012497527415118,0.716376163969734
0.49079063031015313,0.38104018498403297,0.7310761118439857
0.4863526203503903,0.36817660501531363,0.7216996774936024
0.474323625481717,0.3424575394379507,0.7544569349076674
0.47323919965481515,0.34062104249076086,0.7604760304638262
0.47513725471459584,0.35440280654965106,0.7716935407277469
0.4829786922705948,0.37048437122857214,0.7914409857849823
0.4854688037072017,0.37737528544972926,0.7946244290711343
0.4873668587669823,0.3911570495086194,0.8058419393350552
0.4932105543364501,0.4090750467513061,0.824420912527749
0.495700665773057,0.4159659609724632,0.8276043558139009
0.4976485642962129,0.42193862672002547,0.8337973468781322
0.5015443613425248,0.4338839582151499,0.8461833290065947
0.5054401583888366,0.44582928971027447,0.8585693111350573
0.5073382134486173,0.45961105376916467,0.869786821398978
0.5062039441583401,0.46558365513330263,0.8808304361548264
0.5076096297680451,0.4706380724072699,0.8900329749971368
0.505069674868063,0.4715562564974406,0.8918740509106745
0.508151842681496,0.4715563208808648,0.8870234272190577
0.5066963136084158,0.4743110019182254,0.8828454075764366
0.5041563587084337,0.4752291860083961,0.8846864834899743
0.4997183487486709,0.46236560603967675,0.875310049139591
0.5010741908950006,0.47522912162497194,0.8895371071815912
0.5086442121315717,0.4802836676657877,0.8890383986406677
0.5226998287778122,0.4885562628002293,0.8940600771149797
0.5367554454240526,0.496828857934671,0.8990817555892916
0.5850145885237134,0.4793833602214276,0.8641013132320765
0.5804768916372001,0.4821379768753639,0.8647739172810723
0.5632892637141512,0.48167441566882585,0.8696273816980671
0.5943109395479852,0.47157446203868675,0.8445249000861987
0.6081449833381731,0.4610109402236951,0.8242759057626622
0.6258748241746729,0.46239274990382806,0.8164128935675886
0.6272805097843779,0.46744716717779544,0.8256154324098991
0.6024231736980074,0.4775472565530974,0.8410166437671961
0.5204528883982372,0.5294382392887755,0.918014225441758
0.5116489109446384,0.5459744912347536,0.9396055871379086
0.5192687756445847,0.5432199389642415,0.9340823593972958
0.5307844373908431,0.5524107181888539,0.9409451137851456
0.5606219963504273,0.5560924572558661,0.9319107890001521
0.5408445700640211,0.5643561784508268,0.9436298485303741
0.5580820414504453,0.5570106413460368,0.9337518649136898
0.5828895340734405,0.5547196502820627,0.9233751727560824
0.5912731845428904,0.5717194634345788,0.9401130700352385
0.5779315102027782,0.5910103320344932,0.9623770357803852
0.580421621639385,0.5979012462556503,0.9655604790665372
0.582369520162541,0.6038739120032125,0.9717534701307685
0.5493038344782206,0.45225787298826836,0.7744443458261436
0.5339422191490257,0.42331266395720346,0.750171090110142
0.5210707152564378,0.401258369147296,0.7290812776802923
0.5254865262136491,0.3640494389212707,0.6930889624340687
0.5395919863232649,0.3645129357443844,0.6930861217086912
0.5441296832097782,0.36175831909044814,0.6924135176596953
0.5319000791573917,0.3250040761314798,0.6582651190523869
0.5247503849049694,0.28641346499216996,0.6204345686180035
0.4979949937588182,0.28273179030858175,0.6246182697113797
0.48221305144547444,0.28732264637601107,0.6386742729706849
0.4790810401686661,0.2951316803039148,0.6485494158619916
0.481028938691822,0.30110434605147707,0.6547424069262228
0.5117299703476603,0.3089222539188618,0.6579201687616194
0.5566583480424163,0.3516579721814493,0.6964148010688662
0.5450658180973637,0.42929368857685307,0.7884716896513995
0.5079020097598123,0.489466030613203,0.868644145371771
0.5419067820851362,0.5161201198134451,0.8922419563133992
0.564346064004062,0.5413925734902295,0.9140015791310768
0.5609924798712009,0.5303654904687,0.898606049224535
0.565950488938628,0.4940747633264428,0.8596041391360225
0.5658286030093259,0.4596204497543538,0.8242844279387952
0.5611690201935106,0.42792075283620123,0.7896373207905635
0.5764585930567787,0.4146025499838491,0.773566346109648
0.5854841433664302,0.41690241498730424,0.7772456572113459
0.5837079742359516,0.4375749645005031,0.8013478581446525
0.5622042222824419,0.45870213689733463,0.8321445994084916
0.5415140995618111,0.4917745764058665,0.8801779464924099
0.5010465460553868,0.5331107894770108,0.9399304141621865
0.5142387093079958,0.537247208833255,0.9327399920246815
0.5001830585558974,0.5289745752868117,0.9277182804775872
0.4943892064498049,0.5032474797327969,0.9041147880852038
0.52556042785579,0.4697202172125347,0.8639387577541771
0.5504177598215633,0.4596201208589183,0.8485375692682173
0.5586296808983359,0.4499747187506733,0.8349802745498355
0.5981346900077731,0.44125637467207995,0.8165666746890815
0.6325099458538707,0.442183497085156,0.8068597458550922
0.6233625096149172,0.40542931850961184,0.7678607235561672
0.6816007259847341,0.6369815183742331,1.0172504343204698
0.7710503216523181,1.0853771340021288,1.4999673092158736
0.7437028741293407,1.0885863091562735,1.512185077287019
0.6974684977516302,1.025177976997063,1.4544388677380824
0.6809227696687828,1.0100144676414642,1.4462337459776184
0.6809726131321582,1.0022053693301363,1.4412092267779288
0.720021110831924,1.0871798805221626,1.3897708753383584
0.7555160287596243,1.1712279096461982,1.2995332272522753
0.7457063507938334,1.1625085319436603,1.358729617893062
0.7494586826336965,1.1110628284745667,1.333928994202087
0.7382192629397337,0.9838091603846265,1.2080485200450966
0.7441890504459665,0.8859557748933534,1.0791814760933207
0.7359241893390935,0.7977313347890049,0.8802540037037382
0.7502217186677239,0.8115051906597772,0.825409539649314
0.8191883587878486,0.9401496728807585,0.9270283674542527
0.8600215655827916,1.0021764528935329,0.973235094431795
0.8537642269081074,0.9521119779091757,0.9842270774881339
0.7857686697407292,0.7885745026309782,0.9630167051267257
0.7521645042986216,0.7628549933479601,1.0297283055107724
0.7079808078772439,0.7954800673484205,1.1856353463700107
0.7089397614927856,0.934223735832186,1.3705641229327186
0.6596502420370611,0.791797941980863,1.223773413304706
0.6473209510579241,0.7706618956445501,1.1996740530967769
0.6256454697117372,0.7651438527806207,1.2001756023630776
0.6197519306788941,0.7550349538492619,1.1866211483700737
0.6620634852748737,0.8855153518220362,1.3258764995612407
0.681000257592982,0.9443237608240638,1.3908159579816326
0.680136784896728,0.9401875920236913,1.378603871361243
0.6484281956127821,0.8437066915891004,1.2825255621116218
0.6353849623275168,0.7950071815184319,1.231140557684234
0.6465301405530015,0.8299249275302104,1.271308051847701
0.6359271752409679,0.7959254299920269,1.2281310099061549
0.6041687424936467,0.7072536278687639,1.1370772198562236
0.6086565959167848,0.7123081095261554,1.1414291350069172
0.6623841253322721,0.867597483346198,1.297596278985313
0.6993443538088594,0.9888872308612086,1.4202876284053965
0.7036112541013497,0.9962413843717824,1.4428707257326387
0.7182510068851223,1.02103410013716,1.361612912853159
0.7420284103114445,1.0425845880714315,1.1106031672803967
0.7259239697946375,1.0016859479514306,1.022433820474604
0.6883513440847372,0.9006219047426769,0.9929133590767083
0.669715489662796,0.8583662687913722,1.0283323618170388
0.7037227408897389,0.9695635132020771,1.2259375926562552
0.7433736941072436,1.108779359298165,1.4187180185125265
0.7034519442957158,0.9796722833665876,1.2491932940324937
0.5313740000628151,0.4609766677508311,0.7589035798455788
0.4921248931793361,0.3649669791771991,0.7434362752637762
0.49158268026588514,0.3640487307036042,0.7464458230418556
0.48031685144131064,0.33694824174665383,0.7579623505012925
0.4839412321681947,0.337866554603673,0.7501021790315963
0.48783702921450656,0.34981188609879754,0.7624881611600587
0.4891928713608363,0.3626754016840927,0.776715219202059
0.4930886684071481,0.3746207331792171,0.7891012013305214
0.49698446545346,0.3865660646743417,0.8014871834589841
0.4988825205132406,0.40034782873323177,0.8127046937229048
0.5033205304730034,0.4132114087019511,0.822081128073288
0.5052684289961593,0.4191840744495134,0.8282741191375194
0.5091642260424712,0.43112940594463783,0.8406601012659818
0.5105200681888009,0.4439929215299331,0.8548871593079821
0.5163637637582688,0.4619109187726198,0.8734661325006758
0.5163637637582688,0.4619109187726198,0.8734661325006758
0.5152294944679916,0.46788352013675777,0.8845097472565239
0.5152294944679916,0.46788352013675777,0.8845097472565239
0.5157717073814425,0.46880176861035266,0.8815001994784447
0.5137739653949113,0.47063820117411836,0.880331727613903
0.5163139202948934,0.46972001708394767,0.8784906517003653
0.5188538751948756,0.468801832993777,0.8766495757868278
0.5151796510046163,0.47569261844808564,0.8895342664562135
0.5196176609643791,0.4885561984168051,0.8989107008065967
0.5150799640778657,0.4913108150707414,0.8995833048555927
0.5373475018008789,0.48993800809693805,0.8910476886115228
0.5322675920009146,0.49177437627727943,0.8947298404385982
0.5322675920009146,0.49177437627727943,0.8947298404385982
0.5328098049143655,0.49269262475087433,0.8917202926605188
0.5403798302715339,0.4977471777700046,0.8912215612482581
0.5510818627849134,0.49499268988291667,0.8808477098160282
0.5758395119445334,0.5005107971302704,0.8754955368581104
0.5854072899708711,0.5037289559971473,0.8761653472459382
0.5543357747942592,0.5216380149169287,0.9062923251861587
0.5536938749540576,0.5363379630659896,0.9193509113636171
0.5525097622004053,0.5501196627414555,0.9354190453191549
0.550512020213874,0.551956095305221,0.9342505734546132
0.5555919300138383,0.5501197271248797,0.9305684216275378
0.5739138272271642,0.5446106869672797,0.914671342454695
0.5750480965174415,0.5386380856031417,0.9036277276988469
0.5567261993041155,0.5441471257607416,0.9195248068716897
0.5434343684273785,0.5556288960493281,0.9367642534171466
0.5371703458737618,0.5712469639051355,0.9565145391997599
0.531448536233596,0.5877832802345377,0.9732552772042937
0.5282666621907898,0.6034014194515943,0.9881549532867167
0.5352944898165326,0.6075377100409901,0.9906657785324458
0.5537916879013587,0.45731235464565984,0.7787962609768373
0.5319943206258698,0.4173399982096413,0.7439780990459107
0.5051170435504166,0.37920400995396425,0.7128420889420594
0.5055872139979409,0.3378588465441423,0.6694883107670629
0.5191006177307304,0.345213193204989,0.6775195370194543
0.5445500101939271,0.32822225399195404,0.6540842586843885
0.5501000904414156,0.28504072240179074,0.6070483286823166
0.5507419902816171,0.2703407742527299,0.5939897425048583
0.5120506104050587,0.2910043854430235,0.6296399481856917
0.45054947989203625,0.31212255513352555,0.6768353178886743
0.4589331303614862,0.3291223682860415,0.6935732151678307
0.48001655533084686,0.34153126098770403,0.7011057328792986
0.5011498237635827,0.3461310553780386,0.7036137313910769
0.5376447075255136,0.379676058799438,0.7303949856188571
0.5489616151436755,0.44123902007197763,0.8008576717798619
0.5366052994291194,0.4991203710443533,0.8706534353426261
0.5717443558479558,0.5198019042702843,0.8832076785926155
0.5801280063174057,0.5368017174228004,0.8999455758717716
0.5742344672845626,0.5266928184914413,0.8863911218787675
0.5803267456422668,0.4844294899850462,0.8363455970344068
0.5999324425359958,0.4495205535293245,0.7943313455066471
0.5870609386434077,0.427466258719417,0.7732415330767973
0.5547332682472166,0.4168936054312475,0.7790924145756387
0.5905142097030192,0.42287514511829083,0.7785880245839601
0.6121896910492061,0.4283931879822203,0.7780864753176591
0.5988978601724692,0.43987495827080686,0.7953259218631162
0.5903154555749228,0.475247327166218,0.8421879563571155
0.5854072899708711,0.5037289559971473,0.8761653472459382
0.5287644815985251,0.504174595168048,0.8944078452597876
0.48617728537303223,0.512892881841042,0.9176720828035857
0.48812518389618814,0.5188655475886043,0.9238650738678168
0.5135745956620075,0.5018746013977443,0.9004297815413239
0.5269162700021197,0.48258373279783,0.8781658157961774
0.5345859740448442,0.47202007523767553,0.8676180917272119
0.5701453426445942,0.4591654979752856,0.8418430289376849
0.5854349155078623,0.4458472951229335,0.8257720542567697
0.5959880373565207,0.487655890972445,0.8739736153980056
0.7113073672746857,0.8855245476786383,1.294926000047246
0.7553902652682762,1.124422303641647,1.5493430236724064
0.7202512236526751,1.103740815805543,1.5367888274866266
0.7046680354674277,1.055959489825045,1.4872448989727765
0.68583095007607,0.9815328842003617,1.4122564021530053
0.7014639817246926,1.021505111869532,1.4567758114671658
0.7347690905071459,1.0940792179988312,1.4202113034099193
0.7661669783588191,1.1340109424652067,1.207180185070941
0.7523611987548597,1.1078286445767411,1.2205377655725782
0.742107137686453,1.0191654588592627,1.1421890892332052
0.7187599998694056,0.8896118613824431,1.0174799276661335
0.7034758704041112,0.7949759420448207,0.9377888953898148
0.6880145681481659,0.7816489296364117,0.9235646780731922
0.7186590734918458,0.8629584803998674,0.9405252561167187
0.7965503375440618,0.9672494466417281,0.9688687234739396
0.8335375907560684,1.00952179684805,0.9976649491233301
0.828878007940253,0.9778220999298973,0.9630178419750987
0.7901914537965622,0.869395803616758,0.8594041742886319
0.7540473324243232,0.8445944766793322,0.9279568563040508
0.7465296314924476,0.9162739840484942,1.0974384769785415
0.7368719648787,0.9686704701115926,1.315568718482179
0.6963156198614571,0.8097165900361061,1.1938461267098928
0.6704729251495305,0.7812261970389468,1.161715540249572
0.6496110730362225,0.7876534212867174,1.1794536953359527
0.638316364420612,0.7761629702089228,1.1543597587715544
0.6780873443912045,0.886425763469252,1.251954330901862
0.6915016809226483,0.9305340955553701,1.3135364505280296
0.6843526063956308,0.9130792732186762,1.3192077550680432
0.645715891594718,0.7968438716158944,1.2105695910532244
0.6384665104155451,0.7738714570992402,1.18278807901822
0.6682770446397104,0.856570593474941,1.2676488780039201
0.6196300447495922,0.7205806402771727,1.1513014371728458
0.5288419654021269,0.43848388137233313,0.8389900801351392
0.564767626318423,0.5501280790186526,0.9626760529759012
0.6387373111301656,0.7637626939130444,1.1595323547706446
0.678428944000345,0.8763088275829268,1.1820391499737466
0.712698447736015,0.9796724765168603,1.2346414229576426
0.7629629246160841,1.0995565645096936,1.17671109756533
0.7787159840479438,1.110575741087684,1.1260446474356929
0.7867130161475965,1.0164116791898412,1.0784583771931882
0.7364177982399787,0.8487302591791593,0.9692726850741428
0.6860955535366432,0.7600662329880084,0.9539821281614588
0.695416578344488,0.8868729932321607,1.1537819073811133
0.7412036030026304,1.0628347877985536,1.34375249967605
0.7544173262297635,1.095907935524752,1.3384289861521814
0.6257852206863549,0.7017201619074586,0.9763510554647951
0.5116524824234612,0.3746129607362622,0.7133379567576053
0.5087204647255587,0.3723213902214702,0.7466168778245507
0.49881047804731393,0.3580844168498149,0.7723604633259878
0.4979968488144351,0.3461391497381147,0.7551238575059082
0.4979968488144351,0.3461391497381147,0.7551238575059082
0.49740479243760893,0.3530299995758476,0.7631579244836771
0.5013005894839208,0.36497533107097213,0.7755439066121396
0.5071442850533886,0.38289332831365885,0.7941228798048335
0.5070944415900133,0.39070242662498667,0.7991473990045229
0.508992496649794,0.4044841906838768,0.8103649092684437
0.5148361922192617,0.42240218792656353,0.8289438824611377
0.5187319892655736,0.434347519421688,0.8413298645896001
0.5226277863118854,0.4462928509168124,0.8537158467180628
0.5265235833581973,0.458238182411937,0.8661018288465252
0.5259315269813711,0.46512903224966984,0.8741358958242942
0.527879425504527,0.4711016979972321,0.8803288868885253
0.5272873691277008,0.4779925478349651,0.8883629538662943
0.5272873691277008,0.4779925478349651,0.8883629538662943
0.5252896271411696,0.47982898039873084,0.8871944820017525
0.5277797385777765,0.4867198946198879,0.8903779252879045
0.5246975707643434,0.4867198302364637,0.8952285489795215
0.5222074593277365,0.47982891601530653,0.8920451056933696
0.5202097173412052,0.48166534857907223,0.8908766338288278
0.5246477273009681,0.49452892854779157,0.900253068179211
0.526595625824124,0.5005015942953539,0.9064460592434421
0.5189757611241775,0.5032561465658659,0.9119692869840551
0.5189757611241775,0.5032561465658659,0.9119692869840551
0.5150301206144905,0.4991199133820693,0.9046078240552823
0.5150301206144905,0.4991199133820693,0.9046078240552823
0.5220080895948327,0.5110653162389324,0.9121431596207906
0.5264461143578308,0.5239289415974786,0.9215196410353831
0.5390960453943663,0.527147119457953,0.9173387806673845
0.5658514365405175,0.530828794141541,0.9131550795740083
0.6109785683633698,0.5211923303562013,0.8880497801080998
0.6453538242094675,0.5221194527692773,0.8783428512741106
0.6306563077230256,0.5285468057838966,0.886379758977257
0.5600797834369764,0.5551742087822712,0.9349203367782315
0.5662939625272179,0.5473652392377917,0.9201945701953079
0.5719659287040083,0.5386380212197175,0.9084783513904638
0.5186268758043833,0.5579198871133023,0.9471409455747544
0.5129548903249701,0.5666471121092017,0.9588571783710254
0.5403023571505702,0.5634379299772317,0.9466393963084533
0.557489985073619,0.5639014911837699,0.9417859318914588
0.5416083558335246,0.584110543873855,0.9658909735501432
0.5460962092566627,0.5891650255312465,0.9702428887008369
0.4934746701419887,0.4646488246606959,0.8099234967242823
0.48237933537987937,0.4219219803375895,0.7647314833611256
0.4783616524042655,0.37552233527037615,0.7170257900354357
0.4852675747980837,0.345204319265508,0.6842169180753641
0.49996509128452565,0.3387769662508888,0.6761800103722176
0.5209266303245843,0.3167315453804622,0.6483928168864581
0.5366365301720014,0.2698772774296161,0.5939925832302357
0.5482020353816349,0.2712589583429006,0.5958308184183958
0.5032466329514599,0.3075406373890015,0.6512313098818424
0.4685008935845886,0.3323404817630916,0.6942429784914489
0.4991520817770516,0.3479674879418042,0.7024452595265352
0.4948359577465908,0.36955822154517376,0.7283885363733795
0.505217350202572,0.3847216021339242,0.7462949055170773
0.5454363016181373,0.403566721789687,0.7551669498757821
0.5590715912802289,0.4453753820226226,0.798517887325401
0.5620048484289408,0.48993853014264627,0.8522426762072497
0.5703386702382508,0.5147474869963169,0.8740051397503048
0.5570468393615139,0.5262292572849034,0.891244586295762
0.5613629485887394,0.504638478291707,0.8653012623847082
0.5896729360093166,0.46881148651266313,0.8117446875601768
0.5985267569262908,0.44446613625535725,0.7851288066643364
0.5799832868569123,0.43113905946352404,0.7757552130393308
0.5521434698838592,0.425620887832746,0.7859580096888658
0.5961363324164344,0.4219570254115443,0.7718963249788054
0.6223495106491347,0.4247204516215375,0.7707221716635085
0.6192174993723263,0.4325294855494412,0.7805973145548152
0.61063509477478,0.46790185444485227,0.8274593490488144
0.600647019370764,0.498219851456123,0.8651188917647123
0.5375684590521239,0.48763834322206984,0.872816483563637
0.4760673092364789,0.5087565198903969,0.9200118672580465
0.4906651387961703,0.5179473634984336,0.9220239979542793
0.5186545054619718,0.5000382332174028,0.8967476297142486
0.5249185280155885,0.4844201653615956,0.8769973439316356
0.5339440783252399,0.48672003036505074,0.8806766550333331
0.5410217259911382,0.4830472226426292,0.8781629979421369
0.5346358175082194,0.4642109769263476,0.8625935725275226
0.5932943608621851,0.662227111692475,1.0736540243165182
0.730460886715979,1.0922589811335321,1.5244000046327864
0.7343566837622909,1.1042043126286567,1.5367859867612488
0.7109819014844198,1.0325323236579096,1.4624700939904738
0.6862512770602188,0.9479968191018676,1.3739271431776983
0.6811713672602545,0.9498331872822091,1.3776092950047736
0.7104396885709688,1.0316140751843148,1.4654796417685532
0.7302596578068611,1.0600880149493108,1.413992493637016
0.7505123674330497,1.0651019934039077,1.1607938811345706
0.7099277582295783,0.942893933031878,1.0459627031841834
0.6747941620722495,0.8142583264949564,0.9376464886055006
0.6865590411353842,0.7844036141629295,0.9193866469949027
0.7171400439778359,0.8211745713769153,1.0177502739919315
0.6950934593854707,0.8202477064975361,1.0080547080594529
0.7011796894230317,0.8648027567683265,1.0102693822621387
0.7499965595296131,0.9640305588190087,1.0264064501675596
0.7932189524137524,1.006294873814943,0.9988419431640045
0.7888307859173649,0.9856221955348959,0.984440989613932
0.7543108254140091,0.8790324605523706,0.8699576026796899
0.7443023943502711,0.9226852666423383,0.9927539193757972
0.7598080946113195,1.0361572994402366,1.0977156358856333
0.7657520968329425,1.0595928888628834,1.1497474256533449
0.7240116390620472,0.9144207084628626,1.0440929678365962
0.7064313286156734,0.8896116038487463,1.0368824224326014
0.6966419925365184,0.8675573734222627,1.0109419863111349
0.6778763298856826,0.8142583908783808,0.9327958649138836
0.7117039273600569,0.922221383518679,1.0218605022508767
0.7234916251511477,0.9635749701840126,1.0924712652112822
0.7136813274599522,0.9337198036788588,1.1081658008776718
0.6680666519198917,0.8055390131758426,0.9919922555546702
0.6636784854235042,0.7848663348957955,0.9775913020045973
0.6885087967744556,0.8537836428291816,1.0560852144179935
0.6535973931985841,0.7651199420443092,1.0165415276115566
0.5859625232729375,0.535859055160783,0.7532753905467764
0.5911919634630276,0.510595392046458,0.7345196811206324
0.6815295924639012,0.7995666693454015,0.961546146032354
0.7319946826482808,0.9304859416981545,0.9705214537900775
0.7576145660834946,0.8978686418852279,0.8903776517859212
0.7820737741882677,0.9713771278031645,0.9586744490005377
0.8562987363498171,1.0591479125198222,1.078148019967499
0.8732727157767047,1.0173643932865726,1.1262692842573416
0.815086214789414,0.8414105034191406,1.0023606777164185
0.7470827353224432,0.7012839951204545,0.9029048924146564
0.7090560740140425,0.7784559571590477,1.014367116489035
0.7360005678225546,0.9879452648015747,1.2251112303571035
0.7702497317318874,1.1046437699486105,1.362850318667584
0.7365729040984483,1.0155250599795598,1.3457158336803163
0.5887535694692455,0.559302791311647,0.8568173306221916
0.5186088680060594,0.3576216352226819,0.7190064205722412
0.5154558930569118,0.35762972958275807,0.7705165466870725
0.5134581510703805,0.35946616214652366,0.7693480748225308
0.5171323752606398,0.3525753766922149,0.756463384153145
0.5190802737837957,0.35854804243977717,0.7626563752173761
0.5165403188838137,0.3594662265299479,0.7644974511309137
0.5198440595532993,0.37830240786280533,0.7849175002371453
0.5172542611899419,0.3870296902643038,0.7917830953503723
0.5191523162497225,0.400811454323194,0.8030006056142932
0.5261302811094675,0.4127568502017427,0.8105359640511388
0.5288918088655021,0.43067478306100515,0.8339655609354496
0.5341932915215191,0.447674531830097,0.8555540819062227
0.5355491336678487,0.4605380474153921,0.8697811399482228
0.5374970321910046,0.4665107131629544,0.8759741310124541
0.5374471887276294,0.47431981147428226,0.8809986502121437
0.5393950872507853,0.4802924772218444,0.8871916412763751
0.5388030308739591,0.48718332705957745,0.895225708254144
0.540750929397115,0.49315599280713973,0.9014186993183751
0.5437832537471728,0.5009651555018918,0.9015925948264477
0.5418353552240169,0.49499248975432963,0.8953996037622164
0.5387531874105838,0.49499242537090543,0.9002502274538333
0.5336732776106196,0.4968287935512468,0.9039323792809086
0.5361633890472264,0.5037197077724039,0.9071158225670606
0.5406512424703644,0.5087741894297955,0.9114677377177542
0.5406512424703644,0.5087741894297955,0.9114677377177542
0.5381112875703823,0.5096923735199662,0.9133088136312919
0.5443254666606238,0.5018834039754867,0.8985830470483683
0.5392455568606596,0.5037197721558281,0.9022651988754435
0.5329815491102781,0.5193378854014623,0.9220155317222661
0.5455816408040356,0.5303651685515789,0.9228591676826199
0.591250985540339,0.521646953239834,0.894744320438632
0.6155162652498832,0.518437713702265,0.8873771760591037
0.6326540497095567,0.5267103732201308,0.8875482308417988
0.637733959509521,0.5248740050397894,0.8838660790147235
0.6224443866462529,0.5381922078921416,0.8999370536956389
0.5956391520367265,0.5423196315198814,0.9091452739887046
0.5485142782273428,0.5537925278689867,0.9330821015900714
0.5231147292275213,0.5629743687706937,0.9514928607254478
0.5231147292275213,0.5629743687706937,0.9514928607254478
0.5358145037274321,0.5583834483198402,0.9422874811577596
0.5637540076272357,0.5482834233279624,0.9220356461088456
0.5713738723271822,0.5455288710574503,0.9165124183682326
0.5529522881871056,0.5666561078377063,0.9424585359404547
0.5402525136871948,0.5712470282885598,0.9516639155081429
0.44563583472385426,0.44855826425327044,0.8065746940976175
0.4308164323081103,0.4205313036958006,0.7792918906035365
0.4338265576556167,0.378267956195808,0.7340970365150024
0.44327243494941704,0.3470317561007691,0.6994470886413932
0.45580049935927314,0.31579561341132945,0.65994650308474
0.45141233286288557,0.2951229351312822,0.6455455495346674
0.4590820410262073,0.2845592845494422,0.6349978025943647
0.46887137710536225,0.30661351497592554,0.6609382387158316
0.48428283589793236,0.3277496256956623,0.6801869752321437
0.4958483411075659,0.3291313066089468,0.6820252104203038
0.5386570908864888,0.339249143863211,0.6840316596657812
0.5534764933022327,0.36727610442068076,0.7113144631598622
0.535868538395035,0.4003486083126368,0.7544971865521637
0.5696517378643063,0.4081665805634458,0.7528243246959434
0.5469638731571443,0.44307545263574327,0.7996891999153202
0.538381468559598,0.4784478215311545,0.8465512344093195
0.5168777166060884,0.499574993927986,0.8773479756731583
0.5193678280426953,0.5064659081491432,0.8805314189593102
0.5459514897961691,0.48350236757197024,0.8460525258683961
0.5685895110399559,0.4564025938110006,0.8042121698487087
0.5799334433935369,0.43894815777485185,0.7807797322390204
0.5856552530337027,0.42241184144544963,0.7640389942344868
0.5608976038740827,0.416893734198096,0.7693911671924046
0.5769509625068544,0.42332989676877186,0.7755813175312583
0.587974254803037,0.4237933292084615,0.7804291004974978
0.5988978601724692,0.43987495827080686,0.7953259218631162
0.609229409165075,0.462847437170885,0.8182568102065036
0.5764315683213597,0.49361994729253733,0.8674614698803415
0.5643736936616505,0.4835109195943301,0.863608263270571
0.5649657500384766,0.47662006975659715,0.8555741962928021
0.59426109608461,0.4793835603500146,0.8495494192858883
0.5903154555749228,0.475247327166218,0.8421879563571155
0.5338942348618647,0.4945291286763786,0.8857011742330227
0.5436835857442549,0.5165834044926888,0.911641657418699
0.5456813236101888,0.5147469649506087,0.912810152154578
0.5340437611313932,0.47110182676408063,0.8706276395052913
0.6289485906558182,0.7628442453108625,1.177093796494912
0.7386229643293765,1.090422677336615,1.515867229114094
0.7147059691380543,1.0178324398922731,1.4445608841213982
0.6885696591041485,0.9282425180622637,1.3468153944663122
0.6788301664883688,0.8983791893244525,1.3158504391451558
0.7016627358527889,0.9691329298216044,1.3931758796940104
0.729796787873226,1.0568864190878484,1.492089841213638
0.7193144731602822,1.0150696644948365,1.397228777649188
0.7225783089915184,0.9672478996949682,1.085283697790582
0.6716615310700365,0.8009315716202444,0.9040197765224102
0.6107141220521157,0.6281955376961652,0.8001834280715735
0.6322708160960242,0.7049382110010846,0.9818714424800304
0.655253535575975,0.7734004453668686,1.0876251804042136
0.651006975109822,0.7527114356431921,0.9799052677503867
0.6876656659648375,0.836312621304864,0.9587363010353505
0.7179181064502984,0.9144124139741996,1.0071347356679532
0.7450877593969214,0.9713763534574954,1.016881939017776
0.7374168128129396,0.9396684281786823,0.9404259702914497
0.7134998176216174,0.8670781907343407,0.8691196252987541
0.7579598830149141,1.014566437070019,1.0814736064220227
0.7930226761571256,1.1432102093287546,1.2364493005525827
0.7881630997624044,1.1216111168532978,1.1783984152287121
0.7646873921371226,1.023285748644554,1.0271278451906876
0.7513235187944589,0.9925041070497236,1.0040230613392276
0.7271351072837089,0.9088868509672764,0.9124705627483729
0.6901250353437463,0.7954062017635938,0.7948037325279789
0.7226970973239462,0.8960232709985568,0.9030941283979896
0.7351981176957605,0.9438045325956308,0.9574886806034568
0.7274065236031367,0.9199138696053819,0.9327167163465317
0.6948843050863122,0.8114877020590906,0.8194018012768314
0.6798433298145157,0.7646246245521876,0.7668483249849019
0.6915805644168266,0.7926515207262331,0.7989817521706
0.6889187235875425,0.759115391244315,0.7655031168869099
0.5957180207276694,0.4044370113009174,0.3945905285670655
0.664320240450399,0.471990126921706,0.47725394416478434
0.8043461376441484,0.8409144133259282,0.8108749593891679
0.8335147720281122,0.9383134978506895,0.9087943445523263
0.8511227269353099,0.9052409939587335,0.8656116211600249
0.8225191241927533,0.8799684569049275,0.853553292789791
0.8247187179042552,0.9314387845617347,1.0086311134709969
0.8600602299400824,1.026562819676449,1.218596519165673
0.8101792738329364,0.9121636644654745,1.123341731489826
0.6968042709591045,0.6916292040053346,0.9348499682851203
0.6628499618225605,0.6783018052963802,0.9497294931181997
0.7144308385867953,0.8799906954167878,1.1633035778055199
0.7634003377105263,1.061470146546565,1.3818763629838573
0.769294496468774,1.0927148342805395,1.4389326719512585
0.7317625514416978,0.9649810803901595,1.2391385741823593
0.5794645230794603,0.5225649372014176,0.9111372902983577
0.5230757577568582,0.35487517731224594,0.7649933189464595
0.5325936775165853,0.3659023891006239,0.7706876014697676
0.545835664929947,0.36222971712336527,0.758472674124
0.5509155747299113,0.3603933489430239,0.7547905222969247
0.5432957100299648,0.36314790121353596,0.7603137500375375
0.534491732576366,0.379684153159514,0.7819051117336883
0.5313597212995576,0.38749318708741765,0.7917802546249948
0.5307178214593561,0.4021931352364784,0.8048388408024534
0.5326158765191368,0.41597489929536857,0.8160563510663743
0.5384595720886045,0.4338928965380553,0.8346353242590681
0.5392732013214833,0.44583816364975554,0.8518719300791474
0.5437112112812461,0.4587017436184749,0.8612483644295307
0.5445248405141249,0.47064701073017523,0.8784849702496101
0.5484206375604368,0.4825923422252997,0.8908709523780726
0.5509605924604188,0.481674158135129,0.8890298764645349
0.5529084909835748,0.48764682388269126,0.8952228675287662
0.5548065460433554,0.5014285879415813,0.9064403777926872
0.5547567173832155,0.5092377316427361,0.9114649440565862
0.5552989302966664,0.510155980116331,0.9084553962785068
0.5522167624832334,0.5101559157329068,0.9133060199701238
0.5522167624832334,0.5101559157329068,0.9133060199701238
0.5547068739198402,0.5170468299540639,0.9164894632562756
0.5566547724429961,0.5230194957016261,0.9226824543205069
0.5698967598563579,0.5193468237243675,0.9104675269747393
0.5673568049563757,0.5202650078145382,0.912308602888277
0.5863206020099032,0.5000560195078774,0.8833529375379757
0.5908084554330413,0.505110501165269,0.8877048526886692
0.5628191121904597,0.523019631446789,0.9129811840659358
0.6104861989132943,0.5124649835712786,0.8860348086864894
0.6377838029728963,0.5170649067284615,0.8788415598150339
0.6087100297828156,0.5331375330844774,0.9101370096197963
0.6137400961194046,0.5391102632154638,0.9114793769924103
0.6365996902192439,0.5308466064039274,0.8949096937705716
0.6537873181422926,0.5313101676104655,0.8900562293535771
0.6497918341692303,0.5349830327379967,0.8877192856244939
0.6052069152598288,0.5455377449969315,0.9098150373123229
0.5727795579368872,0.5505832883314177,0.9257149572105433
0.5662939625272179,0.5473652392377917,0.9201945701953079
0.5815336919271107,0.5418561346967675,0.9091481147140821
0.554136400940758,0.5528744081622403,0.926390401984917
0.5428423120505523,0.5625197458870611,0.9447983203949156
0.5397103007737439,0.5703287798149648,0.9546734632862223
0.5295504811738154,0.5740015161756477,0.9620377669403728
0.4071930524387675,0.4090405950843088,0.7736004488056061
0.39821734559249133,0.39893163176952584,0.764896618504219
0.39377933563272854,0.38606805180080633,0.7555201841538357
0.3873934271498098,0.36723180608452466,0.7399507587392212
0.38137800218766477,0.3226685935810769,0.6910765935489895
0.36801412884500107,0.29188695198624653,0.6679718096975295
0.37331561150101794,0.3088867007553383,0.6895603306683026
0.3870007446264847,0.3428862626769461,0.727886748918232
0.4558011190846778,0.33693140221394513,0.7034483580591371
0.5079560592306505,0.33143123599582625,0.6808538978303845
0.5544390331998326,0.33465828779578166,0.6699756564064762
0.6003299507921885,0.34477618943347005,0.6671314819603363
0.5638080422948386,0.39024858332075907,0.7342453515032497
0.5893793206873373,0.4077119576798131,0.7461297843654112
0.5786274447105825,0.4182755438782288,0.7615281549973307
0.5311819308438005,0.4476663087031726,0.8137452031746254
0.5187037291999423,0.47109334610345927,0.8482212555401619
0.5110340210366207,0.48165699668529927,0.8587690024804645
0.5350278844267371,0.46742073850962496,0.8311557045027774
0.5514018831169072,0.4559390326044626,0.8090656342657034
0.5785776012472073,0.42608464218955666,0.7665526741970203
0.5882450513970602,0.4136845590439511,0.7571733991212596
0.5685673120374045,0.4063300836162559,0.7588434202521022
0.5755951203605247,0.4104663811834767,0.7613542594892582
0.601266085679774,0.41231155891987503,0.7631896539520406
0.6407212513258359,0.41140231315260956,0.7498005732909764
0.6364051272953751,0.4329930467559791,0.7757438501378207
0.6010673315516776,0.46468374096780213,0.826789585725196
0.6126328367613112,0.4660654218810867,0.828627820913356
0.6493763181147136,0.43942914494323093,0.7867846241682913
0.6947250227936186,0.4486287981073243,0.7869499975002311
0.6839233181567239,0.4670015280068948,0.8073729343960494
0.6142102665669288,0.497765099805642,0.868125598817414
0.5737427175598917,0.5391012605091343,0.9278780054315543
0.5661726922027233,0.5340467074900042,0.9283767368438148
0.5687126471027054,0.5331285233998335,0.9265356609302772
0.6832681764481315,0.911242769293172,1.325226873495539
0.7306596408440754,1.0398867990856049,1.460800072859631
0.6864500311883153,0.8956246370539405,1.310327211404543
0.6675631023335822,0.8290071297405851,1.2403632337844614
0.6850941890419856,0.8827611214686452,1.296100153362543
0.722917890214827,1.008187037784028,1.4310035894030164
0.7332494392074328,1.031159516684106,1.4539344777464038
0.7045227152053621,0.9291610954312941,1.3195527053588108
0.7033491587419416,0.8896115359761648,1.041733057559887
0.6404237319590196,0.6842412965784475,0.80808954407219
0.568652389695182,0.47980539157954044,0.6793072887921462
0.6325409929646426,0.6736936520339584,0.915113886129395
0.6649124416405319,0.7632755369090016,0.9564986488493701
0.6680647948039762,0.7421316502571527,0.8614866791958102
0.6962191866507506,0.8165502833102939,0.8752638253888532
0.7216625149604196,0.8863776757400392,0.9040887047544588
0.7238110257577367,0.9033855241029429,0.9771873346865603
0.7092119567472358,0.8519231028896747,0.8881714940415335
0.7079269186461727,0.8390514233271436,0.8272849507298219
0.7829606843077334,1.0678573826589348,1.1032590008841625
0.820863732580988,1.1909999585647644,1.3132502138518418
0.8131429415034817,1.1671011298527008,1.2418187700430396
0.7965455118111943,1.0963393541451611,1.1081325968412397
0.7726783600832474,1.0159400183894913,1.0318017326488542
0.7410196132325275,0.9116500178989941,0.9306989099173782
0.6864286121509355,0.7522244770231578,0.7623196736007581
0.7005562712631027,0.8027604840410163,0.8076855824719872
0.7225253679312689,0.8693780557377958,0.8727989364004517
0.720577469408113,0.8634053899902335,0.8666059453362206
0.6883266672107162,0.766006241082048,0.7735371838646788
0.6577523472170476,0.6635527392833191,0.6664152598592098
0.647470641687817,0.632771162071913,0.6384598523161328
0.5880483125643476,0.4150006618827575,0.40513827550736786
0.49603172985974475,0.046540604958807595,0.01815757676409018
0.6290863376409149,0.3378369282048246,0.3354849130110835
0.7208849274000552,0.5160993621203419,0.4709273263904795
0.7501034200506294,0.6056893937236023,0.563822239418158
0.7752993891894868,0.7779696423732557,0.7482752854232368
0.7920180850856715,0.8620499428502683,0.8737793148478671
0.7625595516718583,0.8303660588191941,0.9712561677719945
0.807854206879925,0.9976005066006642,1.1592117886453206
0.8032672862554411,1.0293000103685441,1.2084107668684034
0.7042961845460718,0.7412386680609351,0.9462671927657856
0.6395748664714399,0.5910116197029776,0.8653645619480455
0.6835149189839864,0.787654129504384,1.126096834728166
0.7344821600942484,0.9672971480703955,1.3458380917710449
0.7668031455813576,1.0435523424541508,1.3487455187163127
0.7814225544181957,1.0816799074543164,1.3526245440347546
0.7285178139256907,0.9571964078825369,1.378943140201255
0.6116937459997103,0.5910273647174745,1.0023391571476898
0.5395716423763303,0.37784778497917254,0.7782229599066129
0.5466492941628257,0.3741749842350655,0.7757092799440793
0.5536771024859459,0.3783112818022864,0.7782201191812355
0.5491892490628079,0.3732568001448948,0.7738682040305418
0.554219315399397,0.3792295302758813,0.7752105714031561
0.5504952477457623,0.3939294140415179,0.7931197812722316
0.5428255395824406,0.4044930646233579,0.803667528212534
0.5422334832056144,0.41138391446109085,0.8117015951903028
0.5455372238751001,0.43022009579394827,0.8321216442965342
0.5468930660214297,0.4430836113792434,0.8463487023385345
0.5552767164908797,0.46008342453175943,0.8630865996176906
0.5572246150140356,0.4660560902793217,0.869279590681922
0.5585804571603653,0.47891960586461685,0.883506648723922
0.5636603669603296,0.47708323768427546,0.8798244968968467
0.5650162091066593,0.4899467532695706,0.894051554938847
0.5669142789696753,0.5037285627182876,0.9052691122669774
0.5668644355063001,0.5115376610296155,0.9102936314666668
0.567406648419751,0.5124559095032104,0.9072840836885874
0.5668644355063001,0.5115376610296155,0.9102936314666668
0.5668644355063001,0.5115376610296155,0.9102936314666668
0.5637324242294917,0.5193466949575192,0.9201687743579733
0.5808702086891652,0.527619354475385,0.9203398291406684
0.5757902988892009,0.5294557226557265,0.9240219809677437
0.5794645230794603,0.5225649372014176,0.9111372902983577
0.6130759931560543,0.5037376941914655,0.8791692364445994
0.6511753166557865,0.48996493283890485,0.8515530977415349
0.6104861989132943,0.5124649835712786,0.8860348086864894
0.5870345484366287,0.5276194902205479,0.9106385588860971
0.6010901650828692,0.5358920853549896,0.9156602373604091
0.6004981087060429,0.5427829351927225,0.9236943043381779
0.5877484907427569,0.5551829539549038,0.9379242031055557
0.6004482652426676,0.5505920335040503,0.9287188235378675
0.6582751715654308,0.536364649267857,0.8944081445042708
0.6836248771018769,0.5349919066774778,0.881021904568584
0.7076187404919935,0.5207556485018034,0.8534086065908969
0.7335605024052658,0.5124920560736913,0.831988299677441
0.6864854720592575,0.5161558541114688,0.8509006080791185
0.6311486771731012,0.5372741525688193,0.8883947303988672
0.6418507096864807,0.5345196646817315,0.8780208789666373
0.6032091732732976,0.5473741775606971,0.9086465654477812
0.5645177933967391,0.5680377887509905,0.9442967711286148
0.544198154196882,0.5753832614723562,0.9590253784369159
0.37323812357681885,0.37457740757273883,0.7449781186642884
0.36956389938655954,0.38146819302704754,0.7578628093336743
0.3664817315731264,0.3814681286436233,0.7627134330252913
0.38366935949617526,0.38193168985016135,0.7578599686082966
0.36322783436701606,0.354822848999438,0.7372688647193704
0.3420225234683534,0.30795964272568654,0.6944166358106748
0.35299597230116075,0.316232173476704,0.7042889379766037
0.37938087992653824,0.34564081494745824,0.7334099766588449
0.4348894042053718,0.35116773175086885,0.7262110463366341
0.48645230727714084,0.3525584083926578,0.7116506390942234
0.5397415167133907,0.3410856408104008,0.6780125641096225
0.588222232669104,0.3424762600465906,0.6683027945502559
0.5745100748082181,0.3874940954336711,0.7238715000710197
0.5817594559873909,0.4104665099503252,0.7516530121060242
0.603484780796953,0.4081754545029268,0.7461269436400337
0.5749532205203233,0.4251663293325376,0.7744128456667168
0.5636591316301175,0.4348116670573584,0.7928207640767154
0.5458296038668672,0.44904805399988124,0.8107328146711685
0.5311819308438005,0.4476663087031726,0.8137452031746254
0.5399360648340241,0.4389391550685224,0.7971783606781643
0.5786772881739578,0.41046644556690104,0.7565036357976412
0.6021787821139986,0.3875028406063037,0.7268753663983439
0.6142865002370831,0.38980276999318314,0.7257040538084246
0.6334220266832878,0.3962389969472833,0.7270435804556612
0.6368254542795241,0.3994569816574851,0.7374145911625137
0.6616329469025193,0.39716599059351104,0.7270378990049062
0.6458011611258002,0.4095659449722681,0.7461184214639011
0.6161353315588932,0.4325294211660169,0.7854479382464322
0.6118192075284324,0.45412015476938644,0.8113912150932765
0.6245688254917184,0.441720136007205,0.7971613163258987
0.6724574850706055,0.4500016050811278,0.7954856137443009
0.6827890488664468,0.4729741293710329,0.8184165491518978
0.68490867678228,0.5055920103793562,0.854904732213667
0.6634049248287703,0.5267191827761877,0.8857014734775059
0.6298432940949542,0.5377373204964975,0.9126450310029118
0.6566935464349883,0.654890706060863,1.0376761648774564
0.7888071872242369,1.0077415463735733,1.3982091732501065
0.7499939214183765,0.993950843991778,1.3985396677337125
0.6603635646177847,0.7982256169126032,1.2075572025497676
0.6453724328093634,0.7435534410943723,1.1499792070581485
0.6991498056882259,0.8910337166030868,1.3011218318368547
0.7350256083379114,1.0104869671709076,1.429832276813097
0.7033170190539657,0.9140060667363167,1.3337539675634762
0.6988279303006154,0.866680014452008,1.2423983195926511
0.7308683356575962,0.9130475760827811,1.0598104814862799
0.6584249891149472,0.6966501248966857,0.8204726854752747
0.5098923171017855,0.2340001359072057,0.34779034610787907
0.6086135817688737,0.5399711809688384,0.5915546612345474
0.6813985447841971,0.7462517451475926,0.7609773119459781
0.668576265659729,0.6952525649683201,0.6913611196242073
0.69330689008393,0.7797880695243622,0.7799040704369827
0.7167315158251764,0.8436509601837814,0.8491954440080683
0.7228460079886673,0.8514601872619577,0.8445187158245239
0.6953839781407251,0.7756682948064647,0.8561603249465642
0.7168312027519269,0.8280327635611254,0.8391464056086891
0.8018962182051815,1.0843942158003093,1.0811947436379263
0.8238744776538991,1.1698723998673872,1.311557214737705
0.8186936414763749,1.145055387065153,1.238284695015365
0.8083824333402556,1.1087480536965508,1.1302169856275588
0.7880898188758175,1.037076129109228,1.0510504691651665
0.7608192395516346,0.953458808643357,0.9643485942659286
0.7174232591287532,0.8211419137233925,0.8311123386309202
0.6937770605314542,0.7384429061145403,0.7365502922619864
0.7250923475666701,0.7894424743389369,0.777062736716221
0.7416879191128927,0.7967968853832078,0.7802433392769951
0.7250203051007433,0.74717906245552,0.7367185063193037
0.667469021104871,0.6222077690237697,0.6085096106093623
0.6234809695019281,0.49678167855171174,0.4833073748879133
0.5292180472193223,0.19033933455078253,0.16378265525293878
0.4887601449470624,-0.026504332844626482,-0.05499269091573893
0.5403464708703786,0.06723044992242037,0.06281938714473057
0.5451537259302549,0.012095487243320787,-0.04811263394713208
0.5850742362909733,0.0989309855696665,0.034408380584106946
0.6382103364566568,0.2822470207249711,0.24211147004677364
0.7147224647224891,0.5795066434065889,0.6111341914789487
0.7742235064177315,0.7738579689937485,0.8760416431763126
0.8055616121809037,0.8960658362155055,1.0054246922015508
0.8504137393419714,1.0467638354115678,1.186340833889246
0.8049978179300075,0.8662108628606242,1.0065673567930888
0.6969297431704646,0.5547220324687591,0.7439020961662538
0.6800874332089846,0.6709562681915903,0.9398515095015155
0.7237068456641327,0.885516646468835,1.2288640028575637
0.7630070354617964,1.0159888143363704,1.326310498188471
0.7619724530982698,1.0063432190778527,1.32730507454494
0.7609679899765885,1.0233591635454111,1.4519138248740384
0.7370011513218913,0.9585780244123973,1.3856319990810322
0.5987003561778202,0.534518756335478,0.9459296335206123
0.5491892490628079,0.3732568001448948,0.7738682040305418
0.5556250010091018,0.3842839475498487,0.7844131102454668
0.5530850461091197,0.3852021316400194,0.7862541861590044
0.5581151124457088,0.39117486177100574,0.7875965535316187
0.5581151124457088,0.39117486177100574,0.7875965535316187
0.5549332577055252,0.40679299401023733,0.8024962156226146
0.5568811562286811,0.4127656597577995,0.808689206686846
0.5556970434750286,0.42654735943326544,0.8247573406423837
0.5595928405213405,0.4384926909283899,0.8371433227708464
0.5604064697542193,0.4504379580400901,0.8543799285909258
0.5668422217005132,0.461465105445044,0.8649248348058508
0.5687901202236691,0.46743777119260616,0.8711178258700819
0.5687402767602939,0.475246869503934,0.8761423450697715
0.5681482203834677,0.48213771934166705,0.8841764120475405
0.5770740985696039,0.5000558263576047,0.8979048086128268
0.5795642100062107,0.506946740578762,0.9010882518989786
0.5815121085293666,0.5129194063263242,0.9072812429632099
0.5809200521525405,0.5198102561640572,0.9153153099409789
0.5727579745391431,0.5216465599609743,0.9238480854596711
0.5910798717524691,0.5161375198033743,0.9079510062868282
0.6260471839753929,0.5101737923787174,0.8902100104750703
0.615837520912089,0.521655627050728,0.9025988333289102
0.6367492164887724,0.5074193044916295,0.8798361590428403
0.6805205061652951,0.48491932512099445,0.8405038015349315
0.7013823582786033,0.4784921008732237,0.822765646448551
0.6728507980019734,0.49548297570283445,0.851051548475234
0.6220018606595525,0.5216557627958909,0.8928975630743391
0.5864424920598025,0.5345103400582808,0.9186726258638661
0.5706107062830834,0.546910294437038,0.9377531483228608
0.567478695006275,0.5547193283649416,0.9476282912141673
0.5947762990658771,0.5593192515221247,0.9404350423427118
0.6678429347885332,0.5395827627449071,0.8950779078278892
0.6982725501249436,0.5363736519741864,0.8780095160651271
0.7140544924382874,0.5317827959067571,0.8639535128058219
0.7304284911284574,0.520301090001595,0.8418634425687477
0.6847093029287789,0.5368284036246677,0.8750028090124252
0.6084608124659392,0.5721830246411167,0.935259605618244
0.6440201810656893,0.5593284473787268,0.909484542828717
0.6338603614657606,0.5630011837394097,0.9168488464828676
0.5983009928660106,0.5758557610017995,0.9426239092723945
0.5602016693662784,0.5896285223543601,0.9702400479754592
0.36426241673054266,0.36446844425795577,0.7362742883629012
0.3670239444865774,0.38238637711721823,0.7597038852472119
0.3862093143961574,0.3810135057599906,0.7560188926947591
0.37999513530591594,0.38882247530447,0.7707446592776827
0.3550159132902434,0.3644682511076831,0.7508261594377521
0.34024635433787476,0.3286321922388854,0.7185188367439815
0.35689176934747263,0.32817750497182857,0.7166749201050663
0.37938087992653824,0.34564081494745824,0.7334099766588449
0.399922091982448,0.35713145917552575,0.7439520421483922
0.4337052914517194,0.3649494314263347,0.742279180292172
0.4884002058002968,0.35853107414022006,0.7178436301584548
0.5444509429925812,0.3649762394172256,0.7076351520581644
0.5638080422948386,0.39024858332075907,0.7342453515032497
0.5651638844411683,0.4031120989060542,0.74847240954525
0.5837571979739221,0.4086300773865596,0.7528214839705659
0.5933249611970245,0.41184819086360963,0.7534912472941843
0.579269344550784,0.403575595729168,0.7484695688198723
0.5454861450815126,0.3957576234783591,0.7501424306760925
0.5022570683184409,0.419175851322589,0.7864652404059219
0.5149568428183515,0.4145849308717355,0.7772598608382337
0.5601338181045793,0.39713936877506784,0.7471300421726357
0.59201896251407,0.3911755769669865,0.7342396700524945
0.6187743536602212,0.39485725165057467,0.7300559689591183
0.6404498350064081,0.4003752945145042,0.7295544196928173
0.6311534881027335,0.4081841996755595,0.7491308099673579
0.6350492851490454,0.42012953117068397,0.7615167920958203
0.6280214768259251,0.4159932336034631,0.7590059528586646
0.5874320418895861,0.4228750807348665,0.7834386482755772
0.5843000306127778,0.4306841146627701,0.7933137911668838
0.6014876585358265,0.43114767586930813,0.7884603267498891
0.6285144660014056,0.4458563691910017,0.8045227792546717
0.6618773532897634,0.4872104519301314,0.8411792234379678
0.689396530205418,0.5106464920367477,0.8592566473643606
0.7104799551747787,0.5230553847384102,0.8667891650758287
0.686015921337138,0.5786368063239065,0.9377562412285121
0.7655092731451602,0.8492430617828101,1.2249736375089484
0.9034984599721633,1.0119045945260858,1.370926621936299
0.8377850983628936,0.8887696048912529,1.2512505017450501
0.6811803990005851,0.6705175834727272,1.0555796932957768
0.6333415828850733,0.6544270160874766,1.0522308766776851
0.7165091630039521,0.918142493070386,1.3265635594173981
0.7268407119965579,0.9411149719704643,1.3494944477607858
0.693997853422335,0.8506066729000115,1.264459753267013
0.719711981416475,0.9103253003989822,1.2700289141028775
0.7225332912610107,0.8459670905028629,0.9510443436229716
0.6440252939579474,0.6139513104381061,0.7113587680314898
0.5443821542426985,0.31392832418534083,0.3386595819408289
0.5025623429999216,0.1710394632445387,0.1579173179469359
0.6069352414190807,0.48161816919611294,0.4751022531274494
0.6303598671603272,0.5454810598555319,0.5443936266985351
0.6991776103888168,0.7186886694583606,0.7045879198589831
0.7293586281337556,0.7756608390468952,0.7561439790690659
0.7282243588434785,0.7816334404110332,0.7671875938249143
0.7122713058327128,0.7807148682757385,0.7944502657789128
0.7428252860000442,0.89650322628757,0.9867090051109666
0.831706132703942,1.1459575633733943,1.1225536876492292
0.8409125751868222,1.1937632560079088,1.321777307919779
0.8341339841805783,1.1505814668840486,1.294143872684175
0.835309553879084,1.1390749436409,1.1563284765317203
0.8185422529401842,1.1050753173358678,1.1228526819734082
0.8020955920586827,1.0531578225549978,1.0610966668391681
0.7826664502904986,0.9856220667680475,0.9941422369971658
0.744128806811529,0.8326326867183087,0.8319531567372335
0.7271897764799519,0.7719878451525155,0.7681821701813832
0.7404317638933136,0.7683151731752569,0.7559672428356159
0.7513823939981648,0.7053794049289137,0.676968940430541
0.7229277019203293,0.6355437841385082,0.6063351994868411
0.654430598749238,0.4444183060598414,0.41786068575046525
0.5668250012689788,0.16783922641329915,0.134151545128264
0.497270507078682,-0.10414011362345456,-0.14219895580665515
0.48538980449431574,-0.19555805327231063,-0.21151899763632953
0.48772914619493446,-0.20751142281468687,-0.28026571535925054
0.4908113140083676,-0.20751135843126264,-0.28511633905086753
0.49599152989293893,-0.20383013475779058,-0.255345667114334
0.5447893028622002,-0.04899588895974995,-0.06706806363823856
0.6960847383813971,0.4738435991467673,0.5160475707962099
0.7887924520657897,0.7986588435026263,0.8414433327200471
0.8501626649091796,1.022401964049517,1.080957853528834
0.825704696255216,0.9911650557368116,1.0996647662630117
0.6766323029731589,0.6121400153848694,0.8039994530711616
0.6382177848743007,0.5358765265124509,0.7641337939572511
0.734157181959017,0.8372644949279235,1.0696053275261934
0.8013273120921764,0.9999163811306274,1.2804631773088575
0.7819781371498103,0.9512330737367397,1.332098379368458
0.7741877783873988,0.9696139813734076,1.3943301479316643
0.7863176955130348,1.0219864209550318,1.4385275849383519
0.7079814276026487,0.8166158561510364,1.229137201344408
0.5723923019480017,0.4182835738548807,0.817888904803779
0.5646007078553781,0.3943929108646317,0.7931169405468539
0.5640086514785518,0.4012837607023647,0.8011510075246229
0.5626029658688468,0.39622934342839733,0.7919484686823122
0.565142920768829,0.3953111593382266,0.7901073927687745
0.5650930773054537,0.4031202576495545,0.7951319119684641
0.5645010209286275,0.41001110748728736,0.8031659789462331
0.5672625486846622,0.4279290403465499,0.8265955758305439
0.5692104472078181,0.43390170609411216,0.8327885668947752
0.5700240764406969,0.4458469732058124,0.8500251727148546
0.5739198734870088,0.45779230470093696,0.8624111548433172
0.5744620864004597,0.45871055317453185,0.8594016070652378
0.5789000963602225,0.4715741331432512,0.8687780414156209
0.5859279046833427,0.4757104307104721,0.871288880652777
0.5897738730695146,0.4954649059067512,0.8886994290451387
0.5911297152158443,0.5083284214920464,0.9029264870871386
0.5944334558853299,0.5271646028249037,0.92334653619337
0.5943836124219547,0.5349737011362318,0.9283710553930596
0.6065411740084146,0.5294645322117832,0.9221752236034508
0.6801998661078967,0.5028371935968327,0.8687840221108593
0.7264612672210263,0.48722812844735497,0.8326351078891024
0.6750701128445572,0.5124826600885021,0.8774906931376242
0.6863642017347629,0.5028373223636812,0.8590827747276253
0.6894962130115713,0.4950282884357775,0.8492076318363186
0.7092237958346023,0.4945736655521448,0.8425130915057865
0.7128980200248616,0.487682880097836,0.8296284008364005
0.702738200424933,0.49135561645851883,0.8369927044905511
0.6747986965251294,0.5014556414503967,0.8572445395394651
0.6601011841592846,0.5078830014433302,0.8652814243712745
0.6614570263056144,0.5207465170286255,0.8795084824132746
0.6653528233519262,0.53269184852375,0.8918944645417373
0.6723307882116712,0.5446372444022985,0.8994298229785826
0.6906526854249971,0.5391282042446985,0.88353274380574
0.7292942218381803,0.526273691365733,0.852907057324596
0.7222165700516848,0.5299464921098399,0.8554207372871295
0.6956827517615862,0.5451009343756851,0.8848751111783543
0.6600735396984608,0.5657646099494029,0.9156746931675707
0.576797240912501,0.5969829333986312,0.9734206505362334
0.5330259319333557,0.6194829197470911,1.0127530220355692
0.5107583942103425,0.6208557267208946,1.021288638279639
0.49297870991046755,0.6272830153520895,1.0341761696744025
0.3927939770071725,0.347477569428345,0.7079883863362183
0.3980954596631893,0.3644773181974368,0.7295769073069913
0.42117662661908123,0.3750497783353336,0.738277896883001
0.3952348647058088,0.3833133707634458,0.7596982037964568
0.3620437216133636,0.36860454867490394,0.7533369986749081
0.34609004990734255,0.3465501894815721,0.7370978099366754
0.36019551001695826,0.347013686304686,0.7370949692112977
0.37116895884976564,0.35528621705570335,0.7469672713772266
0.38214240768257296,0.3635587478067207,0.7568395735431557
0.4057657875519158,0.37504945641821247,0.762531015341086
0.44716885172113363,0.38011287639850944,0.7553349257442529
0.4696579816028219,0.39757617939631407,0.7720699683066043
0.5022570683184409,0.419175851322589,0.7864652404059219
0.530418145074297,0.4279119432801445,0.7914840781548563
0.5354980548742613,0.42607557509980304,0.787801926327781
0.5227982803743506,0.4306664955506566,0.7970073058954693
0.5423541338047042,0.4035666574062628,0.7600175735673991
0.5268928315487588,0.3902396449978538,0.7457933562507766
0.4958213163721468,0.40814870391763514,0.7759203341909969
0.5160911121086288,0.4086123295075974,0.7662162460823855
0.5550040648412397,0.40678483526673703,0.7558367131994005
0.5888371077738863,0.4067937092062182,0.7491393321434906
0.6150502860065866,0.40955713541621125,0.7479651788281937
0.6265659477528449,0.41874791464082356,0.7548279332160434
0.625481521925943,0.41691141769363377,0.7608470287722021
0.6172696008491704,0.42655681980187893,0.7744043234905839
0.602671771289479,0.4173659761938423,0.7723921927943513
0.5916983224566716,0.40909344544282483,0.7625198906284222
0.6133738038028586,0.4146114883067545,0.7620183413621214
0.6102916359894254,0.41461142392333017,0.7668689650537385
0.6169988042551473,0.43666558996638927,0.7976600248668221
0.6638252518129193,0.4931831176776937,0.8473722145021989
0.6704825724946686,0.5230463750537662,0.8831878163863096
0.6803439551603475,0.5873640243419809,0.9494724600333561
0.736069226562366,0.7408169655982576,1.106808075876294
0.8313943641471072,0.9990232666784041,1.3749449496977353
0.8664115198334063,0.9852504409424194,1.3521794346862879
0.8558632237176155,0.8143519375894748,1.164714000177752
0.7474678239915926,0.5864635167690337,0.9390872685709533
0.7257154744466113,0.6677719695251203,1.038508460807637
0.7776398099962009,0.9227512901670502,1.3126729294900328
0.7389034123891348,0.8221340921652384,1.2140837810032559
0.7233430429318436,0.8455610651821011,1.2534104570604097
0.6586630283558882,0.6898001001788686,1.04573602769256
0.5642106634432895,0.3401270822842838,0.4089197131597119
0.4822487679535923,0.09156660432312415,0.12038576755456563
0.5105533099158972,0.16369373124489753,0.16259121112293706
0.47852346084914826,0.06399491048352926,0.05129126747484686
0.5238175047635772,0.21009359390187565,0.19574505118804655
0.6143833767263499,0.45221840166483973,0.4392838333892985
0.7197686659081018,0.7223702153751003,0.7101054661488411
0.7441059880835729,0.7614243877209481,0.7430825521662299
0.734759797716523,0.7770423911933312,0.7676834616404601
0.7509073978177728,0.8758144758421688,0.8595865919728374
0.8122350708021246,1.0628199406628387,1.1388691842294365
0.8747881569483575,1.2305097839290322,1.2753118611338912
0.8837644835200384,1.261754536046431,1.3275175464096756
0.8727275342463017,1.2089434152351008,1.3990482817615808
0.8912834228725741,1.2323466045379219,1.245039641401813
0.8716555259461445,1.21718302905432,1.2416851490508005
0.8570570776911977,1.1868563983882465,1.1961711576623366
0.8407599471998219,1.1115116086733925,1.1193415849290278
0.8122332116259104,0.9994125742549915,1.0083636193062453
0.7741885573224213,0.8762863297927912,0.8916913654423202
0.7522686843922256,0.7807238709820681,0.7780516373397691
0.7752273467235601,0.7357062304898389,0.7079310550263199
0.7418914989738568,0.6153347958318474,0.5773795341365398
0.6204306521567817,0.28867430935616606,0.25499900144153714
0.53570846733171,0.06446747439639679,0.03003917461870849
0.45623792457983336,-0.1349305060646459,-0.1683076118684655
0.4528633808952304,-0.1537585216756887,-0.14206818142281985
0.5076734798419592,-0.060040009897996606,-0.12242569775858202
0.5157635149894298,-0.10413972557833064,-0.1713027036741914
0.5158410000330752,-0.16983043981403806,-0.22672049183536902
0.5067932488704678,-0.22220282068596633,-0.27576855841669956
0.5793584908043353,0.028648970256288566,-0.001111039112030726
0.7642377630417291,0.5905428579012965,0.6004298455631126
0.8747762291369461,0.943393247530037,0.9949172197770816
0.8802008371730744,1.0371188874764494,1.1388291618938766
0.7697861141230748,0.7821301743384876,0.9101670752359949
0.6475836805390478,0.48578783263452285,0.6108941671178298
0.715368700580225,0.7127572133866811,0.9025886015579383
0.8034241212800535,0.9613259631415902,1.2280807557996232
0.8083132013118126,0.9884508135188218,1.3662439372503887
0.7944077306605054,0.9778867052746979,1.389650579022742
0.8026916942032047,1.0105047150498696,1.4164375147012775
0.7952934023593109,1.032095384269815,1.447231415239739
0.675459209085824,0.7081896886047452,1.1158222862747076
0.5806042230247744,0.4086381717466356,0.8043316100853973
0.5786563245016185,0.4026655059990733,0.798138619021166
0.5747106839919314,0.3985292728152767,0.790777156092393
0.5747106839919314,0.3985292728152767,0.790777156092393
0.5791486939516941,0.41139285278399607,0.8001535904427762
0.578014424661417,0.4173654541481342,0.8111972051986244
0.5819102217077289,0.42931078564325864,0.823583187327087
0.5762382555309383,0.43803800366133305,0.835299406131931
0.587803760740572,0.43941968457461744,0.8371376413200912
0.5916995577868838,0.451365016069742,0.8495236234485538
0.5922417707003347,0.4522832645433369,0.8465140756704744
0.602351746836888,0.4564196264939819,0.8441742912160132
0.6240272281830749,0.4619376693579115,0.8436727419497124
0.6253332416692646,0.48261032864436126,0.8629243662556116
0.6128051965620313,0.5138464643559759,0.9024249378208379
0.6065411740084146,0.5294645322117832,0.9221752236034508
0.6211390035681058,0.5386553758198198,0.9241873542996836
0.6465883960313026,0.5216644366067849,0.9007520759646176
0.7050073587308919,0.5005462025328586,0.8584073299532519
0.7487288049440394,0.4858553214735516,0.8240994916450326
0.6953897520444143,0.5051371873671364,0.862762085829323
0.6933920100578831,0.5069736199309021,0.8615936139647813
0.688904156634745,0.5019191382735105,0.8572416988140876
0.6857721453579367,0.5097281722014142,0.8671168417053942
0.6945262793481604,0.5010010185667639,0.8505499992089329
0.6996061891481247,0.49916465038642255,0.8468678473818577
0.6996061891481247,0.49916465038642255,0.8468678473818577
0.7052283159821371,0.4982465376579905,0.840176124905366
0.7224159439051859,0.49871009886452855,0.8353226604883712
0.7313916507514621,0.5088190621793116,0.8440264907897586
0.705350201911439,0.5327008512300794,0.8754958361025933
0.6742786867348272,0.5506099101498608,0.905622814042814
0.6804430223616933,0.5506100389167093,0.8959215666595801
0.6841172465519526,0.5437192534624006,0.8830368759901942
0.6677432478617826,0.5552009593675629,0.9051269462272683
0.6499137200985323,0.5694373463100857,0.9230389968217212
0.5762051845356747,0.603873783236364,0.9814547175140023
0.5152462476334806,0.625910208378286,1.0256405534303326
0.49492660843362346,0.6332556810996517,1.0403691607386338
0.47265907071061036,0.6346284880734552,1.0489047769827036
0.44164519578628214,0.3231412148995436,0.6649738630098071
0.40684959365341294,0.35575016456278674,0.7130100648105302
0.4229029522861846,0.3621863271334627,0.7192002151493838
0.42236073937273366,0.36126807865986776,0.7222097629274632
0.377925350853458,0.3483954959848188,0.7292319570162239
0.36586747619374876,0.3382864682866116,0.7253787504064535
0.3818709913631451,0.35253172916861547,0.7365934199449967
0.3933866531094034,0.3617225083932278,0.7434561743328464
0.404952158319037,0.3631041893065123,0.7452944095210065
0.4164678200652953,0.3722949685311246,0.7521571639088561
0.43333480793094575,0.3906763982135009,0.7755839200677892
0.43545443584677895,0.42329427922182433,0.8120721031295586
0.4437882428528536,0.4481031906856681,0.8338345196084043
0.4573016465856431,0.45545753734651495,0.8418657458607955
0.45399790591615746,0.43662135601365754,0.8214456967545641
0.4501021088698456,0.424676024518533,0.8090597146261015
0.4659338946465647,0.41227607013977585,0.7899791921671069
0.4811237998857049,0.4145760569322543,0.7839572418941434
0.49323151800878945,0.41687598631913375,0.7827859293042242
0.5199869091549406,0.42055766100272185,0.7786022282108481
0.5633877153106897,0.42378464841925306,0.7725746104785566
0.6144083861663852,0.42425708356527214,0.7610237650056523
0.6259240479126434,0.43344786278988456,0.7678865193935017
0.5979845440128398,0.44354788778176235,0.7881383544424158
0.6082440505395189,0.4242569547984236,0.7707250123888862
0.6096995796125992,0.42150227376106303,0.7749030320315073
0.6018581420566003,0.405420709082142,0.7551555869742717
0.6481693866331051,0.3820025456213364,0.7139821535528255
0.6608691611330157,0.3774116251704829,0.7047767739851373
0.6374673541197255,0.3847570335084242,0.7243560049850554
0.6326090171758137,0.40542951863819887,0.7533088296099788
0.6661934625169889,0.46561967293693507,0.8152358995269139
0.7181946810686081,0.6337725433486754,0.9904807723031365
0.7865428587717429,0.869461059774115,1.2375306515487687
0.8231326037275566,1.0164777740762916,1.3935267407444698
0.8386437453262799,1.0219956811950583,1.4027264617327397
0.8566720272176266,0.9553871122046083,1.3212144793651317
0.8280005880166064,0.7376254669613366,1.0860461922562834
0.7592320833293226,0.5354730156343909,0.8773255719859581
0.83579218210923,0.7615161299515855,1.1108181565132085
0.8429646950896084,0.8713150400882556,1.2375193115185956
0.7875828824729445,0.7711525293535009,1.140774079670734
0.6824191809504805,0.5198368779825003,0.8952231667732494
0.4964770662839289,-0.014956778239254013,0.30156824940513693
0.44300324087575604,-0.1758045892172216,-0.12134914093392259
0.42534358240376663,-0.19833035625864906,-0.20364746620663596
0.4690373860064947,-0.15513962313815519,-0.1875620298355328
0.503828144954278,-0.05865865264641182,-0.09633433839450271
0.5321062866375267,0.11362167347870095,0.08326808996717715
0.5997128849753272,0.3796283573707705,0.3534256173217517
0.7087952170752945,0.7140976846240829,0.7002331639829119
0.7448697738530764,0.7811787531439762,0.7653436771859992
0.756557164992012,0.8170147476293497,0.8025016235713867
0.8219720855464347,1.0081401159347658,0.9958267139351702
0.9037616245164324,1.2089195671376352,1.2105635890362765
0.9357489337241431,1.2718807321727825,1.361631604132179
0.9405501236003424,1.3035640993918847,1.3029597464588223
0.903329498700794,1.2535153085277573,1.4557769369707536
0.9203301713272358,1.2952913754905944,1.3076393153677441
0.9172480024836533,1.2952913093625915,1.3124899447771956
0.9169267437309996,1.2920733907803927,1.297268304660892
0.9039333539091097,1.2355647823983964,1.2408587810338143
0.8761205616714757,1.15102921345893,1.157166453912656
0.8333172563206759,1.0329572557592699,1.0593979919921102
0.7946805456403604,0.9167218611348025,0.9507598051059544
0.7789243896417756,0.8000237440328904,0.7839169689279375
0.7134097821606022,0.6245165723501303,0.6006409169635332
0.5425597215594345,0.17104846595086814,0.14151868950779214
0.4515735189117041,-0.03754028806105851,-0.0636908454842053
0.40304840114513196,-0.13907593794190884,-0.1447185782247568
0.4335020774359146,-0.028805163599445013,0.014087353356818242
0.4924295481354122,0.09569480229653314,0.0713864978303932
0.515438671595228,0.06400384880643453,0.03974326272732008
0.5547221078486126,0.03644938777840804,-0.003941009931282331
0.5085417754954742,-0.1849937571116498,-0.24947749333003127
0.5365533227864068,-0.15283036738324657,-0.2293850950405151
0.6945829521269998,0.3130458933867913,0.29062648703718413
0.8538687395677257,0.8074038737830869,0.8349141657214548
0.8910739793537265,1.0398738260475069,1.1152486474847876
0.8151017309431823,0.9571655581986281,1.0564877243214652
0.6750253863940373,0.5749146284375236,0.6843894146687493
0.6602361052804374,0.5735492110952868,0.7807207737116291
0.7587449609021738,0.8795447533223635,1.1644635274939286
0.7912468395926611,1.001305777081757,1.3629152578902137
0.7811657432471438,0.9815593772519564,1.4018655063685097
0.7803022705508897,0.9774232084515839,1.38965341974812
0.7997812557824491,1.0371498659272063,1.4515833303904326
0.7894497067898432,1.0141773870271282,1.4286524420470452
0.6608884042615518,0.6199814476880202,1.0199150318077816
0.5862761892015649,0.39991095372856117,0.792615391280553
0.5887663006381718,0.40680186794971834,0.795798834566705
0.591306255538154,0.40588368385954765,0.7939577586531674
0.591306255538154,0.40588368385954765,0.7939577586531674
0.595794108961292,0.41093816551693924,0.7983096738038609
0.6143375790306705,0.42426524230877244,0.8076832674288664
0.60866561285388,0.4329924603268467,0.8193994862337106
0.629798881286616,0.4375922547171814,0.8219074847454891
0.6317467798097719,0.44356492046474355,0.8281004758097202
0.6252611844001026,0.4403468713711177,0.8225800887944851
0.6201314311367631,0.4499923378627869,0.8312867598212498
0.6240272281830749,0.4619376693579115,0.8436727419497124
0.6323610499923848,0.48674662621158216,0.8654352054927675
0.6275027130484732,0.5074191113413568,0.8943880301176912
0.6192409485083252,0.5248736117609297,0.9129698440357626
0.6485362945544585,0.527637102354347,0.9069450670288489
0.6683137208408647,0.5193733811593865,0.8952260074986269
0.6770678548310883,0.5106462275247364,0.8786591650021659
0.7207893010442358,0.4959553464654294,0.8443513266939466
0.6776100677445394,0.5115644759983314,0.8756496172240865
0.6420506991447893,0.5244190532607214,0.9014246800136134
0.6679924610580616,0.5161554608326091,0.8800043731001577
0.6877200438810926,0.5157008379489764,0.8733098327696255
0.695339908581039,0.5129462856784642,0.8677866050290126
0.66032275289474,0.526719111414449,0.8905521200404601
0.6329753053717626,0.5299282865685939,0.9027698881116053
0.6366495336826192,0.5230375080925996,0.8898851745708822
0.6487074083423284,0.5331465357908068,0.8937383811806524
0.6546009473751715,0.5432554347221658,0.9072928351736568
0.6229373758217333,0.5680553434796801,0.9454538800916461
0.5893259057451392,0.5868825864896323,0.9774219339454044
0.590952544485492,0.5896373319104171,0.9683932906111663
0.6022466333756977,0.5799919941855962,0.9499853722011676
0.5895468588757871,0.5845829146364497,0.9591907517688558
0.5838748926989965,0.5933101326545241,0.9709069705736998
0.5725309603454155,0.6107645686906729,0.9943394081833883
0.5502135791590271,0.619946473975804,1.0078995436271476
0.5482656806358711,0.6139738082282418,1.0017065525629163
0.5431857708359069,0.6158101764085833,1.0053887043899916
0.47520682239950096,0.31212307020091934,0.6380303283557385
0.450571059169183,0.34105927652565454,0.678702212510884
0.39555550476320717,0.3653955022876075,0.731417983220529
0.401277314403373,0.34885918595820525,0.7146772452159952
0.3821916314205435,0.33461386069277715,0.708313199369069
0.389269283207039,0.3309410599486701,0.7057995194065355
0.3894908560630916,0.34977717689810334,0.7310701922043839
0.39025464183259506,0.3695315423211315,0.7533313172241529
0.3998722485190727,0.3649405574868537,0.7489765613480818
0.41020379751167857,0.387913036386932,0.7719074496914692
0.42647872900050277,0.4131853159070412,0.8033682728281712
0.44502219906988133,0.42651239269887437,0.8127418664531768
0.48950745035515486,0.43157587008477033,0.8006951391732997
0.49594320230144884,0.44260301748972414,0.8112400453882246
0.4779917886088966,0.42238509086015796,0.79383238478545
0.46960813813944663,0.405385277707642,0.777094487506294
0.47155603666260254,0.41135794345520427,0.7832874785705253
0.48615386622229395,0.4205487870632408,0.7852996092667579
0.515399368805052,0.4311213759679861,0.7842993514595336
0.5334504694243548,0.43572110597489644,0.7916579736629289
0.5661492430667243,0.4417025812785156,0.7960042073628674
0.6107341619761258,0.4311478690195808,0.773908455675038
0.6208441381126791,0.435284230970226,0.771568671220577
0.5909567356897196,0.43941159021454146,0.78562751520526
0.6017584551298496,0.4210389057047978,0.7652046253736509
0.6260735783027692,0.4100205678559009,0.7528129617944332
0.6354696121331943,0.38659346607219,0.7231875331205136
0.6575654204635302,0.35857544383762546,0.6843567248789056
0.6429177474404635,0.3571936985409167,0.6873691133823627
0.6264939052869182,0.3764845027574068,0.7144837028191262
0.6240037938503114,0.36959358853624963,0.7113002595329743
0.6725793858031428,0.4844559640430435,0.8308053720057379
0.8169454493727342,0.9452693463120827,1.3143573835567
0.8603912732589909,1.069777142920719,1.4425691199920188
0.8551396340663493,1.0449682958402995,1.4159560798215562
0.8378301160934012,1.010050414083358,1.3854898559126603
0.8297449066787982,0.9250602222602591,1.2951029884609697
0.7911124020059456,0.6585991313297428,1.0036990732331168
0.757455914198844,0.5561455651475897,0.9014277729192647
0.8683144006260546,0.8699422974978764,1.2241330715829088
0.8369492701274633,0.8267518275848077,1.1886451463283638
0.736643905548911,0.5547636910840326,0.9141414088059556
0.5075556396803531,-0.13025658113748076,0.20562950588406886
0.4396721873862585,-0.2993361466410672,0.010987832218953445
0.46993642407536185,-0.23229603407866328,-0.14749780348335453
0.5023288357510951,-0.13491320886965333,-0.14774800813896616
0.4804311608982488,-0.18040316032249598,-0.21601898958642382
0.4975191028197492,-0.16432139965643805,-0.2108234126625262
0.5556348053129866,0.01164067120941541,-0.04025530320281334
0.605461719350912,0.28407464373267993,0.24278975554652465
0.7172058922801635,0.6520801004679107,0.6230759374913749
0.771403592143175,0.7660243108781312,0.7358893032947744
0.8206931115988995,0.9084501047294542,0.882680012922787
0.8954770412483282,1.1551657685598478,1.1402747983833443
0.9329794826383665,1.2773737645484529,1.2599566000253484
0.9346860871743881,1.2989809566177215,1.3695175943105475
0.9299483967089689,1.3118361777143537,1.3467864201839044
0.9078887748644542,1.2796974132659498,1.4569712275439672
0.9212441061821205,1.3127542330376758,1.3583287434806761
0.9235840685333462,1.3219366551347798,1.3330838836736651
0.9312039332332926,1.3191821028642676,1.3275606559330522
0.9211936429933405,1.2994275425463881,1.3198514077059682
0.9106405211446821,1.2576189466968768,1.2716498465647326
0.8764916638875048,1.1464380337298008,1.1673635748292701
0.8240707528803767,1.0329570626089972,1.0739498630669613
0.7677251619454527,0.9231407926384886,0.9315397223058571
0.6918790054716735,0.7246611420556501,0.7253327819980655
0.4969900627197324,0.1641484828953787,0.15958450407023528
0.4019855565507283,-0.11197570891552695,-0.1368325908227098
0.41441515500227577,-0.0853220664701046,-0.07928040243890218
0.4359921888725215,-0.02191424937828784,0.01727079664297013
0.44908340644494793,-0.04443120402679428,-0.0668742830525229
0.49768663175617683,0.012549528931556897,0.0022375253257873435
0.5371910211402092,-0.01730460394965213,-0.05967792950936374
0.553320625575711,-0.11883073540448619,-0.19590929459917664
0.542645615022144,-0.19509365333667913,-0.2794305757621793
0.6004911395116665,0.01211297584400745,-0.04210489557464943
0.7685310535409984,0.49774377991073954,0.48561591708105517
0.8623472512310585,0.9378753978163803,0.9808668979685319
0.823015210965108,1.015510534760966,1.1165793997756177
0.7277694142998841,0.7550208828037948,0.9235303371883876
0.6606570519899911,0.5611489347994086,0.7858933697107191
0.7391656690184593,0.814300503666781,1.069080800276598
0.7864869501246905,0.9640884879836443,1.2948153341669641
0.7882433950336393,0.9778865765078494,1.399351826405976
0.7814863833045422,0.963641508776118,1.373585285792582
0.7923601452105989,0.9875322361497915,1.3935066263578901
0.8068090641055693,1.0412861634944273,1.4540941696275886
0.751675849080377,0.8809423724004175,1.2887244868068821
0.603635546517291,0.42701973019586037,0.8180571188610963
0.5983340638612742,0.41001998142676854,0.7964685978903232
0.6008740187612563,0.4091017973365978,0.7946275219767855
0.6008740187612563,0.4091017973365978,0.7946275219767855
0.6098497256075325,0.41921076065138085,0.803331352278173
0.6346572182305277,0.41691976958740673,0.7929546601205653
0.6334731054768753,0.4307014692628726,0.8090227940761032
0.6292068249097897,0.4444831045549143,0.8299415517232579
0.6368266896097362,0.44172855228440217,0.824418323982645
0.6418567559463252,0.44770128241538865,0.8257606913552593
0.6367270026829857,0.4573467489070579,0.8344673623820241
0.6310550365061951,0.4660739669251322,0.8461835811868684
0.6343587919789161,0.48491019364781657,0.8666036773573093
0.642742442448366,0.5019100068003326,0.8833415746364653
0.6452325538849729,0.5088009210214897,0.8865250179226173
0.669447990131142,0.5134007797952486,0.8841823927427788
0.6713958886542979,0.5193734455428107,0.8903753838070101
0.6395605877081824,0.5175281390395641,0.8982412367274615
0.6471804524081288,0.5147735867690519,0.8927180089868486
0.6457747667984238,0.5097191694950847,0.8835154701445379
0.6248630712217405,0.5239554920541832,0.906278144430608
0.6349730473582937,0.5280918540048283,0.903938359976147
0.6642683934044271,0.5308553445982457,0.8979135829692331
0.6922078973042307,0.5207553196063679,0.877661747920319
0.6470807654813783,0.5303917833917077,0.9027670473862278
0.6120636097950792,0.5441646091276925,0.9255325623976753
0.6120636097950792,0.5441646091276925,0.9255325623976753
0.6100658719291453,0.5460010486697725,0.9243640676617964
0.5733223905757427,0.5726373256076284,0.9662072644068612
0.5492786837222511,0.5946826820946306,0.9988450815842377
0.5588464469453535,0.5979007955716809,0.999514844907856
0.5706827487490101,0.5891737063204547,0.978097378719778
0.569277063139305,0.5841192890464875,0.9688948398774673
0.5636050969625146,0.5928465070645619,0.9806110586823116
0.5643688827320181,0.6126008724875901,1.0028721837020806
0.5719389039685893,0.6176554185284058,1.0023734751611573
0.589668744805089,0.6190372282085386,0.9945104629660831
0.6359799893815938,0.595619064747733,0.9533370295446368
0.6721314143581701,0.5758736376476101,0.919527899777341
0.47893089005313555,0.29742318643528265,0.620121118486663
0.492986506699376,0.3056957815697244,0.625142796960975
0.4594248800861572,0.31671392626834866,0.6520863316150437
0.4829263740261979,0.29375032130775136,0.6224580622157464
0.48184194819929604,0.2919138243605615,0.6284771577719052
0.49027544213212126,0.30110453920174973,0.6401905358513718
0.47330938706512504,0.31947709494464493,0.6703146730662147
0.43343387513229154,0.35392241278822945,0.722033026694013
0.41392786516531316,0.37321315262129534,0.7539982398223938
0.4293393239578833,0.39434926334103215,0.7732469763387058
0.45966987209294796,0.4278941379955831,0.8097294779497198
0.4629736127624336,0.44673031932844054,0.8301495270559512
0.5156707851244798,0.4421483946060914,0.8045455050576924
0.545508344084064,0.44583013367310376,0.7955111802726993
0.5015653250148641,0.44168489778297765,0.8045483457830701
0.501985651999013,0.40814883268448354,0.7662190868077632
0.5070655617989773,0.4063124645041421,0.7625369349806879
0.5109115153819139,0.4260668943105946,0.7799474363088399
0.5148073124282257,0.43801222580571914,0.7923334184373025
0.5316743002938762,0.4563936554880953,0.8157601745962356
0.5465933896363707,0.46880241942290934,0.8329939396909375
0.5491831879997281,0.4600751370214108,0.8261283445777103
0.5542630977996924,0.45823876884106934,0.822446192750635
0.5604772768899339,0.45042979929659,0.8077204261677117
0.5744110076068722,0.4242480808589426,0.7774223934447959
0.5891583675566895,0.4100116295329956,0.7643609665419598
0.6157420293101634,0.3870480889558226,0.7298820734510457
0.6302179729405528,0.3617846189917702,0.6965744929500509
0.5952506607176289,0.3677483464164272,0.714315488761809
0.5825508862177182,0.3723392668672807,0.7235208683294971
0.6058037825662873,0.4095569422659386,0.7625170499030447
0.7369548982611714,0.7950256445933748,1.1643889120932904
0.8082363331130182,1.0752773091388381,1.4651635802207716
0.8221700597093594,1.0490955837228761,1.4348655703691928
0.8346981048165929,1.0178594480112617,1.3953649988039667
0.8136146798472322,1.0054505553095991,1.387832481092499
0.7815626317779318,0.8556792243534863,1.2311637878478021
0.7357305893892817,0.558436620594988,0.9069538413852551
0.7753304596926018,0.6631899873971722,1.017755076492422
0.8567218706810019,0.9475780138932802,1.316189960165442
0.7797414449169455,0.75507096467458,1.1210266346134985
0.5972808687772543,0.17894039086484145,0.5258268413340917
0.4643584096847592,-0.314945669452829,0.008793306709852735
0.44598666923935854,-0.30162753027468503,0.029714905817763378
0.499554270742911,-0.1840430412979407,-0.05129723173073528
0.6467717804723118,0.23907371749546802,0.23688440162279625
0.583891361957981,0.1549842611057853,0.1374802302062733
0.46368605896190035,-0.16433027643278328,-0.2041260345481295
0.4905134945293298,-0.11838518528433555,-0.16796550802090984
0.578439730216583,0.14027602021264,0.08746340614233741
0.7271939824874148,0.6217621488464666,0.5854164418396863
0.8107818895904425,0.851941560730882,0.8214198656040929
0.8936060109239666,1.0623666071922693,1.03516216434873
0.9571228764186088,1.239710211438795,1.2172697444485927
0.9893016361500788,1.2948459484635637,1.2699942755232172
0.9862699304952764,1.308172572826849,1.313322240707376
0.9669921782934324,1.280616888513762,1.3617998181894966
0.9617910022895708,1.2691347319246302,1.3736641137937413
0.9568822021568791,1.2764805265631172,1.3641396026439576
0.9780573907232484,1.296682187877057,1.2833776747335266
0.9894019417720848,1.3003635388989452,1.3034470978160693
0.9915996773375219,1.2884265018924836,1.32801934785625
0.9834585592758665,1.2980637382789142,1.294917163022755
0.9457081400197612,1.2571728114521796,1.2873616673279926
0.9119513455605043,1.1492016530900668,1.1516375504391223
0.8402946024851654,1.0237668645797813,1.0234314897367243
0.7852334299259,0.9056864853691886,0.898406037312935
0.6156173329433776,0.43062760367804587,0.4181911802340712
0.4315024754529142,-0.09037610137267633,-0.11758669503177523
0.46114252425627544,0.00794941262410119,0.023982645272093893
0.47352165869878776,0.021276360649085942,0.043057486280333485
0.4578159611580248,-0.08209507905357342,-0.08530802017119364
0.4885169928138631,-0.07427717118618868,-0.08213025833579689
0.5379319855110971,-0.06875854712686257,-0.12628742654448505
0.5779071640379092,-0.11882205635985638,-0.18805479886240115
0.5807677600254391,-0.13765810718128677,-0.21817610106970087
0.5849079513264192,-0.035668350136490494,-0.09164882408849952
0.6312378160250348,0.16234750440102647,0.1388140989348595
0.778809187591406,0.699886887620637,0.7398389550044357
0.8315261928221324,0.9590105427847537,1.0728749898590988
0.8025581696821805,0.8726466391307551,1.0418612492816446
0.7151027297190695,0.5937760760477583,0.7865804295668767
0.744322447017218,0.7256376398664234,0.9664790054791399
0.7844670091356079,0.9158524103526653,1.2482781127058158
0.783041599304373,0.9452686311161019,1.367714267035824
0.7935941014276267,0.9659414381629975,1.3724139732026628
0.783854608811847,0.9360781094251863,1.3414490178815064
0.8027415376665801,1.0026956167385417,1.411412995501588
0.798253684243442,0.99764113508115,1.4070610803508945
0.6560570920530592,0.5616365355091065,0.9549727326620122
0.5989759637014757,0.39532003327770765,0.7834100117128648
0.6079018270843766,0.4132380949038186,0.7971383612139417
0.6123896805075146,0.41829257656121016,0.8014902763646353
0.6098497256075325,0.41921076065138085,0.803331352278173
0.6208231744403399,0.42748329140239827,0.8132036544441018
0.6176911631635315,0.435292325330302,0.8230787973354085
0.614559151886723,0.44310135925820565,0.832953940226715
0.6241269151098254,0.4463194727352557,0.8336237035503332
0.6266170265464324,0.45321038695641286,0.8368071468364852
0.6299207672159179,0.47204656828927033,0.8572271959427166
0.6299207672159179,0.47204656828927033,0.8572271959427166
0.6368987468788982,0.4839920095576458,0.8647626014437716
0.6509543635251387,0.49226460469208744,0.8697842799180835
0.6864638886615134,0.48721912574102544,0.8490337363282463
0.7005195053077539,0.49549172087546706,0.8540554148025582
0.6801998661078967,0.5028371935968327,0.8687840221108593
0.6370704762715755,0.5106372248184069,0.8950577934413095
0.6218307468716826,0.516146329359431,0.9061042489225354
0.633074992298513,0.5143100899459382,0.8927208497122261
0.6274030261217226,0.5230373079640126,0.9044370685170703
0.6307067667912083,0.54187348929687,0.9248571176233017
0.6300648669510067,0.5565734374459308,0.9379157038007603
0.6269826991375737,0.5565733730625065,0.9427663274923773
0.6027174194280294,0.5597826126000757,0.9501334718719053
0.5982295660048913,0.5547281309426841,0.9457815567212117
0.6095236548950971,0.5450827932178631,0.927373638311213
0.622765646429056,0.541410128218919,0.9151586880941082
0.5866142214524798,0.5611555553190419,0.948967817861404
0.5504627964759035,0.5809009824191648,0.9827769476286999
0.5524106949990594,0.5868736481667269,0.988969938692931
0.5560849191893187,0.5799828627124183,0.9760852480235453
0.5642469968027161,0.578146558915501,0.967552472504853
0.5559852322625681,0.595601059335074,0.9861342864229244
0.5522611646089336,0.6103009431007106,1.0040434962919997
0.5612368714552097,0.6204099064154938,1.0127473265933873
0.5973384529684107,0.6084735776266987,0.9839627160257809
0.6492718202583309,0.5841372944591465,0.9360975829991797
0.6879632001348892,0.5634736832688529,0.9004473773183461
0.5081763926358935,0.3079957753400279,0.6191208606794387
0.5081763926358935,0.3079957753400279,0.6191208606794387
0.5280036623856751,0.29192295583373956,0.6023772819495274
0.5344892577953444,0.2951410049273654,0.6078976689647627
0.4933576099455544,0.30110460358517394,0.6353399121597547
0.46482604966892455,0.31809547841478464,0.6636258141864377
0.546918235701232,0.30065885464102227,0.6219479907733129
0.5135283384806905,0.3383222146004076,0.6791867174249194
0.4572788278576869,0.38424923834915437,0.7529951412897917
0.4817158562625311,0.40768520709452144,0.7759231749163746
0.4567095902088169,0.4623483871842478,0.8498998128385645
0.4385594223881682,0.494502642602609,0.8960920840089454
0.5020084707269692,0.47935713168184413,0.8550896913787667
0.5081728063538353,0.4793572604486925,0.8453884439955329
0.48649730570502586,0.473839224562588,0.8458900072532609
0.48242979856865936,0.4352486708288773,0.8032088191358333
0.4957216294453963,0.4237669005402909,0.7859693725903761
0.5046474928282971,0.44168496216640196,0.7996977220914531
0.5288629290744662,0.44628482094016075,0.7973550969116144
0.5062747512940547,0.46557549638980233,0.834170933731612
0.49638634801355397,0.4802752513885906,0.8617813909839214
0.5568528961630498,0.4495114864395708,0.8155805976374078
0.5568528961630498,0.4495114864395708,0.8155805976374078
0.5585792218301532,0.4366480352376998,0.7965029159037907
0.562895345860614,0.41505730163433024,0.7705596390569464
0.5782347621872574,0.39393000047065024,0.7494641451763414
0.5997385141407671,0.37280282807381876,0.7186674039125026
0.5850908411177004,0.37142108277711,0.7216797924159595
0.5585071793642264,0.39438462335428304,0.7561586855068736
0.545857248327691,0.3911664454938086,0.7603395458748724
0.6257709460436948,0.6282366882223595,1.0092277073728741
0.776993088543729,1.0665411527978583,1.464995366163454
0.7580292914902015,1.0867501411045193,1.4939510315137554
0.7586711872098058,1.0720501859771439,1.4808924682076339
0.7678954916475536,1.0219778689326717,1.4209718475361763
0.7568001568854442,0.9792510246095654,1.3757798341730199
0.7193247402308249,0.7780256313122719,1.1622029087603225
0.6668083483044093,0.5299371605080749,0.8960725070556954
0.7542920524537488,0.7720619038876148,1.1444619129485643
0.8152689630484088,0.9503236922243116,1.3284105689619645
0.704830803605347,0.6029908947755306,0.9673760113230138
0.4941371008422553,-0.02413920557009346,0.3268131263656508
0.43696111869840654,-0.30392739598735624,0.02603559398068739
0.4559975797936699,-0.26073717793425616,0.08092601988472646
0.48636336809413844,-0.14590788435305016,0.04289689224716307
0.5522596408728296,-0.02832313494882173,-0.057517722013730434
0.553664703056321,-0.04440451782492684,-0.09181704991186927
0.48962782087517276,-0.17259386886089542,-0.22554634146158525
0.4813660582903763,-0.1551393638598797,-0.20696453031983505
0.5777978303763814,0.1549759683617008,0.10052199231979585
0.7864715921503905,0.7338699910763459,0.6945476558160106
0.888354371731325,1.0375577601118495,1.0085491241782674
0.9487890694125342,1.214901299974951,1.195507327969747
0.9791916600135256,1.2907095865129188,1.2723340599776782
0.9927050637463151,1.2980639331737656,1.2803652862300698
0.990536211062362,1.294390937534807,1.2924034830602213
0.9882251336529189,1.269598486281441,1.3542587783018958
0.9980132302812644,1.2493811391026928,1.2931955044745684
0.9779716902496183,1.2020710858774208,1.3194119683725882
0.9920686083342366,1.2048097608774304,1.1976618597324595
1.0057537414597033,1.238809322799038,1.2359882779823887
1.0111345712161335,1.2535257311585768,1.3326645758803675
1.0197601343679732,1.2760268050474235,1.2895363306307877
1.0008960242411964,1.2806175967314286,1.3084429575817096
0.9706368988466538,1.2682003451576787,1.2688028313932154
0.9355747254298471,1.1606923617015583,1.1573289922370527
0.8706023318922739,0.9861034402369718,0.9710433867767347
0.7636396425113751,0.6842520393818095,0.660724070241553
0.5497142415447244,0.08054916958674493,0.040085366574875735
0.4808485241013508,-0.021441942999117235,0.015421198553299783
0.4803278941658554,0.006576541266873537,0.02029765271964106
0.459742280404034,-0.10505913469814017,-0.08098192372917193
0.4862976779712793,-0.09127685557185626,-0.10856940299818704
0.5287353245040238,-0.07656784033304172,-0.11676006895148931
0.5628391640306936,-0.08666773655807106,-0.14671315138363733
0.5997267350469077,-0.02877717663705784,-0.10786788128664986
0.6347396836955945,0.10767569218842755,0.05213233776143384
0.6744344225944152,0.3259007925663022,0.2921484313686262
0.7532661733851358,0.6456776935581262,0.7210631083203751
0.8245044476223905,0.8680559118301743,1.0181039986391056
0.8555489380635833,0.929164250219081,1.0818721444695782
0.7606231637906518,0.6296209444726129,0.8170409948963545
0.7640567147493307,0.6595004758872048,0.951026156704499
0.807404710885051,0.8630338355263442,1.2197924964623883
0.7908103746690406,0.8979509951089903,1.3036156267217454
0.7959623269349315,0.9383780388120657,1.3402777052915873
0.78232703727284,0.89656937857913,1.2969267678419685
0.7953702705581053,0.9452688886497987,1.3483117722693563
0.8206929513591323,1.0229135433681078,1.4288206561043626
0.7324454614402894,0.76103443456554,1.1581701251917247
0.6169273773940279,0.4155379599072738,0.8008176723156394
0.6155216917843229,0.41048354263330644,0.7916151334733287
0.6194174888306349,0.422428874128431,0.8040011156017911
0.6289852520537372,0.42564698760548103,0.8046708789254096
0.6253110278634779,0.43253777305978985,0.8175555695947955
0.6227710729634958,0.43345595714996055,0.8193966455083331
0.629798881286616,0.4375922547171814,0.8219074847454891
0.634286734709754,0.44264673637457286,0.8262593998961827
0.6342368912463787,0.4504558346859007,0.8312839190958722
0.6336448348695526,0.45734668452363375,0.8393179860736412
0.6305128235927442,0.4651557184515373,0.8491931289649478
0.6299207672159179,0.47204656828927033,0.8572271959427166
0.6425707130556887,0.4752647915395714,0.8530463826389273
0.6831601479920278,0.468382944408168,0.8286136872220147
0.692135854838304,0.478491907722951,0.8373175175234021
0.6819760352383754,0.48216464408363385,0.8446818211775526
0.6585742282250852,0.4895100524215753,0.8642610521774705
0.638254589025228,0.496855525142941,0.8789896594857717
0.6565266427751787,0.4991555832966689,0.8681170995126186
0.6395107442448071,0.525337237350892,0.9032657559271511
0.6346025638375201,0.5538188207919944,0.9372430997517643
0.6308286527205103,0.5763278028689589,0.9601768288205293
0.6189425074534783,0.5928639904315128,0.9866188142082971
0.5952692841207602,0.5891823801313488,0.9859518916100563
0.5716459042514174,0.577691671519857,0.980260449812126
0.5638044666954184,0.5616101068409359,0.9605130047548905
0.5700186499062572,0.553801144274771,0.9457872153006296
0.5700186499062572,0.553801144274771,0.9457872153006296
0.5586747175526762,0.5712555803109197,0.9692196529103181
0.556134762652694,0.5721737644010904,0.9710607288238557
0.5566769755661449,0.5730920128746853,0.9680511810457764
0.5662447387892473,0.5763101263517354,0.9687209443693947
0.5529030644491351,0.5956009949516498,0.9909849101145415
0.5700408489088086,0.6038736544695157,0.9911559648972363
0.5542090631320895,0.6162736088482729,1.010236487356231
0.580150825045362,0.6080100164201607,0.9888161804427754
0.6244643276353355,0.5864282855231205,0.9464742751567872
0.6479159781120011,0.5712737788738513,0.9218705249571795
0.526719862705272,0.3213228521318611,0.6284944543044443
0.5064500669687902,0.32085922654189897,0.638198542413056
0.4957480344554107,0.3236137144289869,0.6485723938452859
0.49515597807858447,0.33050456426671976,0.6566064608230547
0.34167423895013116,0.3837591197075974,0.7730901251828988
0.34307992455983616,0.3888135369815648,0.7822926640252095
0.5496299199938914,0.3263858858116126,0.6504021068573131
0.555745031882787,0.35533090169240467,0.6892272336481657
0.5113318423660629,0.3925308292121006,0.741618177333533
0.4354045923834037,0.4311033775331521,0.817096622329248
0.2777286248051029,0.5404029766605759,0.9948432677374505
0.3535069544717297,0.5463935155650361,0.9779402423109147
0.5109841775732453,0.48946609499662713,0.8637935216801541
0.49882661598678557,0.4949752639210756,0.8699893534697629
0.5240544355939297,0.4591482077586074,0.8212834023368485
0.5213427513012703,0.4334211765880171,0.7928292862528481
0.6413126879772574,0.38337567451226084,0.6982646513388101
0.5960858692276544,0.40863033492025647,0.7334189892040981
0.5172974238648326,0.4449031400268762,0.7955168617234543
0.3773789319325441,0.49770294381727276,0.9150072331360003
0.34971084435216837,0.5188299874472557,0.9555052217830732
0.5136736628633534,0.4651206159724728,0.8468788881675476
0.5930043211396261,0.4297660593394479,0.7817714678701121
0.580132817247038,0.4077117645295404,0.7606816554402623
0.586988896177481,0.38520284683600015,0.7328973026798802
0.6098484902773204,0.3769391900244638,0.7163276194580414
0.6296259165637266,0.36867546882950325,0.7046085599278197
0.603092098273628,0.3838299110953482,0.7340629338190444
0.575102750910449,0.40173903439855396,0.759339288067648
0.5636099078921469,0.463756554171302,0.8413471382508021
0.7150037945880938,0.9287062793973888,1.3274100361031296
0.7754384881487056,1.106049812282176,1.5143682627659463
0.7695947925792378,1.0881318150394894,1.4957892895732525
0.7516433788866855,1.067913888409923,1.478381628970478
0.7450857410110895,1.0224324274328804,1.4325170115583257
0.7322911053172959,0.9135516370029567,1.312507556158093
0.6924744878907909,0.6608722457479063,1.0371717748857778
0.6835756492433092,0.563936786813107,0.9295483016140078
0.777246507747471,0.8772699579568559,1.2571070646946465
0.7879983837242258,0.8667063717584401,1.2417086940627269
0.6177674116369211,0.32733004090767,0.6806572993906285
0.45106175677596344,-0.1743739803133527,0.16529663838866213
0.4160494233530237,-0.2896910727190416,0.04879826900213567
0.43703378274014243,-0.2405281896275953,0.10988168523502775
0.4445958837374196,-0.21206267311811078,0.031137552318081654
0.5241976276175104,-0.07381322367910537,-0.11608746490249339
0.5466362760379454,-0.06967660245018482,-0.13782974984125665
0.5311029294656688,-0.125267032415739,-0.19239820343782252
0.5072081332768982,-0.14778475966533608,-0.2183357988339117
0.6485640844518141,0.3552920098197941,0.3104111079867676
0.847078019224277,0.9378587462002084,0.9118010516050282
0.937273407666276,1.2057105207503387,1.1886445735818976
0.9543841673905303,1.293000577576893,1.2827107521352856
0.9493541010539412,1.2870278474459065,1.2813683847626716
0.9374457557542085,1.2534915230691368,1.2624416262716667
0.9494820511367711,1.2346638293752152,1.2644279382592276
0.9287986133252221,1.202053727788161,1.3037029768990374
0.9324223743267014,1.1818362518425647,1.2523409504549439
0.9271281942448725,1.1202897472913456,1.265495987450128
0.9600688826299304,1.1317724868204526,1.2099760671856612
0.9699296414496074,1.1749543403277372,1.2327588787296482
0.9586866354735863,1.2190621573464615,1.3331459878887517
0.9555047807334027,1.2346802895856928,1.3480456499797477
0.9649439731181212,1.26912663058624,1.3221540105502472
0.9677264604258979,1.2948454960350158,1.3039486470823705
0.983436360273315,1.2479912280841694,1.249548413426148
0.9497072102748818,1.082138461215984,1.0634310277409815
0.8727267845108254,0.8896314119972834,0.8682677021890381
0.6792429160749516,0.31303740574785544,0.268220125943392
0.5446686600845164,-0.041178613579150744,-0.015384053120619556
0.5265172491122495,-0.0512959471134778,-0.056195503665085286
0.5284429486328539,-0.09539579156066029,-0.09537126219746064
0.5390945179574534,-0.11147696993903605,-0.14422244940439813
0.5583020868695849,-0.06277733110151897,-0.10253869236024435
0.5799000839923816,0.00843142992726775,-0.04762244186450719
0.595483272177629,0.056212755907765664,0.0019214866493429533
0.6811409721648816,0.32681917155132423,0.2794376304894786
0.7605629191260651,0.5762978545529894,0.5698126812581015
0.7979243721509749,0.7196579672986826,0.8263153084139258
0.8344433140916713,0.8666828473226739,1.0289708771615036
0.8735508149449157,0.962708867339935,1.1377571408470604
0.7985255923385017,0.7316277315758267,0.9835303528896364
0.7254212435198246,0.5855366588679689,0.9293916797671371
0.7950538365081699,0.8129610608195882,1.1938262645035869
0.808910699026314,0.873605838001957,1.2624478747510541
0.8122144396957995,0.8924420193348145,1.2828679238572858
0.8071345298958353,0.8942783875151559,1.286550075684361
0.7802074093570068,0.8639514975708067,1.260438584780199
0.8101398295104739,0.9811049475185964,1.3806190949631267
0.8048881903178324,0.9562961004381766,1.354006054792664
0.6666372386371366,0.5244277340499297,0.9092791700325547
0.6251392984708006,0.4058925577990287,0.7872603775972575
0.6264951406171303,0.41875607338432397,0.8014874356392576
0.6315252069537194,0.42472880351531034,0.8028298030118719
0.6329308925634244,0.4297832207892777,0.8120323418541826
0.6303909376634422,0.4307014048794484,0.8138734177677203
0.6399587008865445,0.43391951835649856,0.8145431810913386
0.6444465543096827,0.43897400001389003,0.818895096242032
0.6475287221231157,0.43897406439731423,0.8140444725504151
0.6458023964560123,0.4518375155991853,0.8331221542840324
0.6395383739023957,0.46745558345499255,0.8528724400666453
0.6325105655792754,0.4633192858877717,0.8503616008294895
0.6336448348695526,0.45734668452363375,0.8393179860736412
0.6463446093694633,0.4527557640727802,0.830112606505953
0.6417570690195746,0.46331947903804427,0.8358097297546385
0.6380828448293153,0.4702102644923531,0.8486944204240242
0.6388466454020542,0.489964675305208,0.8709555925080029
0.6362568470386968,0.4986919577067066,0.8778211876212302
0.6421005426081645,0.5166099549493933,0.8964001608139239
0.643406541291119,0.5372825688460164,0.9156517380556135
0.6519619211532461,0.5809275972592935,0.9626848273323079
0.6667314801056149,0.6167636561280913,0.9949921500260783
0.6630074124519802,0.6314635398937278,1.0129013598951537
0.6495936956459413,0.6084909966102253,0.9948210952433832
0.6364507754339255,0.5754096831622124,0.9534851292153746
0.6171435195950434,0.542328240947351,0.9218504105706
0.6157876774487138,0.5294647253620559,0.9076233525285998
0.6341095787826371,0.5239556921827703,0.8917262504844199
0.622765646429056,0.541410128218919,0.9151586880941082
0.5999060523292167,0.5496737850304554,0.9317283713159469
0.5764544018525511,0.5648282916797247,0.9563321215155546
0.5924579170219475,0.5790735525617287,0.9675467910540978
0.5949480284585544,0.5859644667828858,0.9707302343402497
0.6019259933182993,0.5979098626614344,0.9782655927770953
0.5764766008551027,0.6149008018744695,1.0017008711121613
0.5657745683417231,0.6176552897615574,1.0120747225443913
0.5776108701453798,0.6089282005103314,0.990657256356313
0.61738667584884,0.5901010862672277,0.9489879551193209
0.515375930351691,0.33877728816800995,0.6519268919141327
0.5001362009517982,0.34428639270903416,0.6629733473953585
0.45382493707267074,0.36770456314766486,0.704146794808232
0.32515070986983535,0.41866812054674335,0.8102537530190416
0.26446319893838033,0.45173156083785826,0.8746857355378173
0.3803385940912705,0.4421129058259922,0.8313350432727584
0.5349053787720304,0.4118306361349202,0.7523341383311528
0.5803039269143107,0.4132211909876857,0.7474749924634033
0.5122673575282436,0.43893040989588983,0.7941744943508402
0.29020682644896106,0.5169759392602891,0.9603672153719138
0.27010876010515644,0.5431575289310879,1.0003664954780633
0.2982199933976374,0.5597027191999712,1.0104098524266873
0.37323453729476064,0.5459388926814034,0.9712457019803825
0.43845973546141764,0.5101208392252646,0.9061411224083242
0.5703656801704345,0.43573004429780177,0.780109968915402
0.6350486654236407,0.3989937423680681,0.7180149371214233
0.6088853306543157,0.38842121784674705,0.7141645712370307
0.5326368401914761,0.42377583886319614,0.7744213678428494
0.38667527883621866,0.48989403865621745,0.8954308428614596
0.37996873029590156,0.48897566141577414,0.908141638022773
0.34468077801557934,0.5128572573162694,0.9541628544104588
0.34608646362528434,0.5179116745902367,0.9633653932527695
0.40179374203221424,0.47106640934572014,0.8925665311574035
0.406652078976126,0.45039392421594543,0.8636137065324796
0.5088423506548607,0.4067757037935591,0.7819365890217782
0.6155204564541108,0.3682119720063894,0.7046114006531974
0.6335217136100384,0.3806208003246277,0.7169945420562823
0.6114757487430779,0.40082972424786417,0.7508008310982005
0.5886161546432386,0.4090933810594006,0.7673705143200392
0.6319629220107874,0.5703552015048209,0.949133214064681
0.794280399272931,1.0513865104034261,1.4500928862184177
0.809099801688675,1.0794134709608962,1.4773756897124986
0.8221700597093594,1.0490955837228761,1.4348655703691928
0.8081642865264942,1.0330138902771069,1.4248193726951914
0.7824711222046935,0.9810962023459637,1.3776152286358025
0.754463781846426,0.7987071191483759,1.1747571049461023
0.6992357056273509,0.5248916171735888,0.880172587157475
0.739377788844122,0.6305632324493677,0.9879642744865624
0.8156892900325577,0.9167876271258173,1.290081309986658
0.7233742736747255,0.6163179715673638,0.9767496049480193
0.5418492126972151,0.08658697844141466,0.4341061286859196
0.46393326066855145,-0.15231968550344516,0.1863864508185119
0.41858937825300585,-0.2906092568092123,0.04695719308859803
0.4262819067633876,-0.22996460342917951,0.1252800558669472
0.4426486049396684,-0.1968995500630573,0.06844641622824747
0.47216939635810085,-0.162948659902923,-0.19743717566835245
0.5149000422931758,-0.10827589437870301,-0.18351479029458137
0.526144907445411,-0.08897634498958025,-0.1533963345304935
0.5384963974270995,-0.017767788458522886,-0.08392822472595773
0.7635171368566683,0.6286619370071049,0.5819025040699285
0.8939494697093212,1.1156570377137913,1.095752548343806
0.9389228651345849,1.2796735651684839,1.2684865348186631
0.9422764492674458,1.2907006481900134,1.2838820647252052
0.924845049485793,1.2213284598392977,1.2180961067477443
0.8954560806664369,1.1473648342257559,1.181909764453366
0.8946202524310067,1.0853470569193109,1.11930440903668
0.8428215191028489,0.9916367791760073,1.1414707928335626
0.822629211290566,0.9254824467686444,1.0957570929461884
0.8060822437569093,0.868047359807814,1.0005482612369303
0.8169140865594821,0.8763362220024608,1.1037395225066136
0.8244564633352294,0.9392723765493491,1.1536340827619864
0.8606738655940553,1.0486086912308448,1.2124293468101133
0.8499244685189195,1.1437154326397236,1.4018351373396212
0.8696879073220559,1.245681008322476,1.3641308282875508
0.9052405910127241,1.2985089721556722,1.3471140739421328
0.9563104856063902,1.2700365201877475,1.2870368542951418
0.9790752185123466,1.1483011524954339,1.1412523361053821
0.9501545619944498,0.9695849988088017,0.9312066449949817
0.820260236047785,0.6337338428817587,0.5971127812847217
0.6412769891464709,0.16649203207348612,0.18313379403227564
0.6568097141429383,0.20094666756269625,0.19420038677141824
0.6504009795304457,0.11090210015414069,0.08976033325369533
0.6395265978989843,0.06587558397785179,0.026337137713990138
0.6246567322944603,0.024521932929094117,-0.03942300155479843
0.6234726195408079,0.03830363260456003,-0.02335486759926061
0.7052843649149746,0.2891556166970876,0.23675078063055718
0.781844463694882,0.5151987310142822,0.4702433651578076
0.8295572026768643,0.6470607265233194,0.6210382459845782
0.8577207583343394,0.7403399736913376,0.800064503631101
0.8745403795779347,0.8510736534063476,1.0025232103229809
0.9231664199163109,0.9792626740146025,1.1605056115062424
0.8774593620839864,0.8221533278412722,1.0891246511129082
0.7572127620656446,0.5083727268060275,0.8742902054992068
0.8133307159909882,0.686171211469883,1.0436898311631337
0.8634338646795914,0.8405422724329064,1.207717146611226
0.8536943720638117,0.810678943695095,1.1767521912900696
0.8630135376954425,0.8740783375314004,1.246046405586533
0.8206749583640439,0.8226153368673141,1.200686178166059
0.8286382818493448,0.8731512151183243,1.255753334420522
0.8565009175503541,0.9498776857464627,1.334421142341991
0.7664772585010324,0.7086711264570938,1.0878728123626593
0.6645944641168625,0.40498331203176335,0.7738712969361929
0.6704381596863302,0.4229013092744501,0.7924502701288869
0.6715724289766075,0.416928707910312,0.7814066553730387
0.6710302160631565,0.4160104594367171,0.784416203151118
0.6704381596863302,0.4229013092744501,0.7924502701288869
0.667306148409522,0.4307103432023537,0.8023254130201933
0.6641741371327136,0.43851937713025735,0.8122005559115
0.6661220356558695,0.4444920428778196,0.8183935469757313
0.6649379229022171,0.4582737425532855,0.8344616809312689
0.6535940053518714,0.47572822397926107,0.8578941656051668
0.6453820842750987,0.48537362608750606,0.8714514603235487
0.6426205417158287,0.46745564783841675,0.8480218163750284
0.6367270026829857,0.4573467489070579,0.8344673623820241
0.6372692155964366,0.4582649973806528,0.8314578146039447
0.6439265552020185,0.4881283071248666,0.8672734406809276
0.6589176870104396,0.5428004829430975,0.9248514361725465
0.6602236856933941,0.5634730968397205,0.9441030134142364
0.6570916744165858,0.5712821307676242,0.953978156305543
0.6576338873300367,0.5722003792412192,0.9509686085274636
0.6673733799458164,0.6020637079790304,0.9819335638486197
0.6854965230310459,0.6489268498693577,1.0296364164489322
0.6879866344676527,0.6558177640905148,1.0328198597350842
0.6852749501749934,0.6300907329199245,1.0043657436510838
0.6829337494031076,0.5786367349621677,0.9426068877914662
0.664810606317878,0.5317735930718406,0.8949040351911537
0.6595589671252364,0.5069647459914208,0.868290995020691
0.6601011841592846,0.5078830014433302,0.8652814243712745
0.6563771165056501,0.5225828852089669,0.8831906342403498
0.636057477305793,0.5299283579303325,0.897919241548651
0.624713544952212,0.5473827939664813,0.9213516791583395
0.6254773307217154,0.5671371593895094,0.9436128041781084
0.6191634647047235,0.5905643255566446,0.968387609160411
0.6267334859412946,0.5956188715974603,0.967888900619488
0.6368434620778479,0.5997552335481053,0.9655491161650267
0.6103096437877493,0.6149096758139504,0.9950034900562514
0.5820987235685179,0.613982682167723,0.9950091715070067
0.5947486546050533,0.6172008600281972,0.9908283111390078
0.5319715018979136,0.3461316992122808,0.655107494474907
0.47236842644467186,0.3810316329616731,0.7135203744418105
0.3808801872793167,0.4218953654969714,0.784823640520282
0.2530195796580488,0.48480419349666265,0.9081672115468847
0.2298393455008111,0.5109857187840373,0.9530171153446512
0.4054895454996203,0.49311234528354025,0.881548735110227
0.5487622412901745,0.47247541331728904,0.8209557485786202
0.5481701849133482,0.47936626315502207,0.828989815556389
0.41863246571163615,0.5261936587315532,0.9228847011382356
0.2389375531761383,0.5766847862179814,1.04054251531552
0.2852986460416741,0.5454575227013915,0.9943445591965271
0.31459399208780736,0.548221013294809,0.9883197821896131
0.35723102212536423,0.5316936317993995,0.9600310324418392
0.5850133531935012,0.4371117895945104,0.7770975804119451
0.6344566090468144,0.4058845922058011,0.7260490040991923
0.6432605865004133,0.3893483402598231,0.7044576424030414
0.487017338918548,0.42468495586361327,0.7975116958871478
0.37520946055333565,0.4728941611202772,0.8835435692739205
0.34159799047674155,0.4917214041302294,0.9155116231276786
0.34500141807297774,0.4949393888404312,0.9258826338345311
0.3306251613693389,0.5045846621818277,0.9491411759361468
0.33316511626932105,0.503666478091657,0.9473001000226091
0.32677920778640235,0.48483023237537537,0.9317306746079947
0.32737126416322854,0.4779393825376425,0.9236966076302258
0.34515094846310357,0.47151209390644755,0.9108090762354623
0.44420918956240724,0.43570291438979,0.8390071156074943
0.608122164610217,0.38980264122633473,0.7354053011916587
0.5956439629663588,0.4132296786266214,0.7698813535571953
0.5894297838761173,0.4210386481711009,0.7846071201401187
0.6634277394361292,0.5979274747952338,0.9745721009198469
0.8330216226128647,1.0229138009018048,1.4094181613378944
0.8700587192882465,1.0573770527967992,1.4331898677875952
0.85501774401645,1.010513975289896,1.3806363914956656
0.8601474972797896,1.0008685087982268,1.371929720468901
0.8247148403422092,0.9190874921292725,1.2937606210883554
0.7613967289756634,0.6893717058348194,1.0480531092153373
0.6987205026460838,0.4449559260014786,0.7892869641006517
0.7949313308534631,0.7573709584448833,1.1150046983319621
0.8165797874642309,0.8419063986175014,1.2083982728363545
0.7056714575736449,0.5359187645785425,0.8907174933724
0.6007064953760419,0.23223088576978784,0.5815666016375506
0.5520588683589014,0.07510512107449051,0.42171728229997474
0.4990452812495423,-0.05262078901119597,0.29283578254103754
0.4229283226305267,-0.2409916864507091,0.10988452596040536
0.4502186261762396,-0.19184500402224153,0.06794770768732414
0.49364612635179794,-0.10505842648047371,-0.1343387843369588
0.5290775448687183,-0.0655489856721724,-0.14317340062304185
0.5669510932057438,0.05206784367933929,-0.013294472016205506
0.6391452318934329,0.30751081260614466,0.2511659320896835
0.8336414836902818,0.8436779039193457,0.804850182382254
0.9128363985640543,1.1822745450271468,1.1657165259638875
0.927036719867553,1.2962097527310377,1.294928520206431
0.9104189493187789,1.238782831492022,1.24637916804905
0.8698343390851582,1.116574769375414,1.131547995816497
0.8365765989850587,0.9516484167026379,0.9890805419051284
0.770797879818944,0.7205674740888022,0.8203018828728535
0.697964945259396,0.5855034165298925,0.7864093747841818
0.6539067103667405,0.48122128058226465,0.7513684735890069
0.6336067912678159,0.45409610828791225,0.6374584105963264
0.5892586700882474,0.41552921473464116,0.7978138059883152
0.6091297222383244,0.4784656337935408,0.8283058486058826
0.6595948251656407,0.6093849480469634,0.8372812148634846
0.7209237386309513,0.8386619922174434,1.2035675113510431
0.8296528136062233,1.0798444406419143,1.2810336605250414
0.9024857481657712,1.2149084982008236,1.3149261686137135
0.956581901925818,1.2810635388258529,1.3072830078933007
0.9834640047341389,1.190109619578097,1.1991551446298518
0.9346163925698594,1.0430844837649873,1.0159020649309074
0.8283904631928957,0.8400048438969631,0.8217390029040228
0.7317875721875958,0.5243800568485953,0.52745911382612
0.7459927192239622,0.5092253570490534,0.5174072347013633
0.7199062526534316,0.41182633690771603,0.41463722584658774
0.7213605422757025,0.3668000782651241,0.33181153554041465
0.7320127313257067,0.37185468868936405,0.32646220330787434
0.7311492586294526,0.3677185198889917,0.31425011668748437
0.7793045087948999,0.5161169151044529,0.4720844410713453
0.8412938175537704,0.6539518338947492,0.6096698181958792
0.8633626011486871,0.704951208968873,0.6647341337249647
0.8604312031761893,0.7237954272566967,0.7415149097663071
0.8492669225148781,0.7444841115740949,0.8734879523138877
0.9182570000582144,0.9654726798504736,1.1074792453820617
0.8977519765484245,0.8938252524285947,1.1682911675753005
0.7690281043175593,0.4918447049652883,0.894507699663316
0.7904261041606412,0.5731540590893142,0.926020160217362
0.8640259210564176,0.8336514225951733,1.199683079633457
0.8529305862943083,0.7909245782720671,1.1544910662703005
0.8677499887100523,0.8189515388295366,1.1817738697643816
0.8568263833406201,0.8028699097671915,1.166877048398763
0.8548784848174642,0.7968972440196294,1.1606840573345318
0.8802011656184913,0.8745418987379384,1.2411929411695382
0.8757133121953532,0.8694874170805468,1.2368410260188447
0.7607872993291533,0.5171001379743746,0.8714545532292
0.7148015057396793,0.3935104800660821,0.7450838456432092
0.7077238539531837,0.3971832808101891,0.7475975256057427
0.7015096748629422,0.4049922503546686,0.7623232921886663
0.6958377086861518,0.41371946837274304,0.7740395109935105
0.6825458778094148,0.4252012386613294,0.7912789575389675
0.6667140920326957,0.43760119304008666,0.8103594799979623
0.6649379229022171,0.4582737425532855,0.8344616809312689
0.6643458813286262,0.46516463778084527,0.8424957949732473
0.6600297572981654,0.4867553713842148,0.8684390718200916
0.6619776558213213,0.4927280371317771,0.8746320628843229
0.6631119251115984,0.486755435767639,0.8635884481284747
0.6533225742292083,0.4647011599513288,0.8376479649427984
0.6482426644292439,0.46653752813167026,0.8413301167698737
0.6562060027177803,0.5170734517725072,0.8963973200885461
0.676869100702992,0.5630184095726636,0.942259096775321
0.6756351444859643,0.5846092075594573,0.9633517499305485
0.6795309415322761,0.5965545390545818,0.9757377320590109
0.682021052968883,0.6034454532757391,0.9789211753451629
0.6898126470615067,0.6273361162659881,1.003693139602088
0.6976042411541304,0.6512267792562371,1.0284651038590131
0.7046320494772507,0.6553630768234578,1.0309759430961691
0.701870521721216,0.6374451439641953,1.0075463462118583
0.7020692758493123,0.5850729619162681,0.943946414438703
0.6966459072639934,0.5336188995750872,0.8870381822707023
0.689446369548196,0.5028373867471054,0.8542321510360082
0.682960778259124,0.4996193446317939,0.8487117411494357
0.6722089022823692,0.5101829308302097,0.8641101117813553
0.6563771165056501,0.5225828852089669,0.8831906342403498
0.6577329586519799,0.5354464007942621,0.8974176922823501
0.6629845978446214,0.5602552478746818,0.9240307324528129
0.6369431490045985,0.5841370369254496,0.9555000777656476
0.6667807079641827,0.5878187759924619,0.9464657529806545
0.67494278557758,0.5859824721955448,0.9379329774619621
0.6191136212413482,0.5983734238679724,0.9734121283601008
0.5643190392686428,0.6204099707989179,1.0078967029017702
0.5363296726028413,0.6383191010799486,1.0331730711418006
0.38541788416583006,0.4191407488430351,0.7841510364712861
0.3531622562355657,0.45083150743828243,0.8303461483670446
0.3310664479052298,0.47884952967284694,0.8691769566086524
0.2266076424715965,0.534412951079053,0.9729413001331937
0.29037793611623364,0.5224853657184345,0.9471605523950548
0.39939725233868084,0.5353756284001087,0.9315942128903779
0.40415652208124675,0.5514571286956056,0.9561922816392306
0.43717593578101466,0.5395207355233864,0.9322582947632414
0.4117763867811932,0.5487025764250935,0.9506690538986178
0.21235389142266442,0.5996483267951543,1.075021408406434
0.21472211692996926,0.5720849274442225,1.0428851404953585
0.26806117465525,0.5528030598061814,1.0042225428132114
0.3304257875158378,0.5358210554271392,0.9692392527349051
0.5424261762706309,0.44583006928967955,0.800361803964316
0.5289626160012167,0.43066662431750496,0.7873060585122352
0.44124828795287147,0.4490213747758388,0.8356755955219419
0.3625595295168002,0.469675983259803,0.8877244296419191
0.3092204669658638,0.4889578526423004,0.9263870308219231
0.3168403413171216,0.4862032968828757,0.9208637960855967
0.3385656661266837,0.48391224143547734,0.9153377276196063
0.3120318381852738,0.49906668719023495,0.9447921085065443
0.3171117576365494,0.49723031552098096,0.9411099496837555
0.3292693192230092,0.49172114659653254,0.9349141178941467
0.32164945452306276,0.4944756988670447,0.9404373456347596
0.34764105989971045,0.4784030081276046,0.9139925195216142
0.3501810147996926,0.4774848240374339,0.9121514436080765
0.43794516700879055,0.45132098224559725,0.8587574013901076
0.5727843688665195,0.4214933354381578,0.786451036779034
0.6067170946053194,0.4058840057766687,0.7697046401950823
0.6730453461226068,0.5933364899609561,0.9702173450437758
0.844537284359123,1.032104580126417,1.416280915725744
0.8635010814126505,1.0118955918197563,1.3873252503754427
0.870727643863867,0.96365970733905,1.3262361578394435
0.8963487657197411,0.973313983386776,1.3330960715019156
0.8638763906662918,0.8570787175291569,1.2147566372325256
0.7549159592988618,0.5570637492377605,0.9032688488328023
0.7290012221210085,0.4863099443571843,0.8307940319755648
0.8499426599493534,0.8832604359668044,1.2450546699554412
0.8368994266640881,0.8345609258961357,1.1936696655280534
0.7489953955305996,0.62597224761509,0.9836095186104913
0.6449659484951774,0.36868394949012445,0.7270149438929492
0.5664081077287387,0.14447726773669564,0.4923538875011569
0.530483073939465,0.05396888158790523,0.4121697931668966
0.47951707228001245,-0.08340255937287476,0.2794322460728114
0.48981787860455933,-0.1082274203489449,0.13524709370312005
0.5561271747630623,0.020368017994338215,-0.03824033178120314
0.636804031121547,0.2560568146483881,0.18940707623006592
0.659044544109141,0.333701404983273,0.2747665837566894
0.6993583567185894,0.46601823551981303,0.4128534630833148
0.8585438375071599,0.9548586237361488,0.9236883251925674
0.9264716882261458,1.2240832052600825,1.2090674634135063
0.9230190368919391,1.2498101076638244,1.2472228268807408
0.8812785780908945,1.1046379255192251,1.1415683747818264
0.7826071568871815,0.7908577821462646,0.8927795404554687
0.6667192069852526,0.49222405958862303,0.6122336937650665
0.6469472261571186,0.3925336620827663,0.5281907349023854
0.6120659459436899,0.33053150800228415,0.6122611991972403
0.5245576918399528,0.25196731016358126,0.6317743598439903
0.5321216520134442,0.34384019308091296,0.6835357918502355
0.528335321309391,0.35627306090231114,0.8698517606216077
0.5401217796496725,0.3553550699624131,0.8534588136332193
0.5548113717762231,0.37233868043814833,0.7671765044253871
0.5558040350362657,0.36638241051763953,0.8494518487732933
0.7101256054728794,0.6856731916185227,0.9977228178665584
0.8896269923056435,1.0403533289079716,1.2328178957569178
0.9782850277328287,1.22869997318371,1.2563881898307034
0.9843502961583491,1.2654540873758298,1.3002378358212456
0.9120510324872548,1.133583456467411,1.1415885120397433
0.8212857866709811,0.9226950419497585,0.9181478066372497
0.7787304602163976,0.7233060168328062,0.7082530330516271
0.7846516437100644,0.6755333072580924,0.6714142182483352
0.7834453319538606,0.6392424967388134,0.6421136026072665
0.7824095101395244,0.5873253238750642,0.5561044690149416
0.8064255735623417,0.6231615776387133,0.5738599149160268
0.8195186503109823,0.664051989398054,0.6202204001437249
0.8460752862988877,0.7201058443849908,0.6796366365413384
0.8813860573071661,0.767432547481856,0.7224860247246564
0.8786743730145067,0.7417055163112656,0.694031908640656
0.8788743665934126,0.7316049118685698,0.7174356868162948
0.8566141335048859,0.6884309665494031,0.760714849590653
0.9299419143558298,0.9167655226145411,0.9706297604341919
0.9207550358547126,0.9489526305812762,1.1889080901728988
0.753959484584939,0.5028632359644579,0.8923474921676828
0.7440199983902535,0.4831005116693426,0.8379787586708876
0.8467164072040668,0.7987335478165465,1.169216832853224
0.847308463580893,0.7918426979788135,1.161182765875455
0.8362131288187836,0.749115853655707,1.1159907525122985
0.8472586201175178,0.7996517962901415,1.1662072850751448
0.8310833755554441,0.7587613201473764,1.1246974235390637
0.8447186652175357,0.8005699803803121,1.1680483609886825
0.8797808386343424,0.9080779638364324,1.2795222001448452
0.8260034657554798,0.7605976883277179,1.128379575366139
0.7022734606324458,0.42474661577769673,0.7845844172084353
0.6899441696533087,0.40361056944138407,0.7604850570005062
0.6888099003630316,0.40958317080552215,0.7715286717563545
0.6901657425093612,0.4224466863908173,0.7857557297983546
0.6977856072093077,0.4196921341203052,0.7802325020577416
0.6971935508324815,0.4265829839580382,0.7882665690355106
0.7030372464019493,0.4445009812007249,0.8068455422282044
0.6967732386515678,0.46011909444635907,0.826595875075027
0.6975370244210713,0.4798734598693872,0.848857000094796
0.694405013144263,0.4876824937972908,0.8587321429861027
0.6771675417578389,0.49502803090208064,0.8686101266027867
0.6712740027249958,0.4849191319707218,0.8550556726097823
0.6636541380250495,0.4876736842412339,0.8605789003503953
0.6710752485968995,0.537291314018649,0.9186556043829377
0.6807648977493038,0.574963741067788,0.9546450789037837
0.6877428626090488,0.5869091369463368,0.9621804373406293
0.7006143665016368,0.6089634317562443,0.983270249770479
0.7075923313613818,0.6209088276347932,0.9908056082073246
0.7241879029076044,0.6282632386790641,0.9939862107680989
0.7357035646538627,0.6374540179036765,1.0008489651559485
0.7382435195538447,0.6365358338135058,0.9990078892424108
0.7272700707210374,0.6282633030624882,0.989135587076482
0.718122634482084,0.5915091244869441,0.9501365647775566
0.6999994913968544,0.5446459825966169,0.9024337121772441
0.6908022116945257,0.5157009023324005,0.8684592090780086
0.6869064146482139,0.5037555708372761,0.8560732269495459
0.6938843836285561,0.5157009736941393,0.8636085625150542
0.6913444287285739,0.5166191577843099,0.8654496384285919
0.6901603159749216,0.5304008574597758,0.8815177723841298
0.6883841468444428,0.5510734069729747,0.9056199733174365
0.7049298749272902,0.5662369163285735,0.9138250950779002
0.6871003471640399,0.5804733032710963,0.9317371456723533
0.5536170067552633,0.6231644586860059,1.018270554334
0.5155675074162838,0.6291281287050635,1.040862187828802
0.519783944519994,0.6231555917243498,1.0249679493813368
0.45764091416677005,0.6589737095639128,1.085221905261778
0.3449004916954177,0.4682860078578554,0.8489279622851159
0.3660337601281537,0.47288580224819,0.8514359607968944
0.3916548819840277,0.48254007829591616,0.8582958744593663
0.25395509482022954,0.531203774180452,0.9607235285641916
0.2739540939626883,0.5417761699349246,0.9742751418318186
0.3276864491110432,0.567975636251534,0.9911784124429143
0.3761671747180679,0.5693662519988113,0.9814686358878341
0.41880419510431344,0.5528388739923144,0.9531798931357736
0.3883247363045277,0.5638570830743628,0.9752728040982253
0.18187442900363693,0.610666537185545,1.0971143219922783
0.19109873464779864,0.5605942197049588,1.0371937004463565
0.21709034243727413,0.5445215280932908,1.010748872584283
0.29074903936241203,0.517894187733884,0.9573576675938347
0.4050968629762952,0.4687668018759617,0.8694847252892376
0.35234986645349636,0.4811578179318136,0.9001132524957592
0.2837710745026671,0.5059487918553353,0.9498223091569891
0.298468590989109,0.4995214388407161,0.9417854014538426
0.31230264443060823,0.48895791353681206,0.9215364001345926
0.324460206017068,0.4834487446123636,0.9153405683449838
0.3493175421034385,0.47334865523706166,0.8999393569876867
0.30754398476213574,0.49401220553284336,0.9404401933558506
0.2922544118988676,0.5073304083851956,0.9565111680367661
0.3585646652691425,0.4944846371899499,0.9288893408872327
0.3230052966693925,0.5073392144523398,0.9546644036767596
0.346456947146058,0.49218470780307055,0.9300606534771522
0.3636944185324821,0.4848391706982807,0.920182669860468
0.3332149597326963,0.49585737978032923,0.9422755808229197
0.4127671908650216,0.47933894009673744,0.9024388333233323
0.5776433214152386,0.4219566321326846,0.8010000899998446
0.7391021665172312,0.7697619101173113,1.1504838492301008
0.8337854083823683,1.042668166324833,1.4316792863576635
0.8355886022482659,0.9429782195029459,1.3136819616536635
0.8676454760504341,0.9636596429556257,1.3310867815310605
0.8969408220965673,0.966423133549043,1.3250620045241468
0.8744565372503693,0.81986991606998,1.1690630746030684
0.7430568387672488,0.4945825394916259,0.8358157104498768
0.7500077788915748,0.585545332678863,0.9372461926574156
0.8791611377966924,0.9728504221802379,1.3379495359189102
0.8692499157882354,0.9163418781816657,1.2766893886002157
0.7846994687876078,0.7187802829221493,1.0820247715891957
0.687227674431017,0.5069734911640535,0.8712948613480154
0.6123668617795585,0.34708427756384963,0.7126196717936315
0.5515394815750242,0.14539519429316944,0.5135974581811625
0.5458453163956822,0.10404990211649906,0.4799449273894001
0.5923425691281219,0.180760434579868,0.4361900111860755
0.7104813359415225,0.45086347133684684,0.4076522076501751
0.7724430002395692,0.6465799986332158,0.5956308535710053
0.7576734412872006,0.6107439397644182,0.5633235308772346
0.7874839755113657,0.6934430761401188,0.6481843298629347
0.8941980673007929,1.0554757573545361,1.0271280973709613
0.9567025494344599,1.273246276537289,1.2555990034238997
0.9185582082042201,1.1657382286977445,1.148975787959354
0.7895051549211085,0.7839507296317508,0.7817252669907114
0.6486951311013688,0.40860693227302436,0.5109799477909778
0.6134865259214598,0.43020518776396627,0.6320889411058692
0.6446091240122566,0.44675860813808843,0.6839411539147533
0.6302389324922948,0.3695855515812835,0.6549395325978632
0.5244862690994309,0.23083968708278008,0.6349319844214703
0.5084058857312401,0.30342092182079244,0.72263695785331
0.514579385168807,0.3222816647025179,0.8781848219235556
0.5208434077224237,0.30666359684671063,0.8584345361409425
0.5358117208028887,0.29012747366758107,0.8271419270615578
0.5692022377488349,0.27359990251081145,0.8134050553843484
0.6205787828563311,0.3374388754556045,0.6990623770752497
0.7525410530030724,0.6503096966625925,0.9441634023166495
0.9436444207509803,1.129927502234327,1.193588801648028
0.9708867358889348,1.250290642403655,1.2871820903691646
0.9660776226829937,1.2420182404194864,1.267608540820002
0.9074184744068585,1.02286636224057,1.0130462811208183
0.842495304607256,0.8193325536620396,0.7782343014864138
0.8302441202475734,0.7536415875663637,0.7422190139747302
0.8481955339401257,0.7738595141959299,0.7596266745775048
0.8627927448045616,0.7619145707459293,0.7181369445815058
0.8637054412387862,0.737105852432358,0.6818226570278095
0.875984888754548,0.7660509970799985,0.710946536435428
0.8904338076495184,0.8198049244246346,0.7715340797051263
0.885232011920252,0.787186979032887,0.739896520334974
0.8851101249608007,0.7527326637162194,0.7045768148555809
0.8932728222996028,0.772032148721918,0.7395458943112856
0.8684221711223141,0.7164496970016341,0.7461887972244741
0.9261661440626058,0.8758671382836587,0.863057924579766
0.947631693204761,0.9659528300343376,1.176542245302353
0.7746718063081213,0.5198633066506708,0.8896828946803709
0.712139664910395,0.35997435058416377,0.7116052103595192
0.8155500308335719,0.7031708958555505,1.0701289758255237
0.855692114050343,0.8088425111313294,1.177920663154611
0.8239336813030218,0.7201707090080666,1.0868668731046798
0.8299491062651669,0.7647339215115144,1.1357410382949116
0.820159770186012,0.7426796910850311,1.109800602173445
0.8260034657554798,0.7605976883277179,1.128379575366139
0.8450621240028902,0.8538604109018341,1.2286387449837584
0.8579336278954782,0.8759147057117418,1.249728557413608
0.7611307581145079,0.5703905684958968,0.932044937224276
0.7039997862995492,0.4118831645758258,0.7655067354748183
0.7079454268092362,0.4160193977596224,0.7728681984035911
0.7079454268092362,0.4160193977596224,0.7728681984035911
0.7124831236957496,0.41326478110568593,0.7721955943545952
0.7175131900323386,0.4192375112366725,0.7735379617272095
0.7284367954017708,0.4353191402990178,0.788434783092828
0.7362284042976298,0.4592098486790936,0.8132067944139625
0.7268323704672047,0.4826369504628046,0.8428322230878823
0.6983008101905749,0.49962782529241534,0.8711181251145651
0.6785233839041687,0.5078915464873759,0.8828371846447868
0.6853296193712363,0.4931917271051634,0.8600773510840944
0.6853296193712363,0.4931917271051634,0.8600773510840944
0.6933427863199126,0.5359185070448457,0.9101199881388679
0.7106523001722634,0.5708363818234726,0.9405862349191008
0.7170382086551821,0.5896726275397542,0.9561556603337154
0.738713690001369,0.5951906704036837,0.9556541110674145
0.7527693066476094,0.6034632655381255,0.9606757895417264
0.7583914293610247,0.602545145831379,0.9539840899365717
0.7673671362073008,0.612654109146162,0.9626879202379591
0.7693150347304567,0.6186267748937243,0.9688809113021902
0.7462338677745649,0.6080543147558274,0.9601799217261805
0.7167667923357542,0.578645608901649,0.9359095067355565
0.6999994913968544,0.5446459825966169,0.9024337121772441
0.6876702004177174,0.5235099362603042,0.8783343519693149
0.6921580538408555,0.5285644179176958,0.8826862671200085
0.6965960679212155,0.5414280048647296,0.8920626785990545
0.702268034098006,0.5327007868466552,0.8803464597942103
0.7137836958442644,0.5418915660712676,0.8872092141820601
0.7252993575905227,0.55108234529588,0.8940719685699096
0.6750424725043307,0.570364275572889,0.9278839390625829
0.5409670757187278,0.6199462808255314,1.0224514147019987
0.4557428591069894,0.6451919455050226,1.074004394997857
0.4930783968372181,0.6116648187294338,1.0241271312750235
0.5128059796602491,0.6112101958458012,1.0174325909444915
0.46136498182040464,0.6442738257982761,1.0673126953927026
0.3306461209210809,0.512385594771341,0.9075062155839594
0.3326438629076121,0.5105491622075754,0.9086746874485009
0.31935202237956384,0.5220309359850743,0.9259141409896716
0.22742127170447526,0.5463582181907534,0.9901779059532732
0.2505522869493981,0.5491215782728659,0.9938543728317365
0.30433448556112824,0.5675119462781476,1.0057331242431429
0.3909145346678851,0.5551298006728641,0.9684072089849982
0.3615693451583765,0.5601754083907746,0.9794565051916015
0.34124970595851933,0.5675208811121403,0.9941851124999027
0.23444969975300023,0.5716303045605898,1.0361906001648262
0.2024426694142075,0.543139782796582,1.0137612610877398
0.20557468069101584,0.5353307488686784,1.0038861181964334
0.3486257987998618,0.49585770169745025,0.9180224623648346
0.38672512229959394,0.48208494034488963,0.8904063236617701
0.3277141032231784,0.5100940242565488,0.9407851366509047
0.31242452070859894,0.5234122305978135,0.9568561183275336
0.310476622185443,0.5174395648502512,0.9506631272633023
0.3243605190903175,0.49906694123501927,0.9253896067443629
0.3314880143401882,0.48758504217958437,0.9178514075821398
0.3461855308266302,0.4811576891649652,0.9098144998789933
0.3171117576365494,0.49723031552098096,0.9411099496837555
0.31084772543162137,0.5128483868657008,0.960860242462082
0.3508949571058208,0.5050482877717899,0.9394370878275352
0.33257305989249486,0.51055732792939,0.9553341670003781
0.33257305989249486,0.51055732792939,0.9553341670003781
0.37126443976905327,0.4898937167390964,0.9196839613195446
0.3651001041421871,0.48989358797224786,0.9293852087027785
0.3276426804826564,0.48896640117574774,0.9439427612283846
0.4411228264241493,0.5859285847239268,1.026623537576355
0.7656539778024183,0.9549056743522597,1.3491639532771798
0.8140848502947564,0.9641053918997773,1.3444787029175025
0.8112014366094197,0.911733145468426,1.2857293948359643
0.8613316100334419,0.9870868091227608,1.355861586513363
0.8752154972870051,0.9687141889964416,1.3305880729901371
0.8347797987482548,0.8019430448878124,1.157181482466284
0.7014820452053537,0.46287390425056807,0.8127166080491718
0.7530629219695887,0.6645627943709755,1.0262906927364919
0.8878882470514968,1.0431406658542763,1.4152778171931424
0.8688295888040865,0.9498779432801597,1.3150186475755228
0.7815674575107995,0.726589316850053,1.0918999144805024
0.7169163227258801,0.5552183139676653,0.9208359491364878
0.6970668539735472,0.5212186232792091,0.8922107782697926
0.6697962598461288,0.43760125742351086,0.8055088563063453
0.6881187915880949,0.4532280514583534,0.8331136791721091
0.7459323322132917,0.5703657563916461,0.8163195941553925
0.8348033974413828,0.779823694049135,0.7434132988301094
0.8531474936572602,0.8243871640862795,0.7728849692538733
0.8401042603719949,0.775687654015611,0.7214999648264855
0.8547249086596425,0.8560867966210081,0.8123827000937219
0.9434875867565173,1.1979015512058593,1.1739188069989739
0.9675042688745901,1.2548735920275453,1.2351761135922907
0.8474269224377545,0.8831950562763347,0.8766294229250357
0.7096257865750104,0.4233163373015414,0.473685528252305
0.69192544731525,0.4274602820340259,0.5616608480099425
0.6572152767690937,0.3709675544116891,0.6325246493279384
0.6244019177113115,0.2859850062646965,0.6276022738323981
0.5861296294886899,0.23084098172957887,0.5379194877177933
0.5046139816191417,0.12563169739696337,0.5174362089837712
0.5275967010990925,0.19409393176274745,0.6231899469079542
0.5271116362835033,0.14081983268485448,0.6559185220166325
0.5228231567138664,0.1045289577821514,0.6314685300671805
0.5292589086601603,0.1155561051871052,0.6420134362821054
0.5322702734584761,0.11556433529234399,0.6838222921423657
0.5681861360354316,0.187212084631344,0.5987572514910414
0.5941716762284022,0.25795772379010556,0.624572588796402
0.775858067457677,0.7532017474350218,0.9452584127824285
0.9278840577147833,1.1634550796938854,1.2095116995295427
0.9619116487680635,1.261317467891488,1.3219801150421746
0.9470411634381348,1.1988280280401145,1.212718120798989
0.8715150283264985,0.9612947219234006,0.9347290992230382
0.8277269840755475,0.8257680706538948,0.8329306944592717
0.8513497442194855,0.8161229904627709,0.7951202812828047
0.8867097399958838,0.8345048081902711,0.7894432895742016
0.8953918315201806,0.7835142426722042,0.7325322166808235
0.9085119330042403,0.7453872571228566,0.6849975781378282
0.9277693453797471,0.7862777976490457,0.7216568159822927
0.9193856949102971,0.7692779844965298,0.7049189187031363
0.9104598315273962,0.7513599228704188,0.6911905692020596
0.9154406730958654,0.7862775383707703,0.741059316466595
0.8955912043435325,0.752277847682314,0.7124341455998995
0.9154130296651909,0.8441591486214215,0.7914525795450569
0.9420514895948298,0.9824728149201107,1.0999640242031328
0.8094121002167202,0.603017580977398,0.9424332444636673
0.6958425344190194,0.2846295608693099,0.6347756376262105
0.8117311019860545,0.6043990687404098,0.9588233507266783
0.8672077757966012,0.8180332903559419,1.1847834175424607
0.8079301661336254,0.7059254481260626,1.0756522035661367
0.8112339068031111,0.7247616294589201,1.096072252672368
0.815671916762874,0.7376252094276396,1.1054486870227516
0.8078803226702502,0.7137345464373905,1.0806767227658265
0.8346086890809823,0.796433618429667,1.1703881454431433
0.8513759900198822,0.8304332447346991,1.2038639400014555
0.8075098391494766,0.7394615132245568,1.1139814625414435
0.7086593691153645,0.44358286149397835,0.8001538426230497
0.7084876397226872,0.4169376462332173,0.7698586506255117
0.7104853817092184,0.41510121366945163,0.7710271224900535
0.7099431687957675,0.4141829651958566,0.7740366702681328
0.704271202618977,0.42291018321393103,0.7857528890729771
0.7087092125787398,0.4357737631826505,0.7951293234233604
0.7114209116746345,0.4615008397430677,0.8235834865715701
0.7192125057672583,0.4853915027333167,0.8483554508284952
0.722516246436744,0.5042276840661741,0.8687754999347266
0.7185706059270567,0.5000914508823775,0.8614140370059535
0.7101371119942316,0.49090073604118933,0.8497006589264869
0.7107291683710577,0.4840098862034563,0.8416665919487181
0.7249565144099754,0.5189276965986591,0.8769834624205679
0.7394054333049458,0.572681623943295,0.9375710056902664
0.7446570724975874,0.5974904710237148,0.964184045860729
0.7494655659781237,0.584627084205268,0.940255740435495
0.743621870408656,0.5667090869625813,0.9216767672428012
0.742216184798951,0.561654669688614,0.9124742284004905
0.7525477337915569,0.5846271485886922,0.9354051167438779
0.759575542114677,0.588763446155913,0.937915955981034
0.7435720269452807,0.5745181852739092,0.9267012864424906
0.7185928049296082,0.5501639610771222,0.9067827866025603
0.6941557958273866,0.5267279853539302,0.8838547389845504
0.6819982342409269,0.5322371542783786,0.8900505707741592
0.6872498734335684,0.5570460013587982,0.9166636109446219
0.6917377268567065,0.5621004830161898,0.9210155260953156
0.7024896028334613,0.551536896817774,0.905617155463396
0.7202194477905584,0.5529187134762213,0.8977541203969849
0.6262411164912189,0.5868915248125376,0.9658739291978775
0.4921657004029935,0.636473537043005,1.0604414188287201
0.48762800351648017,0.6392281536969413,1.061114022877716
0.46708679146057047,0.6277375094688739,1.0505719573881689
0.4968024644908527,0.5969649349637972,1.006217921405948
0.4835106336141157,0.6084467052523838,1.0234573679514052
0.43520164705107967,0.633701301276955,1.0634623295083099
0.31735428039303265,0.52386736854884,0.9247456691251299
0.31935202237956384,0.5220309359850743,0.9259141409896716
0.2564452062568364,0.5380946884016092,0.9639069718503436
0.16510650833933233,0.5555311220778972,1.020136672459569
0.22887680077755554,0.5436035371533927,0.9943559255958943
0.27622325226864736,0.5509667560092643,0.9956897672945192
0.367241311335167,0.5514481903727003,0.9677402863867574
0.3621614015352027,0.5532845585530417,0.9714224382138327
0.3227062262378295,0.5541938078092197,0.9848115258706106
0.20633846646051934,0.5550851142917065,1.0261472432162022
0.20498262431418962,0.5422215987064113,1.0119201851742021
0.232330071837167,0.5390124235522665,0.9997024171030572
0.32145007101825035,0.5257120956012687,0.9605354294292312
0.37106506591555216,0.5211301099844079,0.9397820381183029
0.3261096538340657,0.5574117925194213,0.9951825365774629
0.33059750725720377,0.5624662741768128,0.9995344517281566
0.34307571855237323,0.5390392332876136,0.9650583923669065
0.35755166218276263,0.5137757633235612,0.9317508118659116
0.3835931110227856,0.48989397427279324,0.9002814665530766
0.3811029995861787,0.4830030600516362,0.8970980232669247
0.3438671487827006,0.500911990204569,0.9369262485903792
0.32549540810599936,0.5142301286734969,0.9578478469629116
0.35678849613866387,0.5151571867031488,0.9529915418205396
0.34159861020214627,0.5128571929328453,0.9590134781020758
0.3390586553021641,0.5137753770230159,0.9608545540156135
0.3630525186922806,0.4995391188473415,0.9332412560379264
0.34164845366552155,0.5050480946215172,0.9539889589023862
0.34288240988254926,0.4834572966347235,0.9328963057471588
0.4419046051887413,0.8059811566477485,1.2770191405344276
0.6139706068069952,1.037560190474683,1.4869141663003236
0.8058999539534029,0.8947333966993339,1.2641408738651911
0.8318915593300505,0.8786607059598939,1.2376960477520458
0.8626874521797717,0.9999503247080561,1.3700886445553633
0.8490521625176802,0.9581416644751204,1.3267377071057445
0.795866846015644,0.8037705391286727,1.167561015349269
0.6784507069096019,0.4444923004115165,0.7989910522092631
0.7803335012937718,0.748180114836847,1.1129925676357295
0.8911919877209824,1.0619768471871336,1.4356978662993738
0.8462185922957188,0.8979603197324411,1.2629638798245166
0.7903714349643983,0.7100530649040752,1.0703085527843514
0.7664544397730763,0.6374628274597333,0.9990022077916556
0.7606605876669837,0.6117357319057186,0.9753987153992723
0.7536327793438634,0.6075994343384978,0.9728878761621162
0.76310147536562,0.6475715332408194,1.0271085328595109
0.8129234283192873,0.750919179626559,0.9621387054102302
0.8659691540864729,0.854250557207515,0.7989993008834126
0.8847840404752793,0.8786046526374536,0.8286190481065773
0.8711487508131878,0.8367959924045181,0.7852681106569585
0.9221375712005965,1.0453757323626585,1.0068762623220473
0.9981056136036777,1.278309696517586,1.2484029138270665
0.9415445139662291,1.062838977954864,1.0284619425674428
0.7434293258706192,0.417799453339248,0.3868758510695001
0.6985070133595401,0.2882454051784588,0.2961210553437476
0.6479638155255568,0.20188105084049052,0.29906168060761257
0.6142660283403757,0.10496140828192671,0.3235621559725327
0.5999475353394061,0.08338661284332663,0.4200416032504817
0.5725569218605175,0.02872232251830007,0.42852555854510294
0.5610615999405966,0.006196687080585262,0.33652598883066864
0.5641738911164723,0.03285829816839982,0.45528951624034386
0.5437329857127179,0.026885246120292194,0.47820026732581455
0.47348316666774426,-0.05122354925537295,0.44620046113235556
0.4195070359599765,-0.146331654063617,0.3586577563607522
0.3969753865520221,-0.2005326180208891,0.38169076553695164
0.4225393603100343,-0.13852249136886494,0.35883165186882476
0.4743393347295118,-0.00254062816203039,0.4236690012224572
0.5658598337522079,0.2303773561396167,0.5476235758264048
0.7999887132054591,0.8680390688083084,0.9635900176326186
0.9214711244964455,1.2236362312862918,1.2878373978856217
0.9434396014392069,1.2691180141804557,1.309448896839689
0.8981443265057354,1.0807477775963699,1.0779914209919654
0.8585721006632392,0.9181128022881131,0.9167969170885025
0.8633577754158195,0.8340411164723062,0.8039980070922649
0.8747017077694005,0.8165866804361573,0.7805655694825764
0.8968695595958124,0.8308320718295882,0.7820789859200511
0.8826193948289385,0.724705962437025,0.6578915108771977
0.8967248549385541,0.7251694592601389,0.6578886701518202
0.9141340557176555,0.7444691374161101,0.6783058785326737
0.9197561784310707,0.7435510177093636,0.6716141789275192
0.9286328170458518,0.7904139647048395,0.733868908320517
0.9226894355797828,0.7881141658293872,0.7253389678093679
0.9406132048115112,0.8662137009650258,0.7931398972084386
0.9492418655602253,0.9943937171223728,0.9675209325486783
0.8367258422157939,0.7445083512058418,1.032868885735987
0.6863246146592923,0.2736023490809319,0.6290813551029028
0.8098600716616929,0.5115999073728313,0.8537107166920642
0.906070885065837,0.8240148944264095,1.1794284038591654
0.8390016813102374,0.6880163892062813,1.045525225625916
0.8171544705713734,0.6558531310815906,1.015731582894679
0.8231200520701432,0.7082254418963663,1.0696302672846005
0.82100042415431,0.675607560888043,1.0331420842228312
0.8360413994261064,0.722470638394946,1.0856955605147605
0.8203813430420646,0.7615158080344643,1.1350712749712932
0.8150528356506286,0.8235334565740607,1.2073778777712134
0.7362734220281374,0.5804906578711987,0.9474461485815729
0.6868121583765003,0.41141960336928773,0.7703601998918128
0.6882178439862053,0.4164740206432551,0.7795627387341235
0.6896235295959103,0.4215284379172223,0.788765277576434
0.6947034393958746,0.4196920697368809,0.7850831257493587
0.6977856072093077,0.4196921341203052,0.7802325020577416
0.7055772013019315,0.4435827971105542,0.8050044663146667
0.7268323704672047,0.4826369504628046,0.8428322230878823
0.7307281675135165,0.494582281957929,0.8552182052163447
0.6601516432274673,0.5212096849563037,0.9037587830173193
0.5470377854819233,0.5487462693385197,0.9705390651709753
0.6224228032485088,0.5092554795216983,0.8980701819447664
0.7527242889171019,0.48218245634602025,0.8264364353741158
0.7417736588122507,0.5451182245923634,0.9054347377791907
0.7388133769281195,0.579572473781028,0.9456050726680353
0.7600457125622013,0.5474182827460911,0.8945621778060374
0.7395543439696669,0.5281185402066957,0.8789955931168006
0.7172369627832785,0.5373004454918271,0.89255572856056
0.711564996606488,0.5460276635099014,0.9042719473654042
0.7217248162064166,0.5423549271492185,0.8969076437112536
0.7235009853368952,0.5216823776360197,0.872805442777947
0.7119853235906369,0.5124915984114073,0.8659426883900972
0.7049076718041415,0.5161643991555144,0.8684563683526308
0.7036737155871138,0.5377551971423081,0.8895490215078583
0.7151893773333721,0.5469459763669204,0.8964117758957079
0.717137275856528,0.5529186421144827,0.9026047669599392
0.7075695126334256,0.5497005286374326,0.9019350036363207
0.6065135336681879,0.5873461476961702,0.9725684695284099
0.4916234874895426,0.6355552885694101,1.0634509666067995
0.4845458357030471,0.6392280893135172,1.0659646465693329
0.49329996969327067,0.6305009356788669,1.049397804072872
0.5184779458370395,0.6024829778277268,1.0057163721396472
0.4973945208676789,0.5900740851260643,0.9981838544281793
0.4395676145449158,0.6043014693622577,1.0324945334617759
0.4248700980584738,0.6107288223768768,1.0405314411649225
0.33589776011372247,0.5371944418517606,0.9341192557544221
0.3314597501539597,0.5243308618830412,0.9247428214040389
0.29967428301990817,0.5146764605573791,0.9275841621205142
0.2684808819139942,0.49813120590507165,0.9223914288635072
0.20135762386190087,0.5201674970467765,0.9762785016695014
0.28485550032956897,0.5077852888025252,0.9438032136008303
0.3523000229901211,0.4889669162431415,0.9051377716954488
0.41261704074949107,0.48163044622810536,0.8740105359480038
0.34403825844997316,0.5064214166627145,0.9237195856135201
0.227300005500578,0.53303969342128,0.9983600497304427
0.17272699276468348,0.5739123586100009,1.0581152996933532
0.23698965465298238,0.5707121204704191,1.0343495242512886
0.3096858116805204,0.5767025967359114,1.0222971260142264
0.38610604118734865,0.5679931874913109,0.9923355144102324
0.3721723252736455,0.5941749513187851,1.0226335941973572
0.39189990809667646,0.5937203284351523,1.0159390538668251
0.4373975086370672,0.5583568524728195,0.9575289675610897
0.40928627534458634,0.5418116622039362,0.9474856106124658
0.4150080849847521,0.5252753458745341,0.930744872607932
0.4162420412017798,0.5036845478877403,0.9096522194527047
0.39289007765186484,0.5032208579143538,0.9242069312529333
0.34463093455220406,0.5206663556275972,0.9591873736101484
0.3694882706385746,0.5105662662522952,0.9437861622528514
0.373483754611637,0.5068934011247639,0.9461231059819348
0.37661576588844536,0.49908436719686033,0.9362479630906283
0.36445820430198556,0.5045935361213089,0.9424437948802371
0.3555323409190847,0.4866754744951978,0.9287154453791604
0.3697326770258187,0.6006107275889158,1.0579274866859127
0.5093172677296953,0.9952700923893988,1.4715127027627528
0.5565141881256029,1.0260606149020246,1.487920082686966
0.658781328003132,0.8956158988596221,1.3073233222058818
0.8482655621408178,0.8671790070330461,1.2156059546436344
0.8900348997027491,0.9967411495539114,1.357870876484218
0.8750437678943279,0.9420689737356803,1.300292880992599
0.8160147558228238,0.769779851146546,1.1225372160434302
0.7091019099053002,0.46011935198005594,0.8071933803085589
0.8253837649178297,0.8253701466715233,1.1868069111402038
0.8902564725588017,1.0155772665033442,1.3831415492820667
0.8427431222335559,0.8524789231388226,1.2122486387207472
0.8192464540263826,0.7463526205959864,1.1026130347527445
0.7997674687948234,0.6866259631203641,1.040683124110432
0.795501188227738,0.7004075984124059,1.0616018817575865
0.8023302424227617,0.7569160780275539,1.127712652767898
0.7824807736704288,0.7229163873390976,1.0990874819012029
0.819330296353948,0.777556357932354,0.936073170472657
0.8799749272693381,0.8703322506532847,0.8090454985574141
0.8785200179216626,0.8942227204932609,0.8483693338891902
0.8876176106972407,0.9387859973801329,0.892392875387805
0.9784548989794412,1.1919378237812024,1.1561778111872159
1.0194874796278854,1.2227282105486652,1.182286461366
0.8314047955780143,0.6475158018355003,0.5937784147559573
0.6406332227284376,0.1177845911197864,0.06568679175443806
0.5810626174688872,-0.034286991140327135,-0.06555747044225449
0.5414417839130163,-0.1468413018794811,-0.13472375696328617
0.5388599078492515,-0.1615249864574941,-0.049612748909704824
0.5527757813422803,-0.08982868212411935,0.179233465357605
0.5710293503215106,-0.010786408327756205,0.38400330850556474
0.547475538137073,-0.06455685328797969,0.24464865433562594
0.5086419283842779,-0.065012706434987,0.3301159870171538
0.477150086223517,-0.013567582416711507,0.39857222393268127
0.39743094773057325,-0.15278427684477072,0.2688498943013783
0.3477499824267265,-0.2772840450090334,0.1969988759766312
0.33597082802702993,-0.3209128084897537,0.24813536728917343
0.35761804588088997,-0.27864894379471916,0.2545252340509064
0.40939705982342317,-0.15046801601426207,0.3609975408152132
0.4775218091951001,0.0029770284013538053,0.45227119410585803
0.6703934311755119,0.4853332741343144,0.5993490030956806
0.9031762520185386,1.1501278741352035,1.2098393532877711
0.9465716127160153,1.2613089802525521,1.2995737539483825
0.9378445034612108,1.1910187365785139,1.2222454726741503
0.8883826348874043,1.000811938663814,1.0016577160742024
0.8854992212020676,0.9484396922324623,0.9429084079926644
0.8622739693143223,0.8533404083277318,0.8535189576228206
0.8729255386389217,0.8372592299493561,0.804667770415883
0.8574912621485448,0.7449148219768376,0.6965484236107327
0.8641257682229352,0.7035697873338641,0.6434933980525025
0.8826193948289385,0.724705962437025,0.6578915108771977
0.9013844377543695,0.7568691561782914,0.6925357773000517
0.9231824237251138,0.817977299672347,0.7708557999232094
0.9315660741945637,0.8349771128248631,0.7875936972023657
0.9423401502040193,0.8744860385657708,0.8175640704492185
0.9744696851673694,0.9585666609599047,0.9188149814157639
0.8979507306765209,0.8414530703806675,1.1046912358021452
0.6966063201885229,0.304383926292338,0.6570367626459795
0.7757334134070669,0.45049150460050025,0.7947931945532086
0.9156386482889393,0.8272330079034594,1.1800981671827837
0.877272734202647,0.7008888431144817,1.0482042789203894
0.8027553951397783,0.5942901054256268,0.9501195204252911
0.7872670681484137,0.6599804903259061,1.0297904268793616
0.8023350681556294,0.6278261705241208,0.9884487794005979
0.7960710456020127,0.6434442383799281,1.0081990651832111
0.7811747749874743,0.7022437734424746,1.0798359046595127
0.805313343034849,0.7936701278362495,1.176412922450057
0.8102935659080627,0.8074519562785639,1.1827798090223611
0.6992633500881748,0.46701000866751613,0.8297793183611789
0.6856778890862232,0.41739220473342586,0.7814038146476611
0.695887552149527,0.405910370061415,0.7690149917938207
0.7091793830262639,0.3944285997728285,0.7517755452483638
0.7218293140627995,0.397646777633303,0.7475946848803652
0.7200531449323208,0.41831932714650183,0.7716968858136719
0.7088809567746523,0.4624190238332384,0.8254245624851078
0.5972946705681152,0.5294643390615107,0.9367270946783018
0.4906165454662425,0.5680280778265054,1.0140522970383097
0.45932345743357794,0.5671010197968537,1.0189086021806817
0.5073610469798088,0.5308193981563519,0.9586574730341912
0.7525525595244246,0.45553724108525917,0.7961412433765779
0.754722030903633,0.48034602378225466,0.8276049072386576
0.7306783240501413,0.5023913802692569,0.8602427244160343
0.7249565144099754,0.5189276965986591,0.8769834624205679
0.7077190430235514,0.5262732337034489,0.8868614460372523
0.6879914602005205,0.5267278565870817,0.8935559863677843
0.6885336731139714,0.5276461050606767,0.890546438589705
0.6910736280139536,0.526727920970506,0.8887053626761673
0.7024175603675346,0.5092734849343572,0.8652729250664791
0.7176572897674274,0.5037643803933329,0.8542264695852533
0.7297151644271367,0.5138734080915403,0.8580796761950233
0.7392330841868638,0.5249006198799182,0.8637739587183314
0.7177293322333541,0.5460277922767497,0.8945706999821702
0.6643902793337291,0.5653096581703346,0.9332332941664606
0.5348525794346396,0.6121370467690407,1.0271281657568803
0.5232870590429808,0.6107553798118958,1.02528992168881
0.5060994311199319,0.6102918186053577,1.0301433861058045
0.49140191463349003,0.6167191716199769,1.038180293808951
0.4716244883470838,0.6249828928149375,1.049899353339173
0.519662058590692,0.5887012781522609,0.9896482381841092
0.46750711844471937,0.5942014443703799,1.0122426984128619
0.4057844150756444,0.5964834971114487,1.0341673953179962
0.42723832356577873,0.583165423025945,1.0083951732538468
0.3448734669599986,0.5473034051665437,0.9428230860558092
0.3384875584770799,0.5284671594502621,0.9272536606411946
0.3073439911832299,0.5041128099755392,0.9170364151802118
0.24367338929099897,0.5004221969690459,0.9327681210211148
0.19746182681558902,0.508222165551652,0.9638925195410387
0.29856765819045483,0.4627674534154446,0.8882345080800664
0.3888717749508463,0.4356854240445246,0.832999382952846
0.3393786756341578,0.4747217197445619,0.8890724784652887
0.34971022462676365,0.49769419864464015,0.9120033668086761
0.25028149035537495,0.5592303484373763,1.0171100742079748
0.2772584543575787,0.5817481400703978,1.038197045912447
0.37195073761435765,0.575338788979525,0.9973628743352995
0.36790604470656,0.6079565866108267,1.043552351844512
0.44173646619871954,0.6079744632566374,1.0204563423494584
0.44368436472187545,0.6139471290041996,1.0266493334136897
0.5097231921214113,0.5900743426597611,0.9787813596617111
0.5095016192653586,0.5712382257103279,0.9535106868638628
0.4412933204866144,0.5703022293577709,0.9699149967537616
0.41318207239089816,0.5537569936990607,0.9598715927409283
0.4245758482078545,0.5284934593515842,0.9314146359315504
0.4247253785979803,0.5050661644176005,0.9163410783324817
0.3765160789616948,0.5147025638195161,0.9462970014900072
0.3974277745383782,0.5004662412604174,0.9235343272039374
0.3963433487114763,0.49862974431322754,0.9295534227600961
0.3892656969249808,0.5023025450573346,0.9320671027226296
0.4075875941383068,0.4967935048997346,0.9161700235497868
0.3631522056190311,0.4839209222246857,0.9231922176385474
0.43265748614363464,0.7848451816731745,1.2480691337635446
0.5452200951148,1.0357059456485311,1.506328023968302
0.5206612000832763,0.97781565635325,1.4480802651530646
0.5673927716439301,0.9208614277939503,1.3685775727563112
0.7242010701698253,0.9576513526832906,1.3613845620737022
0.8816014057699239,0.987550434712723,1.3461574984047515
0.8799519483016149,0.9135873902945779,1.266315537167986
0.8094072744838525,0.7321074884808311,1.0816971178309671
0.7073257407748216,0.4807919014932548,0.8312955812418658
0.827503392833663,0.8579880276798467,1.2232950942019731
0.8668816902809305,0.9439052775325975,1.3088256565112915
0.8445192913640345,0.8318063736256236,1.1881464377874404
0.8328817436884742,0.7881612808289221,1.1459639722023633
0.8134027584569149,0.7284346233532998,1.0840340615600508
0.8102707471801066,0.7362436572812034,1.0939092044513572
0.7978423889996237,0.7518615963701623,1.1233607376172043
0.7764875477108352,0.7284256850303944,1.0955820663075775
0.8196725156884932,0.7885752108486447,0.9096598445189389
0.8711709498157392,0.8868685025992626,0.830636860253565
0.8767438487911839,0.9148952700064599,0.872471534822497
0.9309913921175706,1.0210303821053526,0.9802603814262069
1.0044194796206698,1.2548825303504505,1.2236281088447638
0.9455123534784676,1.1170477213334054,1.0811921550928223
0.6925569469843893,0.3516281473985923,0.29634942327670727
0.5851517231850232,0.03324027700768743,-0.02100940169404448
0.5196653743388651,-0.1790127313997147,-0.21117688512942648
0.511530939335887,-0.23505804178259848,-0.25303738429005657
0.5204063395300079,-0.23046667064777537,-0.2777863705636873
0.5518933578083056,-0.15282188148888942,-0.2069787282288887
0.5900192218793369,0.03142840250363268,0.11528689657018014
0.5293672894199083,-0.01680073269059205,0.2075710048016317
0.4876724691049253,-0.019556315095891744,0.27965775612689064
0.44960202539622907,-0.021393591622486642,0.3438843588537905
0.38356616312273084,-0.19001808923219918,0.12198285379486212
0.36042025236439706,-0.28740072619852575,0.10768119734053483
0.3505181941666408,-0.325048656082221,0.21167016147532028
0.3692832380172741,-0.2928854595040904,0.24631443083968738
0.4048155846572116,-0.22672263094719944,0.31443450064539297
0.454304481667246,-0.11553321899373117,0.4411271452406998
0.5861283900378804,0.18856940412434745,0.4509157777689991
0.8691055024109651,0.9943920431533431,1.0936371485307201
0.9394508023752263,1.207108338212401,1.298353644666497
0.9432462927693829,1.2135360775275656,1.2772868102199415
0.9007839683324681,1.0642113968835436,1.0661013066790488
0.8952609128203988,1.0283755311650185,1.019242112910427
0.8747978084140928,0.9723299689221663,0.9967841143992914
0.8613828521572444,0.9070858480334322,0.8917001397987266
0.8514710114535321,0.8294415169768228,0.786938131787801
0.8433858020389291,0.7444513251537237,0.6965512643361106
0.850784093882823,0.7228606559337784,0.665757363797649
0.8813355951485354,0.7541058587351468,0.6840086832321145
0.9068576498030637,0.8005141202081444,0.7444194902683625
0.931737803587241,0.8616223280856241,0.8178888891999034
0.9433753512628013,0.9052674208823255,0.860071354784981
0.9552843152577895,0.9599395323171322,0.9224999739682167
0.9084533893363993,0.869934975738891,1.1144154611686736
0.7320888205894786,0.37835584464996436,0.7301813428268354
0.7460447503089684,0.40224663640706176,0.7452520597005265
0.8617844072112824,0.766579228014761,1.1278751853744602
0.8561622844978671,0.7674973477215075,1.1345668849796149
0.7746940053106727,0.5699358168454156,0.9350516442769776
0.7742238348631485,0.6112809802552375,0.9784054224519739
0.7740521054704712,0.5846357649944763,0.948110230454436
0.7740521054704712,0.5846357649944763,0.948110230454436
0.7929390343252043,0.6512532723078318,1.0180742080745175
0.7893866960642469,0.6925983713342295,1.066278609941131
0.8821490641416472,0.8805145644855007,1.2473859322337695
0.8031708963910595,0.6898439478305659,1.0510541348172844
0.7245409983554588,0.42337380880389336,0.7760488009643656
0.7226429432956782,0.4095920447450031,0.7648312907004446
0.7238270560493306,0.3958103450695372,0.7487631567449067
0.7263171674859376,0.4027012592906945,0.7519466000310588
0.6794138665326065,0.43301027258923314,0.8011541004302741
0.5469158995526212,0.5142919557664308,0.9352193539737478
0.4949326694967033,0.5464373442231358,0.9881090201914652
0.4740209739200199,0.5606736667822345,1.0108716944775353
0.4370559197105649,0.568473826770657,1.0274442184247516
0.4286224257777396,0.5592831119294689,1.015730840345285
0.6153949949253886,0.5051191819544774,0.8955593427076104
0.7889255573570533,0.4546279309345695,0.7876027864071306
0.7979012642033295,0.46473689424935266,0.7963066167085178
0.7458682099866588,0.5046913740395605,0.854220788134498
0.6989649090333279,0.5350003873380992,0.9034282885337133
0.6766475278469395,0.5441822926232304,0.9169884239774728
0.6752916857006097,0.5313187770379353,0.9027613659354725
0.6916656843907798,0.519837071132773,0.8806712956983984
0.7024175603675346,0.5092734849343572,0.8652729250664791
0.710037425067481,0.5065189326638451,0.8597496973258661
0.6586462706910119,0.5317734643049922,0.9046052825743877
0.622395158787685,0.5671370880277707,0.9484634507410628
0.5303647260115016,0.6070825651116493,1.0227762506061866
0.5049651577090575,0.6162644129911814,1.0411870237329899
0.461785924409361,0.6318735425240833,1.0724853142631299
0.5111793409198963,0.6084554504250164,1.0264612342787294
0.4437846713740307,0.6194647211841596,1.0601021499887078
0.4398390308643436,0.6153284880003629,1.0527406870599347
0.4759406123775446,0.6033921592115679,1.0239560764923283
0.5100942953675897,0.5854831646752107,0.988978474860491
0.43448770474495146,0.6061378375425991,1.0361766852888512
0.43626387387543014,0.5854652880294002,1.0120744843555445
0.47295751176545736,0.5666381094028722,0.9752558068101692
0.35130921890629263,0.5583305525714976,0.9533679922707341
0.3474632653233561,0.5385761227650452,0.9359574909425821
0.3233475160039376,0.5183580673686305,0.9282510777230416
0.19795419626566466,0.5169495123365748,0.9659074909626492
0.26350065904078046,0.4843493774627573,0.9160245422912033
0.34305289982441706,0.4678309342902531,0.8761877877959027
0.28685324231610015,0.5059488562387594,0.944971685465372
0.3123746772452236,0.5312213289091414,0.9618806375272232
0.32583823751463786,0.546384773881316,0.9749363829793041
0.30396400204035456,0.5932389130653137,1.0390378640187603
0.3278089695689853,0.6235657840160654,1.0700000256787483
0.44536084692560357,0.6088927761136564,1.0125961708797622
0.4317483759914682,0.6382924148780812,1.058115838001147
0.42181012924759215,0.6608012681881973,1.0907508144531461
0.4502918460608467,0.6516194916699144,1.0674894316261527
0.5169227298372088,0.6208558554877431,1.0115873908964053
0.5192411118811383,0.6011015544481392,0.9844756421850192
0.5252835808813251,0.5666473626650734,0.9394546696131305
0.4418853768634406,0.5634113795200378,0.9618809297759928
0.41831182565423775,0.5441115272073914,0.9511649217141633
0.4413209501442029,0.5124205754618715,0.9195216808932559
0.39991788597498507,0.5073571554815746,0.9267177704900891
0.4152074588382532,0.4940389526292225,0.9106467958091738
0.4039632134114228,0.4958751920427154,0.9240301950194832
0.3816458322250344,0.5050570973278468,0.9375903304632426
0.45330678233798544,0.48026619127666187,0.8830306571061093
0.379919506557931,0.5179205485297177,0.9566680121968597
0.48118321982985557,0.9075166101014696,1.372598718371788
0.5475883206221048,1.0081425462975995,1.4741917560572264
0.5007618878675681,0.9516250639761217,1.424479613486059
0.5617208054671396,0.9295886458120247,1.3802937915611555
0.6005070465375809,1.0223967455025085,1.4738584208482428
0.7093047995552869,1.0164508877458371,1.433021401550004
0.8512486586323078,0.9039330498634275,1.264306247197131
0.7908638044144739,0.7187804116889979,1.0723235242059617
0.6805205061652951,0.48491932512099445,0.8405038015349315
0.814211561956926,0.869469797968433,1.2405345407474302
0.8553660285346723,0.9347144983079853,1.3019629021234418
0.8548508403566404,0.8547788525257017,1.211077326130828
0.8277519904251347,0.7978067473205915,1.154670643229128
0.804598781003316,0.7449708752992779,1.1056254232562015
0.7890155928180685,0.6971895493187799,1.0560814947423514
0.7878813235277915,0.703162150682918,1.0671251094981995
0.7826296843351499,0.6783533036024982,1.0405120693277368
0.841890209948131,0.7950115021861692,0.9061487474745588
0.8793828708925119,0.8772231004910177,0.8170795655351831
0.9191322715859578,0.9585491723592179,0.9128072430432813
0.9661532524611279,1.112920168938817,1.0816851821829905
0.9989192428365565,1.290254963629286,1.2656395196471462
0.871415341399748,0.9769129185460563,0.9447781376224171
0.5940997866006248,0.10123085057312176,0.03808769168580467
0.5613559915269388,-0.026031445270059253,-0.10049790794779649
0.5248167068793513,-0.159721476499255,-0.21801666153398178
0.5015003087020494,-0.24147774621352192,-0.17560981000196493
0.5193219137031061,-0.23230316759496522,-0.2717672750075286
0.5388717048303364,-0.17258466842285047,-0.2564968437519012
0.5887976842192032,0.06309531300141419,-0.027002684259365542
0.5610587925935608,0.08423052060863331,0.06015478965741876
0.507883877292736,-0.009008416506862935,0.15323093073888602
0.4863880496991176,-0.011292207600385809,0.2622730735074105
0.41682748950488857,-0.19645322166808762,0.0381827243901366
0.3917552636211429,-0.27087179601153305,0.019554948622450354
0.3751256934420308,-0.3172390419942833,0.17788969187745213
0.38104873680581347,-0.30160438303350173,0.27155644420348624
0.3997140937296962,-0.2538229898327154,0.3162497519672325
0.4170026498807094,-0.22670604196987332,0.3883509649826791
0.5358632839704904,0.04754950114482804,0.46534423609047815
0.8365629420075045,0.8993007283309972,1.0654590602232727
0.9174109006316442,1.1404989287482792,1.2798997817255782
0.9285770404691694,1.183217610838728,1.278432304101189
0.9023410435085131,1.1092458856313745,1.1907358528454821
0.8755327113021124,1.007694366990614,0.9824347925487282
0.862940547058694,0.973256125583879,1.059836540939557
0.8546152820776168,0.9461720359431389,1.1598213923754626
0.8809904082271875,0.9355842779855577,0.9801914531941582
0.8776127659155609,0.8110773183614362,0.7889216087678184
0.8847390227447717,0.7573238434453484,0.6943796939389667
0.9128004125738772,0.7816781320255598,0.7094475700872803
0.9329711411090132,0.8188957430407934,0.7532943753524449
0.9418477797237943,0.8657586900362693,0.8155491047454427
0.961376608418729,0.9176762492005638,0.8724544961880657
0.960414068521129,0.950294065825463,0.913793302941452
0.9008052604502244,0.9094353477128602,1.1268301027311856
0.7538093344694083,0.5051547420958258,0.8639191947923544
0.7191674732335153,0.36411064815138466,0.7141160495966753
0.8321456023797945,0.7105253068998214,1.0733095783862978
0.8744571569757741,0.8410057048725957,1.2125649295774652
0.7817218136337929,0.5740721144126364,0.9375624835141336
0.7674446241314999,0.5469634023287615,0.9072701322419732
0.7538093344694083,0.5051547420958258,0.8639191947923544
0.7512693795694263,0.5060729261859965,0.865760270705892
0.7791320152704355,0.582799396814135,0.9444280786273607
0.7783183860375568,0.5708541297024348,0.9271914728072812
0.8605504509942548,0.788170026001555,1.1489678385296875
0.8776113672551338,0.8832691811394371,1.2480585362827654
0.745204111143906,0.46931881199387665,0.8219106247153498
0.728486638865146,0.4275100419876898,0.7834102638931384
0.6591440707961246,0.4325466469992708,0.8108581885388856
0.5645238396565837,0.48121940648464795,0.8920365835172368
0.5201604936032348,0.5106102356930158,0.9394030080029144
0.46563732345056996,0.5436738536297185,0.9941337971983792
0.4910368724503914,0.5344920127280114,0.9757230380630028
0.45855967166407446,0.5473466543738256,0.9966474771609127
0.4718515025408114,0.535864884085239,0.9794080306154556
0.4565619296775433,0.5491830869375911,0.995479005296371
0.5747557165256744,0.5198101273972087,0.9250165573242126
0.76801386178037,0.46886425349366817,0.8103654606932007
0.7586178279499449,0.4922913552773791,0.8399908893671203
0.8087750261093862,0.4886276216230257,0.8162279572738258
0.7700836462328279,0.5092912328133193,0.8518781629546593
0.7172868062466538,0.5294913471804991,0.8875312093608706
0.680371595500574,0.5294824088575938,0.8990792141083973
0.6910736280139536,0.526727920970506,0.8887053626761673
0.6947976956675881,0.5120280372048693,0.870796152807092
0.5830396800683737,0.5524281371723805,0.9518034930027481
0.5201328639456463,0.5684918895889153,0.9897963238634202
0.47123180170316137,0.6006373424290445,1.0378353663895206
0.4706397453263351,0.6075281922667776,1.0458694333672895
0.5081470124492411,0.6006462807519498,1.026287361641994
0.4979373493859373,0.6121281154239605,1.038676184495834
0.4844239497737451,0.6047737757414282,1.0306449353721057
0.4195692351278617,0.6148648624104007,1.0624447751685464
0.44297104214115196,0.6075194540724592,1.042865544168628
0.4816125785543351,0.5946649411934934,1.0122398576874845
0.4669649055312684,0.5932831958967849,1.0152522461909412
0.4618351522679288,0.6029286623884541,1.0239589172177062
0.47885105079830037,0.5767470083342311,0.9888102608031735
0.5124126774115192,0.5657288636356068,0.9618667261491047
0.354441230183101,0.5505215186435938,0.9434928493794277
0.3423833555233918,0.5404124909453866,0.9396396427696573
0.33658950341729926,0.5146853953913719,0.916036150377274
0.27237667896030604,0.5100765374001962,0.9347774109919699
0.24076295087024316,0.5270673478463827,0.9679139367102699
0.2740039374260636,0.5339670716235966,0.9692506226321288
0.2488259612822947,0.5619850294747369,1.0129320545653537
0.3068744404611104,0.5665937621879769,1.0038920483296052
0.31861167506342125,0.5946206583620223,1.0360254755153033
0.34553881040548506,0.6249475936961985,1.0621370134836747
0.2810275497193006,0.6883291126311494,1.154527240773048
0.3892830849979,0.6814650081453393,1.1166997727507455
0.44402782350723,0.6672375595257217,1.0872397174087658
0.5393619969528991,0.6461282637747008,1.0333469666498731
0.6327482911780349,0.6190462952982925,0.9732612108353225
0.5456260388091385,0.6305101889410684,1.0135966668758332
0.517514786214035,0.6139650056500101,1.0035533239186363
0.5627908480042311,0.5597654511502458,0.9198725978878348
0.47182262274977543,0.5514749219643945,0.9427975665916204
0.4095576916640142,0.5528386808420417,0.9677317642106247
0.42857133218091686,0.5248205942240529,0.9337515796606338
0.36630641589839097,0.5261843984915268,0.9586858243438473
0.4177474137382354,0.4931207685390518,0.9088057198956362
0.40083120213461443,0.5036842259706191,0.9339053379107896
0.39824140377125694,0.5124115083721178,0.9407709330240168
0.46795445536105207,0.4816479365733706,0.8800182686026522
0.4756920147860729,0.663573439570823,1.0925805274651734
0.5051999019479282,0.9644886509231556,1.433856024965105
0.5057919583247544,0.9575978010854226,1.4258219579873361
0.5081601838320593,0.9300344017344909,1.3936856900762604
0.5715101415462945,0.9516428762385083,1.4062342276826223
0.6362381445300083,1.0361873835008797,1.4783785500562538
0.5987807208704776,1.0352601967043795,1.49293610258186
0.7287886105197139,0.9470876377180264,1.355687438825017
0.7672404245451312,0.7072897030775062,1.0666320824080313
0.6816547754555723,0.4789467237568564,0.8294601867790832
0.8181572024666132,0.8736060311522297,1.247896003676203
0.8536397028675689,0.947577949509856,1.3210405838570591
0.8544803568358668,0.880505819312868,1.2443820659064453
0.8408450671737752,0.8386971590799323,1.2010311284568262
0.8244980932190242,0.7711614676764063,1.129226074923207
0.7759723595328033,0.6484900392481112,1.0046964903149636
0.7535829358804882,0.6154085326498256,0.9779123953618059
0.749366498776778,0.6213810696305395,0.9938066338092711
0.8151846622653551,0.7835207291912532,0.9053079293682454
0.8567448496487251,0.9043228742519871,0.8589199215548703
0.9131618643543203,1.0352667690478752,0.9981724320206599
0.96531259849283,1.1799922991358052,1.1583437001336043
0.9812890889268073,1.2732549573264973,1.2634534934428407
0.8612333227972679,0.9305131447119944,0.9067736916799609
0.5594309154325479,0.03920419932719565,-0.017820282674971696
0.5338368146112842,-0.049467485376675495,-0.11857533187418937
0.5124676957992816,-0.14638687781984944,-0.1134773514409292
0.48126732123709204,-0.2809623661946797,-0.051049879236169826
0.5218618686030883,-0.23322135168513594,-0.2736083509210663
0.5332988044670884,-0.20061144008534387,-0.2983315227331028
0.5735227175344602,-0.012679993965909735,0.058555400635629605
0.5445067121676459,-0.027827429411576246,0.1630717327453879
0.5476505175449854,-0.0466961527231432,-0.05368750515330685
0.5361729051615712,-0.05263634087542017,0.1413093162665422
0.4805473151350901,-0.22170749577553783,-0.026075355624853074
0.44652096168221495,-0.27729831204163735,-0.05154006707171697
0.39578755197643306,-0.31356566179935824,0.13674775861543276
0.37422030187359323,-0.3369770752644662,0.24894752669681555
0.3882765396330417,-0.3075686870721125,0.2974710645577942
0.3963179707679465,-0.3015877268358872,0.3406222877906686
0.5213940252491828,0.007130430013294514,0.48989350814736443
0.8273447027534337,0.8625547154772677,1.0731195174762247
0.9145982920217234,1.08811852008427,1.174490982656494
0.909185324637616,1.0977966459740407,1.369835583326436
0.9158334856292619,1.1087992962135507,1.2404020508857294
0.884408731221638,1.033421526928053,1.0011876612494945
0.8499471572368041,0.9167475172018823,1.0034270173124795
0.8412167901453583,0.8552417698979975,1.2547300986300032
0.9051435834832365,0.9379171243042352,1.1462555754809478
0.9659875872219784,0.9994566220352759,0.999129832484781
0.9735557503124848,0.9411038034128228,0.8681255533028321
0.9712643930039743,0.8818407071437385,0.8013421782435248
0.9545469355284497,0.8400319825273787,0.762841864485523
0.9462857907137064,0.8786222717495673,0.8249255333779916
0.9563465420821399,0.9117035190695775,0.8711121288154514
0.947542564628541,0.9282397710155553,0.8927034905116022
0.8839598518617207,0.9199906394226129,1.105270241194462
0.7862817095228577,0.6213900079534448,0.9822586290617443
0.7032138015274942,0.3420562889580529,0.6978768608584425
0.8031486973885081,0.6397714376358211,1.0056853852206775
0.8836544366781027,0.8699507851368121,1.2465394326767008
0.7889213513495904,0.6048536272406183,0.9703685147488275
0.7538591779327837,0.497345643784498,0.8588946755926647
0.7427638431706743,0.45461879946139155,0.8137026622295083
0.7316186501419544,0.4197010080597862,0.7735351210018317
0.7510478067133737,0.4872368092365634,0.8404895979080436
0.6743339567326422,0.4348466407695745,0.8048362522573493
0.6697373994456584,0.7247260049341474,1.1325630242792413
0.8133216842506577,0.9654868152793648,1.3657194328721307
0.734967423345183,0.5598180439745757,0.9281945713398831
0.6040288487660208,0.4725010624060545,0.8736229836564827
0.5012465548163179,0.5230101710781756,0.9633342012177356
0.48405889278741115,0.5225465714596358,0.9681876325619477
0.522108406929626,0.5165829468304048,0.9455960461313552
0.4732571881505164,0.5409193013592064,0.9886105694577663
0.48849691755040925,0.5354101968181821,0.9775641139765404
0.4661795363640209,0.5445921021033134,0.9911242494202999
0.49217114174066856,0.5285194113638734,0.9646794233071545
0.4718515025408114,0.535864884085239,0.9794080306154556
0.5240064619894066,0.5303647108892949,0.9568135563952761
0.7299145382806378,0.4826370148462288,0.8379815993962653
0.7281383691501592,0.5033095643594276,0.8620838003295719
0.7419225694769718,0.5005551408557639,0.8468593252057249
0.7839176900230158,0.4987277109983277,0.831629168631123
0.7528461748464038,0.5166367699181091,0.8617561465713437
0.7280386822234085,0.5189277609820833,0.8721328387289511
0.7190131319137572,0.5166278959786282,0.8684535276272533
0.5804997251683915,0.5533463212625511,0.9536445689162858
0.5003554183566175,0.5767556177617009,1.001515397385069
0.5390468175357984,0.5560919995935822,0.9658651777128083
0.4966811941663581,0.5836464032160096,1.0144000880544548
0.4865213745664295,0.5873191395766925,1.0217643917086054
0.5327329515188065,0.5795191657607174,0.9906399826951109
0.49014575529331356,0.5882374524337115,1.013904220238909
0.48560806252739747,0.5909920760659623,1.0145768014165677
0.45064075030447365,0.5969558034906193,1.0323177972283257
0.46528842332754033,0.5983375487873279,1.0293054087248688
0.5090098695406877,0.5836466677280208,0.9949975704166495
0.4338956483681252,0.6130286873803319,1.0442107522666202
0.45108327629117406,0.61349224858687,1.0393572878496256
0.49036671254455866,0.5859377875588435,0.9956730151910231
0.4960386787213492,0.5772105695407691,0.983956796386179
0.35249333165994506,0.5445488528960316,0.9372998583151964
0.32968357137216975,0.5450034148851527,0.948845029333059
0.24142704488734043,0.5624399116365228,1.0002241036272745
0.228777113850805,0.5592217337760484,1.0044049639952735
0.2307748558373362,0.5573853012122829,1.0055734358598152
0.2341284399701971,0.5684123842338124,1.020968965766357
0.27439723967479346,0.5794484038337909,1.0248164874275152
0.23338747292864978,0.6198663178081448,1.0875784453175916
0.24512472233419597,0.647893259372017,1.1197119195674992
0.32085320371179177,0.6616928983322615,1.1078334168385098
0.27920153712544665,0.716810760455676,1.1836539609060444
0.3107162028398194,0.7365739336903048,1.2040683250636637
0.3756706044124533,0.7108646503986766,1.162219446867844
0.49559070727637644,0.6686282431453358,1.0726793241577819
0.5780533961320802,0.6254646456065821,0.9976967469776128
0.6007412608392422,0.5905557735342847,0.950831871758236
0.5669580613699708,0.5827378012834757,0.9525047336144563
0.5354434004812537,0.5629746263043907,0.93209036595898
0.542349322875072,0.5326566102995226,0.8992814939989084
0.43554929704066186,0.5367659901026016,0.9412869380974793
0.40063182828111327,0.5349206192159307,0.9540034147095479
0.3256671278473653,0.5408753474231707,0.9881430459561631
0.3929399211152401,0.49541175960302597,0.9191824120532437
0.4007813586712391,0.511493324281947,0.9389298571104792
0.4089932797480118,0.501847922173702,0.9253725623920973
0.5030166435810941,0.5891559654193177,0.9914921548230246
0.5907447393144424,0.9213251247456511,1.3540228380847457
0.5062122853089034,0.9240617359869286,1.387492699012029
0.45469924088253494,0.9148619470776723,1.3970285959346604
0.4706529167091533,0.9369163132493186,1.413267761801556
0.5456902655623241,0.9943607822387094,1.4629742457933057
0.6413678977933478,1.0265419170092105,1.469671879029489
0.6787034548261991,0.9930147832557967,1.4197946013152283
0.5910389702412291,1.0035604354028027,1.4631396191252453
0.6101835477303871,0.730681051569596,1.142449530072058
0.6987205026460838,0.4449559260014786,0.7892869641006517
0.8409669531030772,0.8731514726520213,1.236350839654054
0.8657474209906533,0.9498778788967355,1.3198692712671398
0.8519404019358846,0.8814240034030387,1.246223141819983
0.8505845597895548,0.8685604878177434,1.2319960837779826
0.8412653941579241,0.8051610939814383,1.1627018694815197
0.7726187753999424,0.6374629562265818,0.9893009604084217
0.7174579200345237,0.5350007806169589,0.8743245235126741
0.7448196422001612,0.6052750791479131,0.8292301035334501
0.828812029627854,0.8487403564037005,0.8704134538775099
0.8799707212618751,1.0205579469593336,0.9918112268991113
0.9202124914053967,1.1106113656124565,1.0895538758288197
0.9601834639247459,1.2107735526855117,1.2105522318526003
0.9640798806964626,1.2438546729832518,1.2664400689554602
0.8564038687348402,0.9355755971963494,0.972336963175217
0.5351224761385608,-0.015460005664071875,-0.014186921822028305
0.507158289813523,-0.1399756613540082,-0.21331127963422214
0.5025570935162295,-0.181759633015806,-0.1312356437852264
0.46610631898090715,-0.29887239157504053,-0.008417502537513815
0.5162397458896729,-0.23230323197838945,-0.26691665131591163
0.5344829169894403,-0.2143931404700258,-0.31439965742401893
0.5683412599910209,-0.05863280342905929,-0.058218997262828254
0.545147368856229,-0.08479896651332523,0.06300942485308288
0.5531002911403187,-0.0953952764932665,-0.13417625173039657
0.5660812671362728,-0.04896276753022242,0.08561551192967184
0.5236989058243672,-0.1794350111286389,-0.006980371475670557
0.48025369796270634,-0.28280703028211623,-0.09169026470264476
0.4322811960562539,-0.3222922366924064,0.0765253021590404
0.4018883889913679,-0.35810412031288136,0.20844953657898604
0.3831744292114221,-0.35580483405102814,0.2557844616406149
0.38938984937157683,-0.32134222102576376,0.3280624101541335
0.5894492147573608,0.20285522910341322,0.714830362704733
0.838539104716889,0.8685275743751024,1.0647606374656051
0.9034819956475735,1.037590739682493,1.1709339410811936
0.8939319361998704,1.050958058654267,1.457260568561475
0.9234755493317598,1.156117254137783,1.2802475727417233
0.9015188712204877,1.0995757949519913,1.0517519848284858
0.7942335264868066,0.8666983417817882,1.1853479442562787
0.767150521154486,0.7629043026176546,1.2854320872352873
0.8401165197192713,0.9002272069098309,1.1042583683054537
0.9184633470103373,1.052266517816967,1.019760952991433
0.9796660364685127,1.0991387267970478,1.0462145534609848
0.9789022506990093,1.07938436137402,1.0239534284412155
0.9542214697381836,0.9870397585066499,0.9303859584287507
0.9143015780727205,0.9213400472383413,0.8913668045897429
0.9177050056689567,0.924558031948543,0.9017378152965954
0.9215509592518933,0.9443124617549954,0.9191483166247474
0.8901235677631821,0.8988549793868453,1.052067138836831
0.82100042415431,0.675607560888043,1.0331420842228312
0.6921184667653848,0.29932944463494643,0.652684847495286
0.7772339602106548,0.5690176327552449,0.93321056836344
0.8721387749318444,0.8607600059121997,1.2396766782888513
0.7902771934959202,0.6177171428259135,0.9845955727908278
0.73768393337071,0.456455167641733,0.8173848140565836
0.7323824507146932,0.43945541887264117,0.7957962930858105
0.7165776748701579,0.3728379305528832,0.7209816447099024
0.6112554112172375,0.42426517792534824,0.8125338911204835
0.4060162401990043,0.3782755354884903,0.8244121521627695
0.4708120944444172,0.6553091963301544,1.1196664803392247
0.598189284219056,1.0632868353447282,1.5444720245340262
0.5882600692155107,0.8064800848453625,1.255077399277028
0.47330703161389165,0.5331102030478784,0.9835860502580767
0.49557456933690475,0.531737396074075,0.9750504340140067
0.5514535964391346,0.5115373391124943,0.9345467499247516
0.5215163505527998,0.5234737966681379,0.9536301131091242
0.4802849964736366,0.5450555989264272,0.9911214086949224
0.49044481607356516,0.5413828625657443,0.9837571050407717
0.4991989500637888,0.5326557089310943,0.9671902625443105
0.49157908536384237,0.5354102612016063,0.9727134902849234
0.49157908536384237,0.5354102612016063,0.9727134902849234
0.5126625296358256,0.5478191469254438,0.9802459940049644
0.6144324550277888,0.5377369985793764,0.9368981494609967
0.6874990907504448,0.518000509802159,0.8915410149461741
0.69312121346386,0.5170823900954125,0.8848493153410195
0.7108510543003598,0.5184641997755454,0.8769863031459456
0.7870497012998241,0.49091867707042414,0.8217540257398164
0.7280386822234085,0.5189277609820833,0.8721328387289511
0.5640758830148462,0.5726371254790413,0.9807591583530493
0.515003091379684,0.5781373630584096,0.998503008881612
0.5378627047821459,0.5698736992690481,0.9819333116683463
0.5582321874453784,0.5547191282363546,0.9621801851603555
0.47830945348965687,0.5969645416849375,1.0353216864269872
0.47885166640310783,0.5978827901585324,1.0323121386489078
0.5358649627956148,0.5717101318328137,0.9807648398038046
0.520625233395722,0.577219236373838,0.9918112952850303
0.4906879723273618,0.5891557078856209,1.0108946495894924
0.4252412013046522,0.6061376443923264,1.050728556363702
0.47290828802748675,0.5955829965168158,1.0237821809842558
0.46528842332754033,0.5983375487873279,1.0293054087248688
0.42827352565471,0.6139468070870784,1.050902451871775
0.48859054341408004,0.6066103370720424,1.0197752161243299
0.48804833050062907,0.6056920885984474,1.0227847639024092
0.5546293901162385,0.5827375437497789,0.9719072283809241
0.35439138671972575,0.5583306169549217,0.9485173685791171
0.3329873120416554,0.56383959621801,0.9692650784392904
0.21052725669057792,0.6069941866892935,1.0606462753139616
0.18382170780138812,0.5955034141304916,1.0598054580821126
0.25499029690916086,0.5619851582415853,1.0032308071821197
0.2741756668187409,0.5606122868843577,0.9995458146296667
0.20382070815026082,0.6060758094488501,1.0733570704752748
0.18507848184156156,0.6451209154681438,1.127583410153737
0.2190832710813452,0.6717750492950132,1.1511812666292625
0.2561702136329301,0.6984292020064514,1.169928452130345
0.32432867377395475,0.70717429492588,1.158548657942279
0.3488155263395516,0.7228011723377442,1.1764521863605992
0.36043087501256044,0.7163737549397009,1.1732659023490697
0.4479236205535419,0.6791828910208462,1.0996256995372282
0.40765482567460115,0.6681468696764113,1.0957781743782133
0.4907593950678838,0.6102833309664221,1.0077370250120126
0.5458746364006102,0.5703289085818133,0.9449722159029882
0.5030658673190647,0.5602110783053741,0.9429657806489377
0.5454813341518803,0.5248475763716189,0.8894063511076018
0.49202036121709525,0.509675090281113,0.8927492010218823
0.3834442003580645,0.5344570580093927,0.9588568791265424
0.33328700219862306,0.5381207916637459,0.9826198112198367
0.4005099423518113,0.5004663056438416,0.9186837035123203
0.4052692120943772,0.5165478059393386,0.9432817722611728
0.42186478364059976,0.5239022169836096,0.9464623748219471
0.5848782250170185,0.8321988285056042,1.2465732603210482
0.6783821991639933,0.9897968699073334,1.4045729440454218
0.5563743050806151,0.7913080878508278,1.2244659164227718
0.45435578209718036,0.8615715165561502,1.3364382119395843
0.4623191055824814,0.9121073948071603,1.3915053681940475
0.5425582542855157,1.002169816166613,1.472849388684612
0.5370580175014026,1.0375422494454485,1.5148607994869943
0.6810716803335041,0.9654513839048648,1.3876583334041528
0.6824773659432091,0.9705058011788321,1.3968608722464633
0.4963557283760921,0.730654179195281,1.1819441819976826
0.6115982502771873,0.45641981964425454,0.8296224201411624
0.856748895416421,0.868560616584592,1.2222948363947486
0.8598538819578103,0.9397689799653766,1.3063148172741355
0.8425443681054595,0.9048511051867495,1.2758485704939027
0.8419523117286333,0.9117419550244825,1.2838826374716714
0.814089676027624,0.8350154843963441,1.2052148295502025
0.7634443144255698,0.6797261749597259,1.0441970618801897
0.7370070885557954,0.5735834835681509,0.8460930996287127
0.8066496242898639,0.7265408480540307,0.7731380133292979
0.9066540699420996,0.9819762097595048,0.947283295408818
0.9428505126491835,1.083511591851487,1.0477135198091325
0.9554512199477484,1.115674656825905,1.0920590336152203
1.008194009432935,1.2535093353315234,1.2441962404682303
0.9954720359304728,1.208027745587632,1.208032870439312
0.9167221259450196,0.9705107047865447,1.0282134373765663
0.6384224499108512,0.0985097285572229,0.1609949150067992
0.528005244909513,-0.24102215479858471,-0.24167463721673443
0.5328353178984967,-0.2249488195156864,-0.26373604728438077
0.4964067435222286,-0.291989064334096,-0.0955491527631702
0.5153841954930115,-0.2598503677582734,-0.20088332499594747
0.5637506201938536,-0.15374803640602347,-0.27003116048698866
0.5943544483456242,-0.04576876142891363,-0.0827969169877116
0.5798353424601325,-0.07837874559657593,-0.053223137497188176
0.5560605730244497,-0.12984952568193125,-0.1743465866192411
0.5712325996767591,-0.029671512629762718,0.07877573552511657
0.5541243188541235,-0.03241841424585403,0.1587169768693167
0.49033665121424497,-0.1996532653490545,-0.0001349195033863157
0.44278385564133454,-0.29381032849731864,0.08624953046708182
0.43613631530029556,-0.2836771870973486,0.2591849208236984
0.42033403501101885,-0.2657514691430885,0.35837774529261446
0.46119068396013163,-0.11138058998288114,0.53695694358161
0.6625572967317015,0.4757610800167922,1.0299802127378244
0.8162721867192806,0.8910361701515217,1.116798108684072
0.8865369021926178,1.063764231504059,1.1594231065081806
0.8569681214412248,1.1010297962479212,1.5608368024574855
0.9079446835115065,1.1850699850564204,1.3996865449257718
0.9279259778484167,1.1790569466174903,1.1262417731073335
0.8511756679955594,1.0031108379159057,1.078096382550155
0.7547634623520824,0.7729883180830244,1.1881118447223622
0.7785132233778793,0.8524204180125258,0.9874953565102272
0.8294202208537039,0.9787403484034923,0.9600082941970193
0.8873918318337253,1.0701755767367487,1.0498879309316538
0.9361163196480425,1.1404748231171165,1.110817583766742
0.9708128352769433,1.1446198658569697,1.116332289331222
0.9479088421418518,1.0527385005344378,1.042164479077682
0.9224642754115226,0.9406395322440398,0.9263358840454479
0.9270511960360065,0.90894002847616,0.8771369058223654
0.8938254364142652,0.8340825854264642,0.9887891793711489
0.8222343803713376,0.6540167629012492,1.0120494310676038
0.7015145005958099,0.2759023428512355,0.6230594188213662
0.7491995951169683,0.4656459468663453,0.8242475684444331
0.8649392372160469,0.8299784930842179,1.2068706470541573
0.8166122576579223,0.6549348826079957,1.0187411306727583
0.7513960764283606,0.41143728686482567,0.7618160614716101
0.7486345486723259,0.39351935400556315,0.7383864645872993
0.6325874337780698,0.37649279026775556,0.7514419578591066
0.45390489977789145,0.38655700456241293,0.8227364495811718
0.3699915268845977,0.30338536865726906,0.7542771197599931
0.47187432126876755,0.6070731830825994,1.0682786351864593
0.6003857803336837,1.0090782207330353,1.4820405646254124
0.6209540171250125,0.9415514676524144,1.3986875063442665
0.47542665952972485,0.5657280840562017,1.0200742333198458
0.4969304114832345,0.5446009116593702,0.989277492056007
0.5426496189855358,0.5280735910584724,0.9561381116209025
0.5158443843760092,0.5322010146862122,0.9653463319139683
0.47461303029684615,0.5537828169445016,1.0028376274997663
0.5762112455987546,0.5170554463598481,0.9291945769668337
0.5869132781121341,0.5143009584727603,0.9188207255346038
0.6097728722119734,0.5060373016612238,0.9022510423127651
0.6625198687347723,0.493646285605372,0.8716225151062436
0.5769251879048828,0.5446189100942042,0.9564802211862924
0.622865948960614,0.5469277134205647,0.9486115275404635
0.6761551583968638,0.5354549458383077,0.9149734525558624
0.7032810330637886,0.5134096537347296,0.877485011686869
0.6923075842309813,0.5051371229837122,0.86761270952094
0.718299189607629,0.4890644322442721,0.8411678834077947
0.5246705608321596,0.5657372729349789,0.9891237198144243
0.4916012843663938,0.585482771396351,1.0180822398815301
0.5754198153684272,0.5551826894428926,0.957326720743361
0.522030919005427,0.5822736536478054,1.001013834127341
0.5545081197917439,0.5694190120019912,0.9800893950294309
0.4802573520128128,0.6029372074324998,1.0415146774912185
0.5437064003516138,0.5877916965117348,1.00051228486104
0.527060985342016,0.5882463837787918,1.0023562014999552
0.5169011464394647,0.5919191271172997,1.0097205191455327
0.4545365473507855,0.6089011349857437,1.0447037793567884
0.4697762767506784,0.6033920304447196,1.0336573238755624
0.4900959159505356,0.5960465577233539,1.0189287165672614
0.41135731405108905,0.6245102645186458,1.0760020698869281
0.4626986249641829,0.6070648311888265,1.036171003838096
0.49566819520057553,0.6029375363279352,1.0172615361617963
0.6138619820487066,0.5735645767875528,0.9467990881896381
0.7713391858475996,0.5166371631969688,0.8326523815503045
0.3762385974585899,0.5904938750796123,0.9783110113103543
0.3071175925943097,0.6143666005295391,1.0310296157496635
0.30975723442104236,0.5978302198167126,1.0191395014367466
0.277379720561476,0.5950666648398709,1.0300149021352774
0.24051434845311584,0.5872486299500941,1.0365383911809714
0.33200258279281536,0.5463848991592519,0.9652351286003565
0.32125069716474924,0.5569484888465801,0.9806335062279895
0.2720290141674886,0.6070118031847228,1.056952755338591
0.23042720584775403,0.6543206123866363,1.1277488272706455
0.2415225381970356,0.6970474575819708,1.1729408423827303
0.23856225631290448,0.7315017067706355,1.213111177271575
0.30174049599354325,0.7264649703755217,1.1953644947622766
0.3297298433567221,0.7085558470723161,1.170088140513673
0.38289717651498123,0.6626287624290577,1.1011303473361311
0.3629480208358977,0.6442472683632571,1.0825542148688148
0.38450161625278256,0.6153109976550977,1.0467329544052864
0.3995696162599982,0.5831566778533124,1.0053913069265226
0.4647947996234199,0.5473385790073468,0.9402866802902549
0.5173700860561641,0.5083023407129088,0.8793629470947685
0.5770230049727811,0.4655933086521888,0.8159255479281754
0.3846283131117169,0.5206753583339269,0.9427887451710045
0.3471708894521862,0.5197481715374265,0.9573462976966107
0.39937567306153415,0.5064389070079797,0.9297273182681685
0.40272925719439506,0.5174659900295092,0.9451228481747105
0.43448770474495146,0.6061378375425991,1.0361766852888512
0.6935222416371356,0.9999059619889652,1.403575526963575
0.6150100190239867,0.9181158852080822,1.3466556937052176
0.5906547190354525,0.6787634924053013,1.085544138629435
0.48708158047496897,0.7885355945510809,1.2468893218688295
0.46900345512024705,0.8629532618528589,1.3334258234361276
0.5429785812696647,0.9686337510681189,1.4345201297093053
0.5304505361624313,0.9998698867797337,1.4740207012745314
0.5494143332159587,0.9796608984730727,1.44506503592423
0.6594460424506925,0.9521242427296075,1.3831353634707642
0.5644193418002008,0.6259275560005635,1.0413495423481254
0.5119479528010574,0.4991198489986451,0.9094584477468993
0.8393126699019006,0.9282783357373092,1.295772751784588
0.8649337917577746,0.9379326117850352,1.3026326654470601
0.8464401651517713,0.916796436681874,1.288234552622365
0.8452560523981189,0.9305781363573401,1.3043026865779028
0.8314490333433501,0.8621242608636431,1.2306565571307462
0.8026010390167848,0.7468073078630436,1.1044569513916598
0.7909333720993791,0.6765006753402663,0.9386603118339532
0.8770016071029083,0.873574598528346,0.9690962124566346
0.9349874947858885,1.0384933040358584,1.0260991858475215
0.9388328296735696,1.0371119467842738,1.0000078264834427
0.9880503066633674,1.1372743287521798,1.106454305714538
1.0404004136252287,1.2507634638502196,1.2465275027465585
1.0302682384861241,1.19655459170483,1.2034985376044127
0.9793809642016801,1.0357640215318806,1.1023469124631362
0.7474123923169368,0.40405047744530753,0.5525950230655223
0.5377532811693937,-0.21343399927315707,-0.08896240883317898
0.5671495554434914,-0.1840171220234356,-0.018032508407651606
0.5933068287299481,-0.0866262562564562,0.038078032661299194
0.5597223796879643,-0.14681642190264912,-0.023849049021688235
0.5952702434068724,0.0351014642705938,0.09839807033057718
0.5646190552144094,0.019474458091881225,0.09019578929549087
0.5266673992277799,-0.0535874532448457,-0.02776720628975684
0.5187244155688163,-0.11745818770895824,-0.16797117787080454
0.5009046692813728,-0.06322540133809981,0.058691850587193915
0.5164681410664964,0.01902658100557304,0.23687446116807812
0.5134358167164387,0.011217418310820886,0.23670056566000555
0.47712788722096555,-0.06364009261145624,0.35320347433607463
0.4883812964584967,-0.046615717910072164,0.505069186579245
0.5196762510689931,0.01771872922234022,0.6307184698921688
0.5761160845025445,0.21987092301558878,0.8588415849289623
0.6733344703380313,0.6209489480261998,1.277459866574497
0.7747503352477842,0.9571973806122146,1.306183761955663
0.8830055234834026,1.1129102631199699,1.1659925480226065
0.8326019153541205,1.0775856548029146,1.4912492752875985
0.8572100341236146,1.1065310569842517,1.5009706599287493
0.9093627866479562,1.2002005130967968,1.2455068555011437
0.8687873391948868,1.096853063350487,1.2959248004399049
0.7896183416760941,0.9351436652531252,1.2414383363012602
0.8145798578560687,0.9429124535119308,0.9743604567729601
0.807473942913494,0.9833310757040732,0.9837655448395584
0.8217505126903822,0.9893039989853323,0.9705560411373216
0.8599224983814459,1.0389304383188045,1.0267859878055714
0.9537026942479443,1.0784655960884526,1.0657679714700652
1.0071642528022762,1.1147738325695724,1.1059269434573995
0.9683059692659081,0.9797023209956719,0.9720180837733949
0.9154136483604463,0.8652949356794586,0.834954440237288
0.880189527026769,0.7711381363909128,0.9019363869471329
0.801177980137396,0.5625904728908985,0.9106217895854425
0.6943648063433877,0.23731173171192568,0.5852288683869828
0.7720591892168076,0.45738229005480896,0.8076778852225943
0.8731511582928195,0.8203330909759727,1.1933133523357755
0.8462510624894103,0.7109888037229353,1.0733067376609204
0.7646879073050975,0.3999555165762392,0.7445766149261531
0.6353489615341045,0.394410723127018,0.7748715547434174
0.44369523671458755,0.39803883923442374,0.8351252724350119
0.3867588278234976,0.3373849949623011,0.7877529143183054
0.36673762967848733,0.2767400890130837,0.7288325514540721
0.461714501668839,0.6107459194432822,1.07564293884061
0.6590533599273674,0.9277786993220287,1.371071353649775
0.6339972504102778,0.9902509777230831,1.4500725107716543
0.47695423106873186,0.605236814902258,1.0645964833593842
0.5705891228853394,0.5179735660665946,0.9358862765719884
0.5381617655623976,0.5230191094010808,0.9517861964702088
0.489852759696739,0.5482737124034773,0.9917911720185405
0.539467764245352,0.543691723297704,0.9710377737118986
0.6131264563448343,0.5170643846827534,0.9176465722193071
0.5456819433355935,0.5358827537532246,0.956312007128975
0.5323901124588566,0.5473645240418109,0.9735514536744322
0.6531238349043472,0.5170733873890829,0.9012479437801632
0.5675291540744577,0.5680460118779151,0.9861056498602122
0.6820486974297069,0.5455638447696666,0.9285279065488669
0.7105304142429614,0.5363820682513837,0.9052665237218734
0.7204686609868374,0.5138732149412676,0.8726315472698745
0.6751199563079324,0.5046735617771742,0.8724661739379346
0.5625981549392145,0.5253192963216571,0.9312123891138216
0.539146504462549,0.5404738029709265,0.9558161393134293
0.5836815799085752,0.5377281890233195,0.9387449068252895
0.5556922325453963,0.5556373123265254,0.9640212610738932
0.4929571265127235,0.5983462869816463,1.0323092979235302
0.5665659944514531,0.5795280397001984,0.9839426016392012
0.5089606416821199,0.6125915478636501,1.0435239674620733
0.5064206867821377,0.6135097319538209,1.045365043375611
0.5329046809114837,0.6061643810214785,1.020935174692649
0.5182569885857945,0.6047826427025949,1.023947577187533
0.43498069392043187,0.6360009731301376,1.0816935116848585
0.4844239497737451,0.6047737757414282,1.0306449353721057
0.448864581173995,0.6176283530038181,1.0564199981616325
0.4793440399737808,0.6066101439217697,1.034327087199181
0.4900460724871603,0.6038556560346817,1.023953235766951
0.478652296670204,0.6291191903821584,1.0524101925763287
0.7091961554943756,0.5524552810365317,0.8929063374307455
0.7396756142941614,0.5414370719544832,0.8708134264682938
0.42289331562368465,0.6203661875301556,0.9977280089481931
0.2978933029597972,0.664438962963838,1.0909502834853304
0.25481375176119564,0.6644298976185404,1.1121995391139479
0.33338062909362054,0.6093209738180312,1.0248309902988861
0.31856121187464126,0.5812939678707345,0.9975481397405958
0.3985337796424268,0.5312394595997363,0.919382126269988
0.4462507098286366,0.512875713412898,0.8874112316908523
0.4103707011714882,0.5436481591511261,0.9414665150563071
0.3388316421397632,0.6028934276531394,1.031345953670591
0.2672925731304585,0.6621386490208694,1.1212253417228082
0.23449472987391534,0.69291116001475,1.1704300031455745
0.28864741924490267,0.685574558616181,1.1490040095345784
0.3374986187213897,0.6612382110652045,1.1059895001995943
0.3709383690566178,0.6157657493055788,1.0437262473525848
0.3600147636871857,0.5996841202432335,1.0288294259869661
0.4007537142104153,0.5693749327880196,0.9893231259067753
0.3669705147411439,0.5615569605372107,0.9909959877629956
0.40117404119456423,0.5358388676895256,0.9509938669314685
0.3992261426714083,0.5298662019419633,0.9448008758672372
0.48055454293421224,0.49267521274517284,0.8808619274343431
0.49330418020012085,0.48027518700516636,0.8666320146755384
0.42223526716137344,0.4981752501964433,0.9131576350463297
0.42418316568452935,0.5041479159440057,0.9193506261105611
0.37025205640807807,0.5303206316753234,0.9660472872726205
0.45396668997651074,0.6658644950182214,1.0981065959311638
0.7034334636455926,1.0564145059875374,1.4648356742822695
0.5324524882770227,0.8478077648882335,1.292423421926039
0.5262971995725124,0.5684920183557637,0.9800950764801861
0.48309092223477423,0.6631185521751791,1.1052885047724463
0.47615797510553687,0.7724539654887356,1.231992500503211
0.5426351224843102,0.9153433205465968,1.3739297457142292
0.5229075396612792,0.9157979434302294,1.3806242860447615
0.5084315960308898,0.9410614133942817,1.4139318665457563
0.5213529433868531,0.9553066098928614,1.4299971597759165
0.4598158268836536,0.5758283665817764,1.020923573602292
0.5336234341472442,0.5046378918625746,0.9089568984805982
0.7214623611417467,1.0109417188213887,1.4268255697603953
0.8465122076176981,0.9590598485652911,1.3285787830192821
0.8737377692113735,0.9213963598390573,1.2810413037509094
0.8815792067673724,0.9374779245179782,1.300788748808145
0.873837456138124,0.9057781632164016,1.2709922653515304
0.851275683367727,0.824915652554739,1.1704111234264376
0.866286539397678,0.845117190335566,1.0993504257457378
0.9196134619299489,0.9994719842383846,1.1652081583984588
0.8893254546840716,1.0026647670546331,1.088957579621798
0.898935137010658,1.0214847457107097,1.0063574222410414
0.9813161136622265,1.1942375600178092,1.1695583696721474
1.039315987798327,1.2489269669030298,1.2525465983027173
1.0317243872846091,1.2149356994700848,1.251178412221431
0.9673459082699271,1.096863292831034,1.1873643104243696
0.773988276584125,0.7026741636726748,0.9271494886966086
0.5853436447166349,0.16101410611180603,0.4702896131014175
0.5655999165525146,0.024577859229264636,0.3793552397560699
0.5495477973705525,0.06041327426382008,0.46016879936601035
0.5221346617850146,0.118253481688316,0.3209202607561367
0.48898543779605347,0.11914652477880064,0.23128913493021297
0.4695772576399101,0.05941170507052078,0.1226997333003547
0.4138459173534057,-0.007222917635011194,0.01762426910987047
0.4054400678814043,-0.07429524098227192,-0.044482377765892325
0.416422058739209,-0.06829788840815036,0.08713719231478784
0.46320595636566575,-0.048518048720858346,0.17661741238198572
0.48320557523352925,-0.016809864163770005,0.23367088062400942
0.4872384830829236,-0.03836794185819548,0.39436554485601066
0.4404427934162343,-0.047088088672666985,0.5117694083605324
0.4965902583802335,0.13623617658787648,0.7612813536834591
0.5962543576472243,0.444060095430155,1.0923455794219323
0.6911375930912672,0.706865747194981,1.396944794725134
0.7681218902364737,0.9117240783786721,1.306978646966725
0.8535882915079672,1.0756924589544634,1.136697613832293
0.8366091991888216,1.0628531151283338,1.2867021243396772
0.8291559489289956,1.0376300161110705,1.5206463303107243
0.8344501269505259,1.0991765171731327,1.5074913047512088
0.8615188576401862,1.1294870826521668,1.4402838136802794
0.8563227945285828,1.1726277891224144,1.254022334487297
0.8295655442062175,1.1055387480309788,1.1277004706574816
0.8025952651130956,1.0173384153023717,1.097855190508901
0.7662270930133344,0.8891578179496284,0.9671297741110484
0.7872089718797304,0.8537775408660994,0.8542057652987042
0.8168982398999982,0.9231581524723268,0.9472487080615739
0.908089877884098,1.0136921719932837,1.0800999910702551
0.977111805895721,1.0265734354575409,1.0809322870004354
0.9006237495817403,0.8427937330237634,0.8877839328701024
0.8652482386817231,0.708656862261354,0.8393338722558241
0.770160499628387,0.4224646918034763,0.752958472920067
0.6615441467717161,0.19687594283621768,0.5455629234898169
0.7171655400427565,0.5161728224110259,0.89571335313804
0.8449900815369634,0.8115969990184173,1.188294514586841
0.818062960998135,0.7812701090740681,1.1621830236826793
0.6136464554524985,0.4679100775717768,0.8692682277804116
0.470130007105963,0.419638375416025,0.8592217779261364
0.42956757760242037,0.34750283221656514,0.7897593635637828
0.3641478313151299,0.28546737141458234,0.7356981465672993
0.3699915268845977,0.30338536865726906,0.7542771197599931
0.46755819723830677,0.6286639166859689,1.0942219120333037
0.6653672259443593,0.9043515331548938,1.346296548667472
0.6297309698431922,1.004032613015125,1.470991268418809
0.503709622214883,0.6089184895858462,1.0604127822660077
0.5463736866391703,0.5133737072928358,0.9382289017518269
0.49498251296007856,0.5386282459118079,0.9830845009917757
0.4924425580600964,0.5395464300019785,0.9849255769053132
0.6314981970215355,0.5037462462138256,0.8967249738467746
0.5572474485452271,0.537264434666509,0.9581502423171352
0.5495777403819054,0.547828085248349,0.9686979892574377
0.56168545850499,0.5501280146352284,0.9675266766675182
0.5573693344745291,0.571718748238598,0.9934699535143627
0.6140619715070151,0.5634639653665426,0.9702028892366141
0.649029283729939,0.5575002379418857,0.9524618934248561
0.6134699151301889,0.5703548152042757,0.9782369562143831
0.5548293795745469,0.5726369323287687,0.9953110294279004
0.5430921449722361,0.544610036154723,0.9631776022422023
0.6089592429790947,0.4940920345495236,0.8850144364926856
0.5956175686389824,0.5133829031494379,0.9072784022378324
0.6051354883987095,0.524410114937816,0.9129726847611401
0.5404525031455034,0.5611464168675496,0.975067716555119
0.45485780301299134,0.6121190483342068,1.0599254366265949
0.5461965117882207,0.594682610732892,1.0036957281471919
0.5363081085077199,0.6093823657316801,1.0313061853995014
0.5452838153539961,0.6194913290464633,1.0400100157008887
0.5647399818575992,0.6080096875247252,1.0130693217721976
0.5196128307321242,0.6176461582878899,1.0381746352295331
0.4606018116557086,0.6456552421995493,1.0885534482186678
0.492857439585973,0.6139644836043019,1.0423583363229094
0.4590244007739236,0.6139556166431354,1.049055694507482
0.48945401611033407,0.6107465058724146,1.0319873027447197
0.4349308504570566,0.6438100714414654,1.086718030884548
0.5511268953186564,0.6162735444648486,1.015087111047848
0.6064138467414374,0.602964344318826,0.982617507927789
0.5378350644419195,0.6277553147534352,1.0323265575933054
0.4123131690396071,0.6575749889893324,1.0434215715776507
0.2791012304732914,0.7112931682757161,1.1502011443310265
0.21121418725490151,0.7135750937763358,1.1818270916800193
0.24519614507471799,0.6690208824528183,1.116554294990019
0.3198672105575957,0.6019665817673576,1.0167997169822856
0.34455282690260025,0.565221273642382,0.971103306631737
0.3782639839059449,0.5307758340097741,0.9290862143785996
0.3802617258924761,0.5289394014460085,0.9302546862431413
0.29666477739780656,0.5780755968599876,1.0162808711834455
0.3158003038440113,0.5845118238140877,1.0176203978306821
0.23674105706151072,0.6308934008296743,1.1029739752241337
0.29824219240018884,0.609775229394716,1.055778602023294
0.33325934808648794,0.596002403658731,1.0330130870118466
0.3299556074170023,0.5771662223258737,1.0125930379056152
0.36475119989856014,0.544557276151543,0.9645568431006054
0.3871184245483238,0.5275662725550839,0.9459721884571565
0.40803012012500717,0.5133299499959854,0.9232095141710863
0.35328538161567713,0.5275573986156028,0.9526695695130664
0.3552831236022083,0.5257209660518373,0.9538380413776081
0.46336691501116345,0.49221165153863494,0.8857153918513376
0.4856842961975518,0.48302974625350353,0.8721552564075783
0.44001495146124847,0.4917479615652484,0.9002701036515662
0.37025205640807807,0.5303206316753234,0.9660472872726205
0.3784639774848507,0.5206752295670783,0.9524899925542385
0.5142566830004617,0.7375454223118737,1.1608744839544123
0.6757155132992189,1.0853506549066734,1.5103581961204589
0.49324592022243247,0.7885357302962438,1.2371880516142584
0.4809533058232398,0.43020241229841033,0.840665782716737
0.4873121702681168,0.5280560623012054,0.9501303458934717
0.44397921537406687,0.7173182284639666,1.1792679694285866
0.5295918891990449,0.866643810475928,1.3225447412868414
0.5301839455758711,0.8597529606381951,1.3145106743090726
0.5002196749541172,0.9507068155025269,1.4274891612641383
0.5301569208404521,0.9387703579468833,1.408405798079766
0.38534350555129265,0.5905104380850267,1.0570781692748041
0.4803792379421148,0.6373915210045887,1.076834388688446
0.6161400781862036,1.0623689731716788,1.5183778301624034
0.6172023050105541,1.0141329599241238,1.4669899850096382
0.7422521707891281,0.9622510826902011,1.3687431842770978
0.8637496790041221,0.9517143114605011,1.318700799402598
0.8637995224674974,0.9439052131491732,1.3136762802029085
0.8720606714028379,0.9053149309052989,1.2515925884391028
0.8940723068998928,1.0086701565837206,1.2769378766375894
0.8861244975080614,1.0738893296230412,1.2759977784238414
0.8523394388625759,1.0026639909643853,1.1471650753568703
0.8980729037652134,1.059620154515569,1.0811490455694457
0.9734752948014828,1.1992917823969251,1.1933127853071432
0.9926114409730923,1.226863798153641,1.2381541669287772
0.9550610152958928,1.1758722668842108,1.254002449409654
0.9080425112620429,1.1060444220259174,1.2591319416032014
0.9049785389996411,0.8455893679478883,1.1072020750393012
0.7359864916152399,0.45370858794276275,0.8730729369426986
0.539069824016462,0.16654705700571754,0.6698207670257819
0.41827432289456706,-0.08246926712413506,0.46675413123082615
0.4201933375060897,-0.06088657047573169,0.4363366811425594
0.38479591888350884,-0.0613831738917591,0.28365594663041027
0.42880181660793487,-0.03383514023309318,0.14971390006347687
0.42241528469880263,-0.07380718609944728,0.090642607908413
0.3892235218809527,-0.10965179699060491,0.04077954781246724
0.3969941564218344,-0.0935620665898692,0.10718647242157985
0.44000289977966306,-0.09354483377830085,0.13259669984269615
0.4291586415106442,-0.11190980325019946,0.1927876554042832
0.4118084438850215,-0.12015797258093587,0.33259506214855666
0.38098800890230894,-0.07788702746248995,0.46810502077957317
0.45621757056707934,0.29104404817214624,0.9502485952655202
0.5637999755888636,0.5281230360733296,1.202140623090846
0.6777737197486036,0.6760841056001505,1.3738400108736741
0.7523466328322117,0.8506323933505154,1.3122763417819214
0.8346311793635216,1.0302189061655385,1.1568949707384855
0.8551514298073906,1.0339086143149356,1.2090720080158888
0.8495588107310135,1.0403524919234566,1.2958760037479387
0.8786763622007924,1.1032890971543146,1.3118161981619922
0.8658407142883099,1.1836550009107925,1.2597166170106049
0.8379018301139111,1.214890814705286,1.323470307033916
0.8017558505956072,1.1266821231045911,1.2615174184083089
0.8472798709492476,0.9911655064207813,1.0657104004216926
0.7379441303281762,0.8459674124199841,0.9267912251648865
0.7030080488481344,0.6226880462299038,0.6678713688642542
0.72031818242589,0.6787417098111466,0.7418394706188843
0.7591062806122467,0.8349571724203204,0.9659096762648316
0.9242429234436201,1.004510137941304,1.0762411030097296
0.9512955161938089,0.8979298563490777,0.9114047217950246
0.8559789165134677,0.6374483701137209,0.7650151387596716
0.6772990643496409,0.2713024840774767,0.6254020440012049
0.4980743367386342,0.28044844292071414,0.6997060695099224
0.5647184025804525,0.5790729661325962,1.011202427149988
0.7006329792221301,0.8303974270596536,1.2549065826831796
0.6135107268532336,0.8418613207024297,1.2952420387236903
0.412818269658609,0.5138014124123267,0.9844180469437741
0.39494372416485113,0.4067569901627443,0.8680907433706169
0.3784250208174229,0.31257608349845717,0.7659904978394597
0.32866533091417427,0.211495453056956,0.6625535663864434
0.3698197974919204,0.2767401533965079,0.7239819277624551
0.5451127056867235,0.6139819025883179,1.0532166786777477
0.6081323566957998,0.9116880745311792,1.3725731747147272
0.6243076012578733,0.9525785506739441,1.4140830362508083
0.5277533483709974,0.5868731261210187,1.0277749510972043
0.4529873924140345,0.540455675769244,0.9983146575663778
0.4498553811372261,0.5482647096971478,1.0081898004576841
0.42894368556054274,0.5625010322562463,1.0309524747437542
0.6156664112448165,0.5161462005925828,0.9158054963057695
0.6138902421143378,0.5368187501057815,0.9399076972390761
0.5198620673516232,0.5786006597534257,1.0130520252396584
0.5782810300512126,0.5574824256794993,0.9707072792282927
0.5282955612844483,0.5877913745946137,1.024765403319125
0.5448911328306709,0.5951457856388848,1.0279460058798993
0.6083900053302246,0.572191183384617,0.9819191080414583
0.6083401618668492,0.5800002816959449,0.9869436272411479
0.4393472770190754,0.6277369230397415,1.0942275934840588
0.5551998630953207,0.5469099655416024,0.962006289652283
0.5925354008255493,0.5133828387660138,0.9121290259294491
0.5283946284857942,0.5510373891693422,0.9712145099453487
0.527802572108968,0.5579282390070751,0.9792485769231176
0.5037588459528536,0.5799736024719024,1.0118864080919214
0.4212961763997725,0.6231371930328311,1.0868689712806636
0.5323624679980328,0.6052461325478836,1.0239447224707283
0.5509059380674113,0.6185732093397168,1.033318316095734
0.5725814194135982,0.6240912522036463,1.032816766829433
0.5350741329880696,0.630973170696299,1.0523988525461556
0.5311284924783825,0.6268369375125025,1.0450373896173828
0.47524948467877526,0.6470369874962579,1.0855410597152109
0.45216832184348066,0.6364645343366756,1.0768400472678639
0.47815992722012834,0.6203918435972355,1.0503952211547185
0.4335750083107269,0.6309465558561702,1.0724909728425478
0.4685423205336507,0.6249828284315132,1.0547499770307898
0.45012073639357414,0.646110065211769,1.0806960946030117
0.4571485447166944,0.6502463627789898,1.0832069338401678
0.5104875976163195,0.630964496885405,1.0445443396558773
0.4804217808916008,0.6741291819645453,1.0370663000871307
0.2990005426889996,0.7374837606528445,1.173801795998032
0.23165571298726761,0.740683934409002,1.2024181951317137
0.24477581567774123,0.7025569484235404,1.1548835557142543
0.33019877435343686,0.6249391060572627,1.0397306523898824
0.2995974148211138,0.6015029561773955,1.026503805090897
0.2729417106017132,0.5822030848711516,1.0206384677848943
0.3091429790416647,0.5546485594597008,0.9818048188179088
0.2812034751418611,0.5647485844515786,1.0020566538668227
0.3010307448916426,0.5486757649452901,0.9853130751369115
0.2801688927783345,0.5551029891930608,1.003051230223292
0.30416275616845095,0.5408667310173865,0.9754379322456052
0.2838929604319691,0.5404031054274242,0.9851420203542166
0.3067525545318084,0.5321394486158879,0.9685723371323779
0.3657635832595353,0.5041303612153161,0.9181935171475297
0.36916701085577147,0.5073483459255178,0.9285645278543819
0.392618661332437,0.4921938392762485,0.9039607776547744
0.3417697198694188,0.5183666193909905,0.9458068151252166
0.4371537367784632,0.48944822532864163,0.8868895451666347
0.514166032313429,0.4738479627573957,0.8488938595891579
0.4729845216976411,0.48762066670435705,0.8813606359752665
0.3448525074082566,0.5395024725770304,0.9844580464079968
0.32902071198022625,0.5519024304447002,1.003538575862705
0.3397725976082923,0.5413388407573718,0.988140198235072
0.5014800403017565,0.8289628383827433,1.2689995064924833
0.6649636373224641,1.095914241105089,1.5257565667523783
0.5237253790222182,0.7775175212141953,1.2150951406518067
0.46596217401481854,0.37553023648017947,0.7830877872251178
0.4797691930695873,0.4439841119738762,0.8567339166722747
0.5059505163346135,0.6548548953636427,1.0887188215506076
0.49817691523707835,0.8312624388741873,1.2920813352319862
0.49800518584440107,0.8046172236134262,1.2617861432344482
0.49920729159314203,0.9911337304387539,1.4738524872172138
0.4951397651541529,0.9525431836828683,1.4311713130912134
0.3701037761513998,0.596019542626051,1.0681246247560299
0.43357079818266664,0.7811722451839046,1.255256724055582
0.5772769689169679,1.0563873691012111,1.523732843845699
0.5500562330561602,0.9649609503240117,1.4320064497467717
0.5514120752024899,0.9778244659093069,1.4462335077887718
0.7428442271659543,0.9553602328524681,1.3607091172993289
0.8567717141443772,0.9397689155819523,1.3111654409657525
0.8673464193907796,1.0105142398019074,1.3612338738578604
0.8750310219221663,1.0945698517077822,1.3613113299838762
0.8677527568313603,1.0872074680919692,1.2969193767963738
0.8987738088191922,1.0559717186809,1.2283150630814457
0.9685300210235794,1.083081593155568,1.1712961764688319
0.9934809788530234,1.1441816370558118,1.1981060901306615
1.005046484062657,1.1455633179690963,1.1999443253188216
0.9901845407577257,1.080798699940827,1.212429598990387
0.9474329390766646,1.018325012082265,1.2401421770755086
0.8510055064991086,0.8561602115218652,1.2371686797770727
0.6827219600831604,0.5997970209302275,1.1260871814214946
0.5818251440499513,0.3558354776799741,0.9031193187870429
0.4269576538696734,-0.09118825503697062,0.496846768286242
0.3840041957326835,-0.20696871620814086,0.3706499915064809
0.34831687601995437,-0.14175012261963835,0.4133655065172861
0.3638687013919497,-0.16290192094876216,0.25229157398104984
0.4061266982927229,-0.15142715050203992,0.13556029165418687
0.3545847722249141,-0.145016907205869,0.10848571866995682
0.3779872008140135,-0.13122652106746635,0.132408348527462
0.4041499158579337,-0.14178978534876102,0.0927568594374576
0.38615719866670484,-0.15647379533305233,0.20212099738479253
0.36448902010460005,-0.20653859616368034,0.23736608729835565
0.3574360517734881,-0.0682501129931806,0.4592559544041628
0.5055563137607744,0.40452495490952567,1.0485129307194463
0.5975111325922082,0.4936775964407217,1.160123530837709
0.6428334322610988,0.6030304357161193,1.297685882914739
0.7287810207861354,0.8079216229373413,1.379805782288987
0.8021272822872024,0.9595139563815298,1.3740783128827503
0.8099052214625707,0.9310569344892954,1.4752287840221514
0.808713184349027,0.9682495976551159,1.4130515164730035
0.8581221149530318,1.0605865568463795,1.4211544945293182
0.8144517475334718,1.1097399102212757,1.5374415464579794
0.7974069692120643,1.1515316021546542,1.5359797388486767
0.8001863578928174,1.0715715235903513,1.3002651005088144
0.8186835707808789,0.9213462135848479,1.0883956300174156
0.7115388808161628,0.829893623673175,0.9828070132448986
0.670122014856084,0.474306255496209,0.5791028494975217
0.6327919225841276,0.3998792635709804,0.5332180948274525
0.6511114877694403,0.6080033315171033,0.8305923559837075
0.7581948236288316,0.9020374683391231,1.0892276737673223
0.9353437016037033,0.939282860074436,1.0256711094156519
0.7615641244111049,0.5680664064555847,0.7738352935207587
0.41835520194649933,0.14123175984011166,0.5699837516446719
0.4447352838390092,0.29973030881429896,0.738368663694213
0.5336967308672158,0.5891729267410498,1.036304885890519
0.5511959478047098,0.8510342302590564,1.3252008165980205
0.540444071827955,0.8615978164574722,1.34059918722994
0.4118827544964283,0.46740183172853744,0.9318617299264671
0.38833624282587986,0.3690846274970294,0.8272506451581538
0.33879812577868373,0.2868401140049615,0.7490843865029861
0.30410642848103303,0.15360514106676154,0.6043057840391012
0.3893756509222741,0.24964031525211414,0.686992195434385
0.5558645816634783,0.6034183163899021,1.0378183080458283
0.5577535856803058,0.8965156912360992,1.371065434010173
0.6046568866336368,0.8662066779375605,1.3218579336109575
0.4595948737530058,0.578128038434959,1.0391547557788405
0.39710838461442727,0.5606557257529996,1.0388183276642058
0.40667614783752964,0.5638738392300497,1.0394880909878241
0.416243911060632,0.5670919527070998,1.0401578543114425
0.6063202208777667,0.5317642040649658,0.9404064057799995
0.6298937572837342,0.5510640109877855,0.9511223667776193
0.5389975937978279,0.5850368867075258,1.014391551886895
0.5389975937978279,0.5850368867075258,1.014391551886895
0.5562350651842519,0.5776913496027359,1.0045135682702109
0.5048438915051602,0.6029458882217081,1.0493691675101595
0.5200337774416778,0.6052458819920118,1.0433472312286234
0.4788024426651372,0.626827677272476,1.0808385128229945
0.4373993784959194,0.6217642572921792,1.0880346024198275
0.6029167932815305,0.5285462193547641,0.9300353950731473
0.61361882579491,0.5257917314676762,0.9196615436409173
0.5189985946553691,0.5744644909530532,1.0008399386192686
0.5102444413625229,0.5831916515655284,1.0174067951071566
0.4771751841993797,0.6029371430490755,1.0463653011828355
0.452589264432437,0.6240642510624829,1.0820126661382914
0.5159386065418649,0.6245369437421988,1.0510593258989192
0.5497218253137589,0.6323549090151827,1.0493864500512717
0.5205981893576802,0.6562366406603514,1.0857064330471504
0.5638272854233746,0.6328184058382965,1.0493836093258944
0.5108088532785253,0.6341824102338681,1.0597659969256839
0.4688137327324812,0.6360098400913041,1.0749961535002859
0.4369285924435878,0.6419736388776999,1.0878865027490898
0.4070411900206283,0.6461009981220154,1.1019453467337725
0.42092507727419143,0.6277283779956959,1.0766718332105465
0.4665944220104947,0.6190101626839509,1.0485569859665584
0.39229383007081103,0.6603374494479624,1.1150067736366085
0.4399609167936456,0.6497828015724518,1.0880603982571624
0.4577406010935206,0.6433555129412568,1.0751728668623988
0.5706760638399283,0.6548562474160408,0.9868556871638866
0.3161383319743288,0.7457564184262541,1.1739728472828703
0.297102487629219,0.7237019965939544,1.162584285734111
0.3578896806617688,0.6750203614246401,1.0881032683138132
0.29989104494632846,0.6626025304000723,1.0921187553498721
0.2737775536403787,0.6442209075674232,1.0832438702657898
0.29419687976698644,0.621257238223402,1.0584662245581096
0.24522377473230647,0.6111392285569187,1.0661609791295135
0.23684012426285656,0.5941394154044027,1.0494230818503572
0.30357069979162477,0.5477575808551194,0.9834719992233738
0.3174545870451879,0.5293849607288,0.958198485700148
0.2932391507990189,0.5247851019550411,0.9605411108799864
0.32041487858063034,0.4949307080512227,0.9180281438155898
0.34781216956698296,0.4839124345857499,0.9007858565447552
0.3839635945435592,0.4641670074856271,0.8669767267774593
0.3955789432165681,0.4577395900875838,0.8637904427659299
0.34867564226323705,0.4880486033861224,0.912997943165145
0.38808096444592366,0.4949484559301848,0.9046333817037703
0.5203802114036704,0.4660389932129162,0.8341680930062345
0.5217858970133754,0.4710934104868836,0.843370631848545
0.4342931418210827,0.5082842778946506,0.9170108416561
0.354420270631359,0.5427205860540806,0.985127809731615
0.35382821425453276,0.5496114358918136,0.9931618767093839
0.34253412536432704,0.5592567736166344,1.011569795119383
0.4779515216262966,0.930943840652029,1.3925228996624737
0.5899491030766522,1.1096780641347446,1.5649207102029696
0.5188171986149313,0.8059991046552978,1.24907248447642
0.44894625618182443,0.40171189751222763,0.8182364576310773
0.4409829326965234,0.3511760192612175,0.7631693013766145
0.5500202663686058,0.5643645303445997,0.9757374798787375
0.5182029391149563,0.7628174373199715,1.2117378247289194
0.504319051861393,0.7811900574462911,1.2370113382521455
0.4966673366931599,0.9920519145289246,1.4756935631307515
0.4797283063615827,0.9314070729631314,1.4119225765749013
0.3743700567184853,0.5822379073340093,1.0472058671088749
0.4398348207362833,0.7655541773280974,1.235506438272969
0.5539520301024721,0.9769062818191363,1.4443924318752341
0.5706743133108643,0.8896250989320631,1.3436288722659362
0.5784160639401128,0.9213248602336399,1.3734253557225506
0.5308708631465802,0.9663338216812396,1.4356914422992244
0.7134720129210266,1.0394232378790669,1.4656535372766255
0.9648002207522819,1.0220228250592098,1.3438293061607374
0.9319716368207192,1.0049979996738558,1.2259179597588858
0.8774472317166322,0.9957899876376753,1.1936449779499199
0.9341620677516697,1.0376077149603649,1.2157466632687781
0.9953641374844405,1.06334413513783,1.1986984087639325
0.97506607756173,1.0996263292513246,1.2152939106944434
0.935760442305794,1.0771082800846064,1.213609433756439
0.8995658587749242,1.038980264400471,1.2436847742793158
0.9551309114262149,0.971015541796968,1.2227030163133068
0.8960107523926589,0.8120694341644364,1.1767436691139366
0.7181810220307553,0.5814248514878776,1.0668593020569497
0.6264544757676911,0.4454258312003556,0.9717611133566364
0.50129782548321,0.09671940878685398,0.66039837670881
0.35688376467362665,-0.2928775484791085,0.3123764080995455
0.3547796527016675,-0.2097403725233729,0.33001528896151766
0.3280372948969627,-0.18221015680082167,0.21431862231499466
0.37670946446688314,-0.18864496034127465,0.10626535158084699
0.36277511402454,-0.18359903070624306,0.09306152932936544
0.3595434158209811,-0.16017180015568364,0.1129857106200511
0.3931548858975752,-0.1789990431656358,0.08101765676629288
0.35106799866407457,-0.18496438715421268,0.1845422761162968
0.3698391067731827,-0.2396195233111479,0.16692637912064506
0.40071076599247224,0.05074825715731045,0.6006743538163408
0.5237785240473498,0.41463411137458134,1.0426648899459825
0.5679713801588309,0.4008696445106838,1.052006983411561
0.6360764205320018,0.588785367984388,1.2719193423013448
0.6927864308341716,0.7596930028105103,1.4332849009875028
0.7753163171203117,0.8878827316364319,1.5379104415629774
0.8109477281859885,0.917291566257459,1.5524796091703676
0.7831079112129354,0.9117733946266808,1.5626824058199025
0.8142232046692456,0.9728735672937732,1.5797910720984982
0.8016170519124083,1.0486646210201724,1.6312075766853131
0.7942612988974032,1.10699294422176,1.6222334114937964
0.7321932775667594,0.9925772000334596,1.4530621594806634
0.7366275732946912,0.8786260541647988,1.2014274411133268
0.7266075005487831,0.8188750926740054,0.9849672207405319
0.6673833058280055,0.527596621634307,0.6445438571842147
0.5375689467071586,0.2105979141003267,0.42903962537555734
0.560382415696051,0.33695808841581265,0.6785055911997907
0.6688149235959256,0.7095383273085402,0.960126322533724
0.6990637777993283,0.9589996050865403,1.2347923404824206
0.502573497868989,0.5514837315204514,0.9409508092273278
0.3652425402341768,0.050259812484783235,0.494653121727406
0.4113225485878888,0.266185376754149,0.7067367997662427
0.4624062449724157,0.5882368729828936,1.057559833463462
0.5346003762584872,0.8436798192147854,1.3220202140372461
0.544931925251093,0.8666522981148638,1.3449511023806335
0.42635869812681765,0.44213836176448507,0.8985541494254722
0.3754647389332918,0.34703033268712186,0.8061608327283042
0.3169509150398196,0.2546768558802709,0.7192907437717491
0.3155002042979893,0.12834160671928496,0.5758488272297234
0.41070769278572905,0.20186792061669642,0.6259002481815809
0.4959180281222593,0.5850278265955972,1.0356408180090826
0.569269247426564,0.9057064704607117,1.3779281883980223
0.5228631416561763,0.8156529230407399,1.2898867868515482
0.40236002380706887,0.5854645728334193,1.0654313678346685
0.3965163282376011,0.5675465755907326,1.0468523946419745
0.4041361929375475,0.5647920233202205,1.0413291669013618
0.429535741937369,0.5556101824185135,1.0229184077659854
0.6297718713544322,0.5166096974156964,0.9158026555803918
0.6279458587605783,0.5450913452402233,0.9449293757133882
0.5694770525976136,0.5740186776254773,0.9922986409244433
0.590388748174297,0.5597823550663787,0.9695359666383734
0.5167798802355674,0.5786006023478265,1.0179026629227024
0.47554854545902686,0.6001823976282908,1.0553939445170737
0.4526391078958123,0.6162551527511549,1.0769881469386018
0.4469671417190218,0.6249823707692294,1.0887043657434459
0.5224020222516053,0.5776824756632549,1.0112109493261208
0.5001344652259696,0.5790552896148834,1.0197465795616176
0.6143826115644135,0.5455460968907043,0.9419226686606863
0.5522395812111895,0.5813642147302672,1.0021766245411274
0.50338836243208,0.6057005692590687,1.0451911478675384
0.47539901506890103,0.6236096925622744,1.070467502116142
0.4584329600019048,0.6419822483051696,1.1005916393309851
0.4964325965748864,0.6438276835752647,1.0830245390272997
0.5313002218710597,0.6534821527732634,1.0753325816149206
0.5194140766040277,0.6700183403358173,1.1017745670026884
0.5270837847673495,0.6594546897539774,1.091226820062386
0.42898808356564566,0.6626460526457358,1.1216899739369677
0.42935856708641934,0.6369190858585696,1.0883852341613505
0.44070249944000034,0.6194646498224209,1.0649527965516619
0.40373744935114264,0.6272648167891579,1.0815252976275411
0.4094094155279331,0.6185375987710835,1.0698090788226968
0.41189952696454,0.6254285129922407,1.0729925221088488
0.40499360457072175,0.6557465289971088,1.1058013940689204
0.4102452437633633,0.6805553760775285,1.1324144342393831
0.38916181879400263,0.6681464833758659,1.1248819165279151
0.4804217808916008,0.6741291819645453,1.0370663000871307
0.38903324795561883,0.6993747108993629,1.0983205137747964
0.4176644951589992,0.6667656394470965,1.0599855733487342
0.4270605289894243,0.6433385376633856,1.0303601446748145
0.27135947984404296,0.6795934069741394,1.1204046608744116
0.23395189723505969,0.6708571227385394,1.1299376959492566
0.25940129211108426,0.6538661826532762,1.1065024158652623
0.23582774090188138,0.6345663303406297,1.095786407803433
0.2813752045345384,0.5913937997123396,1.0323518458643608
0.3111407210281959,0.5528121268959352,0.9829732906824505
0.2672475454223712,0.5408577926944812,0.9869859369931318
0.22017251025070722,0.544521592476715,1.005898248892666
0.2639438047528856,0.5220216113616237,0.9665658878869003
0.2722055692930335,0.5045671109420508,0.9479840739688289
0.34391637252067114,0.47196710309062545,0.8883998744162928
0.4088707740933051,0.44625781979899726,0.8465509962204727
0.344187788840099,0.4829941217287308,0.9086460280144516
0.4299043555992904,0.46647581081198763,0.8591080331316302
0.47779301517817757,0.4747572798859103,0.8574323305500324
0.45261503903440864,0.5027752377370506,0.9011137624832571
0.3803620325446314,0.5344569936259684,0.9637075028181592
0.3639880338544614,0.5459386995311307,0.9857975730552334
0.362261708187358,0.5588021507330017,1.0048752547888506
0.3731853135567901,0.574883779795347,1.019772076154469
0.5038662588041499,1.0016976455326052,1.4649977165197112
0.5753014300535855,1.1082963188380357,1.5679330987064266
0.5153146996967519,0.8395350983920532,1.292252390014681
0.4906927984390194,0.4600657410362215,0.8716307380378934
0.44653303224663454,0.30799448069322916,0.7161333573831157
0.5014176451809679,0.528519604514146,0.9501275522323036
0.5514709504061958,0.6906997637884973,1.1191793868800854
0.4660479989689836,0.7683176035380905,1.234332284957672
0.5138549646162087,0.9925154757354626,1.470840098713757
0.5019958440845959,0.9300342659893281,1.4033869603308315
0.3952319088317934,0.5758106830862385,1.0294677120224944
0.4200622201827448,0.6447279910196249,1.1079616244358907
0.4972143753394785,0.8638802554990863,1.3334201419853722
0.5568672942560955,0.8211712234383663,1.2699827428187793
0.5944964473083035,0.8487436254956277,1.2857203822907113
0.6127913197862104,0.922251982646716,1.3637184268885616
0.6049678752252999,1.1064686244685886,1.5721054597696296
0.8032825152498189,0.9613422945852196,1.3213997149033772
0.9047280822319553,0.8423632818992962,1.045320961088955
0.930049523582173,0.8777363590123738,1.038826134975167
0.9690795365112183,1.0394530858470357,1.2030301866567097
1.0129949111195944,1.1014799302432343,1.244386289942635
1.003526215097838,1.0615078313409128,1.1901656332452406
0.9045454619227332,1.0316263040401699,1.2065498058772226
0.8900977824785724,1.0201439543007653,1.2329659725563185
0.9442793485227096,0.9971973246180396,1.2481504253446056
0.937434780234216,0.824933793712561,1.1279125962935788
0.7952142578148403,0.5736255284839699,0.9872286701187124
0.6975227349751758,0.4063899407944611,0.8817336049386656
0.5917621513430179,0.2910550467646266,0.7834806323862499
0.3988451774255742,-0.15000503425854206,0.3997996896227715
0.3276807999945551,-0.26671248623907573,0.2736085972352787
0.3236497481259799,-0.18174704627825325,0.24341952373931908
0.3135318517501326,-0.16247243776022952,0.16751388381775734
0.33022649049770103,-0.19187201214123006,0.11714359300475542
0.35116038507693587,-0.15603582450558393,0.1397496683152921
0.383294746803303,-0.20104510787030452,0.10173670019670325
0.35188039164153895,-0.2152906935062937,0.11477514617473185
0.39880899258026326,-0.08984823971727408,0.3284457137060375
0.4388551146243297,0.1582563276917684,0.7072975928129913
0.5008240687536276,0.3094260573053404,0.9300197381999006
0.5864920315002532,0.3429884223051566,0.972509972465563
0.653584688512449,0.5713310607150877,1.2387856573084226
0.6550353918526616,0.6976662871811602,1.3822275503183432
0.7241023375947921,0.8318283598375228,1.5172992004161343
0.8273223466015632,0.9269456491549123,1.5738913939076906
0.8146219523762478,0.9104007808031501,1.5395949185009816
0.7964213213668191,0.9292283457302235,1.547309853896655
0.7358058625526022,1.0045551944158426,1.6520860598166345
0.7317617745669739,1.0583087354599332,1.7417773452360348
0.6710280161055132,0.9278197854647989,1.5849662566426923
0.6708951071892963,0.8110974913699855,1.253891869068794
0.7098697032469212,0.7904012242707479,1.0316037223091148
0.7033384703813396,0.644766577182401,0.8483421261518719
0.5565136433851582,0.2459953596119998,0.5722244853006349
0.45532818051584556,0.11002063636133469,0.631656629202141
0.47848724806601123,0.5367914270474969,1.0133567150060194
0.5580538859113668,0.8919326789733635,1.4279220287608296
0.4735629383392371,0.42838211802800125,0.9497050847598838
0.3569585766914774,0.017641802709611458,0.46786618604887087
0.3411663512859886,0.2592767146540297,0.7169481185919105
0.4329391695336052,0.5588281671287151,1.0332894184728378
0.5402723424352777,0.8349526011967112,1.310303995232402
0.5373120605511467,0.8694068503853759,1.3504743301212465
0.39333928442704974,0.4540747549367043,0.9224881363014615
0.3434577085944991,0.31853981092311406,0.7837314936512177
0.3267672758543936,0.19771368899806585,0.6513360561225225
0.3198163283284501,0.1067508731159154,0.5499055503828789
0.36032890246761246,0.1866955442994416,0.6243925214684538
0.4479074826140702,0.5422920439495855,1.001996809393453
0.5739288302423794,0.9374061673788643,1.412575295546254
0.4916198970868871,0.8069167666997603,1.2897185727942306
0.42894368556054274,0.5625010322562463,1.0309524747437542
0.4213238208605963,0.5652555845267584,1.0364757024843672
0.4060840914607034,0.5707646890677827,1.0475221579655931
0.40100418166073915,0.572601057248124,1.0512043097926682
0.578380716977963,0.5418642290568436,0.9606582408289135
0.6082182759375473,0.5455459681238559,0.9516239160439204
0.5517472117611139,0.5726368679453445,1.0001616531195174
0.6005984112376009,0.548300520394368,0.9571471437845332
0.4925644439893984,0.5740007435740677,1.0202452881025408
0.41949780826674243,0.5937372323512853,1.0656024226173637
0.44425545742636235,0.599255339598639,1.0602502496594457
0.4766828147493041,0.5942097962641527,1.0443503297612253
0.5452616163514447,0.5694188188517185,0.9946412661042819
0.4710108485725135,0.6029370142822271,1.0560665485660694
0.5084682722320443,0.6038642010787273,1.0415089960404633
0.5758629610805324,0.5928549233417589,1.0078680663390578
0.495126597891932,0.6231550696786415,1.06377296178561
0.44822329693860097,0.6534640829771803,1.1129804621848254
0.4456833420386188,0.6543822670673509,1.114821538098363
0.44758139709839945,0.6681640311262411,1.1260390483622837
0.4412176876180322,0.6994002956047042,1.1558383725442758
0.43695140705094665,0.7131819308967459,1.1767571301914306
0.4395412054143041,0.7044546484952472,1.1698915350782035
0.41256424141210035,0.6819368568622259,1.1488045633737314
0.40141906318661574,0.6470191108504474,1.1086370692102645
0.41508138170472364,0.6098103807530092,1.0580928600178525
0.4156734380815499,0.6029195309152763,1.050058793040084
0.400433708681657,0.6084286354563004,1.0611052485213097
0.39860769608780305,0.6369102832808272,1.090231968654306
0.4116010859096931,0.6934188916628237,1.1466414922813832
0.4117728153023703,0.7200641069235847,1.1769366842789213
0.4078770182560585,0.7081187754284602,1.1645507021504586
0.3797861247899149,0.6782387289464745,1.06937052987525
0.3875056764166119,0.6598659800533067,1.053798263735258
0.2992491451061269,0.6773024785491331,1.1051773415273307
0.28400941088057835,0.6828115848346136,1.1162238005064131
0.3125908194462392,0.6580116099492188,1.0829133757821838
0.26946142478426227,0.6658116429152491,1.109187150610491
0.23141194233507753,0.6717753068287101,1.1317787718627943
0.27700923704070235,0.6207936316270372,1.0633196419108948
0.29348292265762294,0.593693729099219,1.0311805332744415
0.24958974222614255,0.5817393966422213,1.0351931830829795
0.23676808179692982,0.551876003520986,1.0090788514534401
0.27410362435281416,0.518348875000941,0.9592015842327498
0.21627671320439537,0.5325762609815905,0.9935122667642033
0.26966561439305137,0.5054852950322215,0.9498251498823665
0.32926869949760446,0.4705853577939167,0.8914122629197496
0.35099402430716664,0.4682943023465184,0.885886194453759
0.3518076535400454,0.4802395694582187,0.9031228002738386
0.43244431049927257,0.46555762672181694,0.8572669572180925
0.4388800624455666,0.47658477412677064,0.8678118634330175
0.3993258295981588,0.5142480053193076,0.9347518374678581
0.3671200451312697,0.5381296656032271,0.9759224301639268
0.3685257307409747,0.5431840828771944,0.9851249690062375
0.3763671682969737,0.5592656475561154,1.004872414063473
0.38647714443352704,0.5634020095067604,1.002532629609012
0.5029805871053444,0.9474889665374878,1.4074168803027147
0.5587557019707382,1.0931328094824369,1.5597279769459629
0.4996546433127101,0.8785802680315714,1.3416281044712137
0.4390031985083161,0.5533107037156035,0.9901353545145859
0.3976319700041497,0.34013993353335853,0.7641723999092164
0.46953248596824176,0.5344833509324004,0.9630178772882352
0.5512493968527659,0.671863639861239,1.0939087000908099
0.4779839876993908,0.7439723176642089,1.202865780370215
0.5260623696660438,0.9791972084996861,1.4596197477244586
0.5161013041942115,0.9304977628124419,1.4033841196054537
0.40235940408166415,0.5643287840308037,1.0219295128602717
0.39888391921626587,0.5188473420473583,0.9712142246922926
0.43256324055455914,0.6925092526166985,1.162356176641358
0.479981729685922,0.7421358851004431,1.2040342522347567
0.5930187385352944,0.8014257893604184,1.2361735990600564
0.6424799680810735,0.9704968054503278,1.4132595146770341
0.6509855044798255,1.0219509321749327,1.4653171231534179
0.5724222223757117,0.9056983761006355,1.3264180622831911
0.7543333559524253,0.76652798724234,1.0176901143984551
0.9267235839101359,0.8088276674847716,0.973037336272329
0.9436577885088453,0.9985624165539979,1.1760721961954794
0.9310522554774128,1.095489259083013,1.2709905557566912
0.9727537607014776,1.0325623003927267,1.1901454959873237
0.9337195417649693,1.021071269864114,1.2087071726474783
0.9348045873172759,1.0440435556139196,1.2461899320657168
0.9524906498740775,0.9664161337071789,1.1910912756518264
0.8439752233949667,0.7674807657224958,1.0606503977709913
0.8224337542248388,0.6227803696559376,0.9919513542688456
0.7637320523165795,0.36689079210555237,0.7771571132354307
0.5940799136615428,0.2501649569224069,0.7128670287004665
0.46084999657710557,0.10358492447462822,0.5915121130219685
0.4139064962245168,-0.11647680161728483,0.3672163623541687
0.3606141826100302,-0.21068299506929156,0.1833451448177056
0.3143448612576067,-0.171662959451145,0.14124863466343976
0.31570008367853164,-0.17993523266846553,0.11197383773104284
0.32110125326129907,-0.1785536805220295,0.12351332030243686
0.35823803686343136,-0.15970862524969098,0.1372359883527585
0.4167801267935366,-0.10410096247256849,0.21721466937044065
0.3862539227376107,0.020405293303028885,0.461841409041957
0.38342345114267284,0.0659028925734282,0.6155768566327146
0.47148370497698666,0.18538175751981786,0.801805161039204
0.5853079187466008,0.35677012198062247,0.9885781064211007
0.670944045828175,0.5984398371823868,1.2642273848889658
0.7046005336352767,0.7008934033645399,1.366498685202818
0.753596437769022,0.7822196683830128,1.4476744916360653
0.8301115188184217,0.8869819735081023,1.5469277219957052
0.8101347186785144,0.9264820879483743,1.5787448583246853
0.7218781970193408,0.9439185829552882,1.6301239291210443
0.6902650886546826,0.9820451822040904,1.7067623098137412
0.7277951745055448,1.0463715696866234,1.7760508426594492
0.6424532972745899,0.8869372175101516,1.6095183694249562
0.626545130954111,0.7091232383871817,1.2837416766662542
0.6545186337181047,0.7380360490429994,1.1019744965369422
0.6441144225341674,0.6516643694568884,0.9951975228222407
0.519880248099419,0.318145624668994,0.8562714879199315
0.31187071273914574,0.07280043429204369,0.7818347620609783
0.37274311807580524,0.39577034944974254,1.1150963533731624
0.5521527571449454,0.7426577652613195,1.4384859182317957
0.4099764899776645,0.29331826408634654,0.9012607081521196
0.2663338102223763,0.06264170404528228,0.5513815387477323
0.34215170991154464,0.297867197026491,0.764479916409528
0.41854007929877485,0.4972650960829244,0.9676773089392405
0.5165270766366329,0.7890075790131305,1.2692928422372443
0.527030355021916,0.8386252731739698,1.3225189225781697
0.3812814097673405,0.44396572723849703,0.9186349296916911
0.34447009195547423,0.27811289598688715,0.7373681676981418
0.32659554646171635,0.17106847373730477,0.6210408641249846
0.2993249597359156,0.08745113057652,0.5343389656936421
0.30060394108506866,0.18714116447674478,0.64748569023813
0.40579046133548885,0.5096651148451059,0.9819072077066181
0.5317619803036581,0.9125883819755393,1.3975102601233182
0.4953439647405216,0.7922168829341236,1.2718093629251552
0.43602133734703824,0.5588282315121392,1.0284387947812208
0.41570169814718105,0.5661737042335049,1.0431674020895219
0.42386377576057843,0.5643374004365878,1.0346346265708295
0.4399171343933501,0.5707735630072638,1.0408247769096834
0.5473092018013511,0.559773287976625,0.9907852187691342
0.6939846861601141,0.521218558895785,0.8970614019614096
0.5384553808843769,0.584118638233931,1.0174010996649743
0.4863004214357817,0.589618811429875,1.039995573885154
0.4525172219665103,0.581800839179066,1.0416684357413744
0.4537013347201627,0.5680191395036002,1.0256003017858364
0.43981744746659956,0.5863917596299196,1.0508738153090627
0.4747847596895234,0.5804280322052626,1.0331328194973044
0.48943243271259,0.5818097775019713,1.0301204309938474
0.4633909838725671,0.6056915665527393,1.0615897763066824
0.5453835022807466,0.6038731324238075,1.0299609773015095
0.47108289103844025,0.6452004261656439,1.0964107789629867
0.44768108402515,0.6525458345035854,1.1159900099629045
0.43239151116188185,0.6658640373559374,1.1320609846438199
0.41909968028514494,0.6773458076445239,1.1493004311892772
0.42548558876806364,0.6961820533608056,1.1648698566038915
0.43658092353017297,0.7389088976839121,1.210061869967048
0.4531764950763956,0.7462633087281829,1.2132424725278224
0.46062463038366475,0.7168635411969098,1.1774240527896715
0.4215399482583765,0.692045820177009,1.1575083936751185
0.4110366698730934,0.6424281260161696,1.1042823133341932
0.4004835480244349,0.6006195301666581,1.0560807521929572
0.3959956946012969,0.5955650485092666,1.0517288370422637
0.3914580018353808,0.5983196721415175,1.0524014182199224
0.40763324639745446,0.6392101482842824,1.0939112797560036
0.41165092937306835,0.6856097933514959,1.1416169730816936
0.41944252346569205,0.7095004563417449,1.1663889373386187
0.4193926800023168,0.7173095546530726,1.1714134565383083
0.33821132157670847,0.6465300971943291,1.0462714344702586
0.34025890702661493,0.6368845663192356,1.042415387135111
0.20374323382288312,0.6717665620921914,1.1287749064099344
0.2558981775880975,0.6662663945657303,1.1061804435577893
0.26043587447461086,0.663511777911794,1.1055078395087932
0.24465393216126705,0.6681026339792233,1.1195638427680983
0.32598233724972664,0.6309116430379765,1.0556248908373476
0.30689665426689716,0.6166663177725484,1.0492608449904215
0.19070060485658027,0.6442027956523687,1.1208917103299663
0.23824580987256153,0.5991938326783701,1.0586256206926679
0.2934108801916962,0.5514303172158023,0.9908363028775244
0.3033989703989475,0.5211123655943584,0.9531768072258359
0.24421622192985462,0.5224762342452565,0.9732604282174325
0.33316449654391633,0.48253068928904125,0.903798245048212
0.3673680229973367,0.4568125964413561,0.8637961242166851
0.35607393410713095,0.46645793416617704,0.8822040426266837
0.3701793942167466,0.46692143098929084,0.8822012019013062
0.40055916608978187,0.47152141852989804,0.8701573293382338
0.4013727953226606,0.4834666856415983,0.8873939351583132
0.39991788597498507,0.5073571554815746,0.9267177704900891
0.3708441127849043,0.5234297818375905,0.9580132202948515
0.3691676305811762,0.5284841347281335,0.9720663828287792
0.375011326150644,0.5464021319708202,0.990645356021473
0.36598577584099257,0.5441022669673652,0.9869660449197751
0.4818023009421009,0.8216083629550482,1.2706695276233257
0.558163645593912,1.1000236593201698,1.5677620439237316
0.49043033887496223,0.9286525850760435,1.4015487251426715
0.413355051917023,0.6226738249765656,1.077170564622807
0.3544527367044532,0.35574906306626053,0.7954706904393563
0.4431974218062395,0.49726561115031814,0.9288723194063045
0.5153963936284139,0.6236186952686039,1.0540688736769985
0.48661623576031243,0.7007908504574698,1.1509792266765262
0.528602324566026,0.9782790244095153,1.457778671810921
0.5165714746417358,0.8891525994026199,1.3600303414304575
0.42628121020261855,0.5078290685818855,0.9539719374214579
0.4085285506381626,0.4352389599043922,0.8729643450455282
0.4110414808027257,0.5133381731229097,0.9650183929026838
0.43959104887767936,0.6966455501839194,1.164867015878514
0.5461154182793407,0.8317348096367821,1.2853811134506987
0.6522194606968532,1.000360134188139,1.4442244699981905
0.5645321766865496,0.9396974803599595,1.3986988692457767
0.4961557389177836,0.7407547906162911,1.1585403809507064
0.46232440828774557,0.5059770197704715,0.8084645667031214
0.7445476061553287,0.573112271707192,0.7654820949608941
0.9117504450968031,0.9544536981673344,1.1435938187190138
0.893202149294557,1.0702165288789343,1.2734840984613078
0.8478036011522767,1.0688259740261687,1.2783432443290579
0.9385508539734619,1.079416182043028,1.2736494717932478
0.9667894186535172,1.0224615671831825,1.2232505215461964
0.8540016464236438,0.9241261643887431,1.165988564731022
0.7571189418872257,0.8979257967041944,1.2169940258025638
0.7862270403266147,0.7582890137682056,1.1265470216287337
0.7650320006190922,0.4743817812902038,0.8486689009598355
0.6343246503617179,0.14772110166424984,0.5408402393396838
0.5208721521620692,-0.00712267467340284,0.40776624059885913
0.43626703596519867,-0.06778526411815815,0.35739001615482846
0.4540664407857947,-0.10868320213421362,0.21586377982169364
0.3768811938595604,-0.16199974508051357,0.13656054357838499
0.3103986000973126,-0.1969349842744215,0.09038531381875657
0.3415421586650535,-0.17258062847392192,0.10060256921696617
0.39822935208967153,-0.07288128697143154,0.17309752921514662
0.37177426117458146,-0.08114597391775547,0.23413782505917974
0.33028067346952533,-0.05173057879137714,0.41663209914626126
0.376522974207127,-0.011733210122521017,0.5526237101998832
0.4805578592992039,0.13760094660671363,0.7134562429924179
0.5427927842896573,0.40775181355920836,1.0521865603703888
0.5861401755032081,0.5901494297855587,1.2774510922180904
0.7280521841119423,0.6857388967152706,1.3418949350032103
0.7807223124359467,0.7601743762794347,1.4101860507670716
0.7512288319871218,0.8309188565365604,1.523312614521538
0.71019142560581,0.9292183772725305,1.6364678377100537
0.6846429659412674,0.982963301910837,1.7134540094188957
0.6828175730728182,1.0325807385379795,1.786082584526289
0.7178070842982934,1.0766895213080672,1.8137103383111375
0.6777640682828683,0.9342639206070167,1.6523677576082743
0.6411232404128698,0.7527847270109366,1.4143924776634684
0.6163846916287777,0.6916601859452488,1.2476041253460077
0.5410315243304789,0.5230436709499489,1.086914011434223
0.3887742777060254,0.3521340018256737,1.0759177541154095
0.28474546519924326,0.11598153789315087,0.8628250814364737
0.3855431992278712,0.3966970211788489,1.1393437903804922
0.5062894840134133,0.6746582551175586,1.3909368238816393
0.32791132868077616,0.23173749055142057,0.849043407794551
0.28721848106364056,0.12742277879487202,0.6225139882323556
0.372554300512536,0.37367548356445873,0.8413066484174591
0.4171842371524451,0.48440158049762927,0.9534502508972402
0.5011156178440627,0.7678714682933936,1.2500441057209322
0.5084868849525375,0.8252981963821366,1.3131453289531638
0.4050765190293606,0.4821016511107498,0.9546215634871597
0.3466395633346827,0.30292167868388253,0.7688318315602215
0.3050917945082067,0.1921956461341363,0.6518376053888235
0.2809532190592144,0.10076926904544788,0.5552605640661745
0.29357613276194844,0.18300486690952397,0.6449748510009738
0.3831794648271212,0.4577474912973871,0.9298524399556121
0.5121112656794216,0.8262165092391557,1.3052851574834674
0.48873648340155035,0.7545445202684088,1.2309692647126924
0.43170521331657746,0.5804189651155088,1.054382071628065
0.4221374500934751,0.5772008516384588,1.0537123083044468
0.42327171938375224,0.5712282502743207,1.0426686935485985
0.4698045368163096,0.5666462037629482,1.0267659329250005
0.5568769650244535,0.5629914014536751,0.9914549820927523
0.6787449567602212,0.5267276634368091,0.9081078574426354
0.5460752455843234,0.5813640859634188,1.0118778719243615
0.43804127833612094,0.6070643091431185,1.0749760162423692
0.43981744746659956,0.5863917596299196,1.0508738153090627
0.4339737518971318,0.5684737623872329,1.0322948421163687
0.4378695489434436,0.5804190938823574,1.0446808242448313
0.4499772670665282,0.5827190232692367,1.043509511654912
0.49002448908941626,0.5749189276642385,1.0220863640160784
0.45577111917262064,0.6084461188232514,1.0671130040472954
0.459025016378731,0.6350913984674366,1.0925575723532164
0.42282374793877947,0.6626459238788873,1.1313912213202018
0.4197415801253464,0.6626458594954632,1.1362418450118186
0.41715178176198897,0.6713731418969616,1.1431074401250458
0.43764315035452345,0.6906728844363571,1.1586740248142826
0.45182065293006585,0.7333997931428878,1.199015414485822
0.4636797734616787,0.7958810028890224,1.2664685528687476
0.47832744648474546,0.7972627481857311,1.2634561643652908
0.46977206662261817,0.753617719772454,1.2164230750885967
0.44770328302770146,0.7026183446983301,1.1613587595595114
0.41611657967305765,0.6405917578358282,1.100600161507118
0.3965877509781231,0.5886741986715337,1.0436947700644947
0.3901519990318291,0.5776470512665799,1.0331498638495697
0.3945900131121892,0.5905106382136137,1.0425262753286157
0.4070411900206283,0.6461009981220154,1.1019453467337725
0.41224298574989454,0.6787189435137628,1.1335829061039249
0.4110588729962421,0.6925006431892288,1.1496510400594624
0.4270125447022632,0.7145550023825604,1.1658902287976955
0.27767273096128586,0.6350304502599321,1.0521279974198552
0.3082020184212116,0.616203097476729,1.0250105201935047
0.23518522133627515,0.6281304896870749,1.0653431390064942
0.22329907365641538,0.6446666781218569,1.0917851261431906
0.2926915072305309,0.6318210175720904,1.059312724115178
0.3398163810399145,0.6203481212229849,1.0353758965138113
0.36780573805440475,0.6024389944308668,1.0100995352694941
0.31505873188029454,0.6148300139756312,1.0407280694717291
0.2891667986271621,0.6152844627025886,1.0571238101212859
0.2782930367211053,0.5913937353289154,1.0372024695559778
0.28206694783811515,0.568884753251951,1.0142687404872128
0.35242190891942304,0.5234212298152304,0.9404574828926765
0.309070936575738,0.5123851475762841,0.9414605884209918
0.33511239506707224,0.4885033550366034,0.9099912361124434
0.38963556072034977,0.4554397894675527,0.8552605079726152
0.35099402430716664,0.4682943023465184,0.885886194453759
0.37326156203017974,0.46692149537271505,0.8773505782096892
0.39607131266664375,0.46646693687250645,0.8658054141875401
0.37905541413627225,0.4926485909267295,0.9009540706020726
0.38781016785190053,0.5050572260946952,0.9278890830800085
0.3658140464483153,0.517457051706604,0.9566708529222372
0.3607839801117263,0.5114843215756174,0.955328485549623
0.3551120139349358,0.5202115395936918,0.9670447043544671
0.3525222155715783,0.5289388219951905,0.9739102994676944
0.4432646574631312,0.6686189829053092,1.1084804473633938
0.5706916907011454,1.0687875236085551,1.5282614723585055
0.49331375256029897,0.9810248315073951,1.4602980332242097
0.4283461837254442,0.6773460007947966,1.134748560114426
0.3419246915972197,0.3869851987778751,0.8349712620045825
0.4030283138540494,0.4706113931832276,0.9149757558479102
0.46129355495928537,0.6231461957391606,1.0704703428415199
0.4960122695907375,0.6773637486737588,1.1213537980026065
0.5189126754136215,0.9406065973603764,1.4217891972900751
0.49363983807596973,0.8551528443307395,1.3362557942553792
0.41676329044289145,0.4968018567935076,0.9482776548981499
0.3799021291676499,0.33875812385322557,0.7720354121042902
0.3288094158460277,0.2960222768237897,0.7432420271802775
0.43929743355570006,0.6355460213510693,1.0992521126837485
0.5025657014588706,0.8730709059568503,1.3499841437564561
0.6063783865678726,0.9824331342391228,1.4420441252446405
0.5393632322831112,0.6883998344016178,1.1203506994700048
0.37067658939968995,0.34655887027078053,0.7449522999556164
0.3275441009363451,0.24867995747927604,0.5537167964140813
0.5194589708841498,0.493122886214226,0.7487351240808485
0.8536527421800169,0.9787898525680382,1.2011601991288487
0.8982328353565507,1.0973250478125365,1.3183283208083194
0.8025275586647032,1.123025521548108,1.3620239563684322
0.8077569988547934,1.097761858433783,1.343268246942288
0.8122496780107991,0.9737264325877412,1.208356288725682
0.7496191039403671,0.8717272961389484,1.127331399817213
0.7556627930887407,0.8795446889389391,1.1693141511855456
0.7246249875566296,0.7527538094544464,1.0967876969109642
0.686015921337138,0.5786368063239065,0.9377562412285121
0.6163173280221133,0.22213060324421313,0.5807172613551045
0.5740105917573837,-0.03743972492690768,0.30219801326453277
0.5272063580053985,-0.04388469705364051,0.2978546202899719
0.4945063490328168,-0.09213774298417671,0.20650465376990196
0.4382334155582662,-0.1385548253606879,0.14794059233189422
0.35823741713802665,-0.18084441405230672,0.0937341333783614
0.3764097839612268,-0.1629261592759231,0.09291061180458723
0.45728477287199887,-0.0007453391461445697,0.21345622718527768
0.3797585479124333,-0.022809151729775434,0.2475700327275076
0.3461629224350244,-0.05080384267884649,0.43602891246197406
0.38594120704010354,0.014912198288512783,0.5683670311225701
0.43998938391460685,0.1522837263276304,0.6962539780571431
0.5172707296351291,0.3613435520862107,0.9917757533341406
0.5512220870182548,0.567168270096272,1.2466657138557617
0.6644806494210571,0.6452942982835057,1.304075747470337
0.7070414213339131,0.7367292046996406,1.4182085026630566
0.6632929503853465,0.8304374830676362,1.546411464741969
0.653576276497523,0.8717824533271853,1.6043171139918164
0.6751028471789888,0.9218635799277142,1.6623909772989813
0.6807477886203602,0.9921537592183282,1.7445698822648303
0.7067117495361841,1.0339626769849606,1.7685183249479814
0.711298670160668,1.0022631732170808,1.7193193467248986
0.665533844505077,0.8763738888454328,1.5747175040265688
0.582387843663345,0.6415951332546523,1.3022517159090652
0.40785934096345017,0.3452435382884862,1.0387799449879387
0.3593576654559948,0.33605198646278306,1.0901246748994928
0.31389190058065547,0.16330811222316763,0.9153757170030256
0.4076618262861632,0.43988729794164483,1.189383586709888
0.43924309898577,0.6098680488947908,1.3459042502193936
0.28101285346031274,0.13295659634652615,0.7589870348264665
0.29814208643307266,0.1435044078572173,0.6374108095979741
0.3783979960820038,0.39159348080714546,0.8598856216101528
0.4251475606377461,0.5349374587486393,1.0085174071517033
0.5077230991830339,0.8055438309591085,1.2908842039333948
0.4960357080440984,0.769707836473735,1.2537262575480073
0.41676391016829617,0.5179376455961233,0.9917795098725471
0.3616306951431039,0.35759385450211345,0.8264098270518406
0.3219089389104819,0.21838617412784045,0.6802888807474462
0.2938247229518024,0.12282356385535541,0.5763503764960243
0.30568385088503297,0.18530479629640337,0.6438035384110546
0.3713203442955083,0.39526628155125254,0.8623993015726864
0.4854327427320647,0.7357083389355513,1.210549215606461
0.48466895696256124,0.7159539735125232,1.188288090586692
0.4406809201628536,0.590527928430292,1.0630859019294525
0.4387330216396977,0.5845552626827297,1.0568929108652212
0.43424516821655956,0.5795007810253381,1.0525409957145273
0.4520248525164346,0.5730734923941432,1.039653464319764
0.5549290665012975,0.5570187357061128,0.9852619910285212
0.565631099014677,0.554264247819025,0.9748881395962913
0.4634408273359424,0.5978824682414113,1.0565652571069928
0.43863333471294713,0.6001734593053855,1.0669419492646002
0.43981744746659956,0.5863917596299196,1.0508738153090627
0.43981744746659956,0.5863917596299196,1.0508738153090627
0.4448973572665639,0.5845553914495781,1.0471916634819873
0.46657283861275073,0.5900734343135077,1.0466901142156861
0.48943243271259,0.5818097775019713,1.0301204309938474
0.4303715701727992,0.6176279597249584,1.0855237631826717
0.4304934561021012,0.6520822732970474,1.1208434743798992
0.4318492982484309,0.6649457888823425,1.1350705324218993
0.4318492982484309,0.6649457888823425,1.1350705324218993
0.45098482469463563,0.6713820158364427,1.136410059069136
0.45500250767024947,0.7177816609036561,1.1841157523948262
0.4674038411153133,0.7811811191233857,1.2485593429996722
0.4894227812468548,0.8399895925088374,1.308648177728447
0.5085583076930595,0.8464258194629377,1.309987704375684
0.48281529990788347,0.8023172298431226,1.2678080795159845
0.46701053886658345,0.7356997869131915,1.192993478204286
0.42255233161935163,0.6516189052407819,1.1111450677220427
0.398535649501279,0.594646864419096,1.049887761128726
0.38820410050867316,0.5716743855190176,1.0269568727853386
0.39518206948901535,0.5836197883758808,1.034492208350847
0.40958114492061043,0.6451828140318446,1.1001042708202349
0.41673083917303266,0.6837734251711544,1.1379348212546183
0.41673083917303266,0.6837734251711544,1.1379348212546183
0.4205767927559692,0.7035278549776067,1.1553453225827706
0.28198884018851134,0.6134396712667358,1.0261846735088014
0.340457646351476,0.5845123388814816,0.9788154082977463
0.32526776041495836,0.5822123451111779,0.9848373445792825
0.2580946588994898,0.6120577345642106,1.0437489365849661
0.2995475713577385,0.6093120544887233,1.0315283242905866
0.3937474999676771,0.5941754020027546,0.9886792283560384
0.30857312166739,0.6116119194921784,1.0352076353922843
0.3269947058074665,0.5904846827119228,1.0092615178200623
0.4337226647214032,0.5441118491245126,0.9269118032560785
0.3587579739389665,0.55006657384284,0.9610514275069801
0.3715075919022525,0.5376665550806585,0.9468215287396026
0.3701517497559228,0.5248030394953634,0.9325944706976024
0.3826797948631563,0.49356690378374873,0.8930938991323761
0.3726196621899782,0.4816214435217758,0.8904091643871478
0.4169830082433271,0.45223061431340794,0.8430427399014699
0.38401343800693455,0.45635790917429925,0.8619522075777697
0.3574796197168359,0.4715123514401444,0.8914065814689944
0.4000169531763309,0.47060317005630314,0.8731668771163129
0.38808096444592366,0.4949484559301848,0.9046333817037703
0.3768865624824685,0.48897559703234983,0.9129922617143899
0.3694882706385746,0.5105662662522952,0.9437861622528514
0.3658140464483153,0.517457051706604,0.9566708529222372
0.3595998673580738,0.5252660212510835,0.9713966195051608
0.36835400134829743,0.5165388676164333,0.9548297770086995
0.3966868074968309,0.5519201748347498,0.9901438067551719
0.5631486941999934,0.9847155802590511,1.4348650571287356
0.5335327039758644,0.9998699511631577,1.4691700775829144
0.4636569547337226,0.7246727038916618,1.1775979482977441
0.3477683871666875,0.4049031960205619,0.8535502351972762
0.3505299149227222,0.4228211288798245,0.876979832081587
0.4090167288840107,0.5941920483851905,1.0577450918730447
0.42849571411557,0.6539187058608129,1.1196750025153575
0.5369409573049683,0.8739980283699263,1.3402772149224669
0.526288768254964,0.8689434179456864,1.3456265471550073
0.40576283167790034,0.5675467687410053,1.0323005235671239
0.3755860051371891,0.3603488574565951,0.7979786889511347
0.26504394535829623,0.1788599302416055,0.629758874521155
0.43722764910324213,0.5951190420314182,1.0577394104222895
0.5148949924380076,0.8942069522931628,1.3740835039643853
0.4975854785856569,0.859289077514536,1.3436172571841523
0.4617457369111083,0.38150277346089323,0.7989820256725833
0.3291834823678392,0.09893380921135994,0.48366965768512415
0.29295209056544497,0.09982678791842037,0.39888915555081744
0.4208210374663725,0.4953960076102147,0.7822078397249365
0.720834120339398,1.0779893588312472,1.3635056261840406
0.8230195469826425,1.1634610528901188,1.4210923960320663
0.8044754571878592,1.1289981872956703,1.3682169474326633
0.7762201389635248,1.0279261732599532,1.2774851296902054
0.7603931789196733,0.9112362201352773,1.1573017787819
0.6946299738470283,0.7959103288117721,1.0426501777903407
0.7010933702541462,0.7490558677106535,1.002801815208969
0.6606318864307862,0.7035736985159442,1.0102940584046038
0.5840453826408644,0.5776837703100537,0.9141984526224437
0.5185362058147279,0.2942224345366493,0.6351603352009271
0.45304923539276076,0.06083363165290313,0.4014909909081217
0.48342838754039125,0.04429783039089472,0.345945263370652
0.4790624200465552,0.07369766230559213,0.376913059417186
0.4528540675467226,-0.05815567140783414,0.238823339365183
0.4191693118525835,-0.123863429233987,0.14344344110717752
0.4998773915523327,-0.11741774888958768,0.0944299734739515
0.6233119110747468,0.09392639437736598,0.24210462821554096
0.4458639723196235,0.1035355925100204,0.33580830776534887
0.38203810535930516,0.04751361908635842,0.5212375024638193
0.3905226822063151,0.09116681322145012,0.6149300712923905
0.4617584870038672,0.22900190246710572,0.7379635538099688
0.4836580201077255,0.3378992174909315,0.9367400972391046
0.5658192968525415,0.5552233249016929,1.2051759895775973
0.6457882686869576,0.6765303052282718,1.3532775664187973
0.6240641833282048,0.7210929382809017,1.445807344833582
0.6211759439100005,0.7978105993529833,1.5263219101193437
0.6602114022973181,0.8515732074868276,1.5947639434079832
0.6418895050839922,0.8570822476444275,1.610661022580826
0.6676325128691682,0.9011908372642428,1.6528406474405257
0.6923126741045891,0.972399651328997,1.7029062624785936
0.710435197464414,0.9981270044167083,1.7071072601045088
0.6809453032976471,0.8975099995651695,1.593966240542881
0.5390381204217807,0.6728306251320246,1.390258524390461
0.35805104704763563,0.29424358376354426,1.027371242683406
0.37373392215963364,0.3264067131213866,1.066866132797877
0.32358154973305986,0.20098053927230677,0.9513651915238713
0.4060075578882219,0.4950142064167595,1.2488055459046317
0.4001355981325256,0.5138420288775297,1.237117986533837
0.25763744405541916,0.04014879587825011,0.6411692635491895
0.30733874640999664,0.15131369931881783,0.6278834577228127
0.3786195689380564,0.41042959775657867,0.8851562944080015
0.43256868601283155,0.5845551339158812,1.066594158248455
0.5233561308316567,0.8455160586282784,1.3354036132475555
0.4842264309758608,0.6994175284162725,1.1812485999653923
0.42189366343163576,0.508292179104454,0.9830728388457823
0.3706562454527554,0.3598937195055687,0.8300891381535384
0.330884645756758,0.22849513744262354,0.6889927110488335
0.28933686952866433,0.11776908219796389,0.5719984613453306
0.3088158621618413,0.17749576236849973,0.633928395519748
0.36081706591022517,0.3456485873904132,0.8091732212317612
0.4819572726699018,0.6902269423419328,1.1598339745026915
0.48661685548571715,0.7219266392600855,1.1944810816509233
0.4420367623091833,0.6033914440155871,1.0773129599714524
0.43754890888604525,0.5983369623581956,1.072961044820759
0.443812931439662,0.5827188945023882,1.0532107590381459
0.47937230003941206,0.5698643172399984,1.0274356962486189
0.5955683449010118,0.5423277902633815,0.955804776411919
0.5249918206149627,0.5689551932617564,1.0043453542128935
0.4564130190128221,0.5937461706741904,1.0540544178698368
0.4437132445129114,0.5983370911250441,1.063259797437525
0.45700507538964835,0.5868553208364576,1.0460203508920678
0.4640328837127686,0.5909916184036784,1.0485311901292238
0.455820962635996,0.6006370205119235,1.0620884848476058
0.4673366243822542,0.6098277997365358,1.0689512392354552
0.4413450190056066,0.6259004904759758,1.0953960653486006
0.43875522064224914,0.6346277728774744,1.1022616604618278
0.44708902764832376,0.6594366843413182,1.1240240769406735
0.4478528134178273,0.6791910497643464,1.1462852019604426
0.43769299381789867,0.6828637861250292,1.153649505614593
0.47850400161029033,0.694818055943059,1.154487482995529
0.47176980860914935,0.7517812872086883,1.2175915469531384
0.4893008953175527,0.8055352789367485,1.27332846653122
0.5124541047393714,0.858371150958062,1.3223736865041464
0.513809946885701,0.8712346665433574,1.3366007445461467
0.49255479252366313,0.8321805585809338,1.298773034837141
0.4652343697361048,0.7563723364263903,1.2170956791375926
0.42390817376568135,0.6644824208260772,1.125372125764043
0.40497140144757304,0.6056740118240497,1.0604326673436508
0.3971798073549493,0.5817833488338007,1.0356607030867258
0.3971798073549493,0.5817833488338007,1.0356607030867258
0.4107652576742628,0.6314011143563788,1.0840361368646971
0.42375864749615283,0.6879097227383753,1.1404456604917743
0.42570654601930874,0.6938823884859374,1.1466386515560056
0.41786510846330976,0.6778008238070163,1.1268912064987702
0.21205420850418022,0.625367128732734,1.0616666703791027
0.32208590567477474,0.5978304773504095,0.9997370066702784
0.3488911499356125,0.5937030502337571,0.9905287793814993
0.2873900097712787,0.6148212234131717,1.0377241560801955
0.290743608707375,0.6258483518245281,1.0531197330509467
0.3747837029141497,0.6143843903094154,1.0176348937063395
0.37342786076782,0.6015208747241203,1.0034078356643394
0.33910242393055096,0.5927846120988021,1.0080902052301433
0.3561681755756091,0.5587938562443386,0.9679170226202076
0.41658488026172963,0.5358391896066467,0.9267407484733834
0.34275445876957017,0.5358213129608361,0.949836757968437
0.35414823458652644,0.5105577786133595,0.9213798011590592
0.3991036370167016,0.47427609956725864,0.8659793096956127
0.40682318864339856,0.45590335067409077,0.8504070435556205
0.38650354944354137,0.4632488233954564,0.8651356508639216
0.37893352820697024,0.45819427735464063,0.865634359404845
0.3645074280399561,0.47564864900736514,0.8939174207061504
0.3892650771995761,0.48116675625471894,0.8885652477482324
0.38808096444592366,0.4949484559301848,0.9046333817037703
0.3813245724422313,0.5018391770010694,0.9223686960647731
0.37592402258486857,0.5215934136572491,0.9543310684677762
0.37927760671772953,0.5326204966787786,0.969726598374318
0.3703517433348287,0.5147024350526676,0.9559982488732413
0.3677619449714712,0.5234297174541663,0.9628638439864685
0.38559147273472155,0.5091933305116434,0.9449517933920154
0.5197028703137366,0.8602077836504147,1.3066533206934166
0.5360726588758465,0.9989517670729869,1.4673290016693767
0.4751726164799809,0.7338634831162743,1.1844607026855936
0.3585202631434423,0.3943396098221461,0.8381518645653567
0.32283900861439024,0.37273987351244703,0.8286072161576561
0.37683795434930534,0.5390562659705948,1.005020513734211
0.38805518984395204,0.6162374692556172,1.0855322853588045
0.47877059219685053,0.8349349820845974,1.3139975099609877
0.5340803623475877,0.8928340809359353,1.3703985114119321
0.4503477505873018,0.5569920564820705,1.0102047718792946
0.39294536245291517,0.3874576339238943,0.8234204165316781
0.31221384429980514,0.2886678657795187,0.7400614246195032
0.4337251543056601,0.628655042746488,1.1009192930892135
0.4923338393930153,0.8344802304341163,1.3170042170136895
0.44050436503730866,0.692972620672964,1.1720545832992142
0.33295381048381123,0.247786327959659,0.6870035583358952
0.3337710227177278,0.08837009424609572,0.47797253443643867
0.3694671790164625,0.20458911573842303,0.49814240944256216
0.472085480180672,0.5647770699004117,0.8412964166464872
0.6355108365263138,1.1399890089360099,1.4686094998536754
0.6991094152552406,1.1014162030812613,1.4125335496244282
0.7443848380174094,1.0260808667567063,1.2853509826106568
0.7614499602857514,0.9709543255885399,1.2016759520220375
0.7401005644552353,0.8395642955479546,1.0781352623195082
0.6666682709446733,0.7559378436089053,1.017533263242648
0.6755941343275742,0.7738559052350161,1.0312616127437246
0.6531326682093324,0.6985109867533138,0.96413328739365
0.5766956948095363,0.5491937636134396,0.8529641240124212
0.5153537313491396,0.28870477797326516,0.606558142317526
0.44537408917278437,0.17935142363047388,0.5078007797734319
0.4531422374104295,0.11089797612583327,0.40020026095285127
0.4569389746570132,0.15959731574114264,0.46613715998719474
0.4430827244626562,0.12008830466647606,0.44101738118201983
0.431421738333735,-0.015900875930201466,0.26646245605154184
0.5129428275409582,-0.018645717276717634,0.19118373926399823
0.5759876708134797,0.1366357066666963,0.2861395561477708
0.4431751067549202,0.14901686033679046,0.3962247962523523
0.42018183426575795,0.13388590081820065,0.5843588864860727
0.4108645278103414,0.13389387338974262,0.6455702371128007
0.4717964206744938,0.19087485253433395,0.6952795389585907
0.5094004081674968,0.3608720183081308,0.9354178671244071
0.5643637677794613,0.5579780059390536,1.2009979699349764
0.6310691729233688,0.6540209368507619,1.3594475794997343
0.6022397913172969,0.7601379791535715,1.5048843066733486
0.6027321607673725,0.7688653259384944,1.5068992780949588
0.6363166061085476,0.8290554802372304,1.5688263480118938
0.6431456603035713,0.8855639598523786,1.6349371190222053
0.6764586893253186,0.9347270955130094,1.6766180353409814
0.7138884685240254,0.993535890815582,1.7124537516116716
0.7147014780314994,0.9843453691246669,1.6861885024573537
0.6044530409762034,0.8639559934374406,1.5835836147542446
0.4407754962576446,0.5202868722374141,1.251162626891632
0.401325141541215,0.3921061651114196,1.125287787121187
0.3965664915240538,0.3971604536185385,1.1441915733467316
0.34177673528421615,0.29010709304605087,1.039412274521101
0.4105674537772867,0.5423320999575679,1.2935016914522426
0.3696104870735921,0.38244359457503047,1.0814696412900717
0.2501160268314139,-0.014986426079124971,0.5496397429416291
0.30664701050803755,0.17382276847411998,0.6459665866320654
0.3760796140380742,0.41134778184674936,0.8869973703215391
0.431804900243328,0.5648007684928531,1.0443330332286862
0.5321601082852556,0.8289798066823004,1.3138122515514048
0.47821100601371574,0.6548543159128247,1.1323744347751605
0.4302773139010857,0.52529199225697,0.9998107361249384
0.3667604484064435,0.34794838801044414,0.8177031560250757
0.3252126795799675,0.2372223554606979,0.7007089298536776
0.29269045366152524,0.12879616521949347,0.5873939912518725
0.3320189150470352,0.2225225360784855,0.6779490962929853
0.3807163781259334,0.37183917976754155,0.8327738728987668
0.47865353200041616,0.6713907610090754,1.1394139253964601
0.4782332050162672,0.7049268261075694,1.1777431843717672
0.44144470593235713,0.6102822938533201,1.0853470269492214
0.4406809201628536,0.590527928430292,1.0630859019294525
0.4520248525164346,0.5730734923941432,1.039653464319764
0.4698045368163096,0.5666462037629482,1.0267659329250005
0.5408734498550571,0.5487461405716713,0.9802403125542091
0.5122920268124294,0.573546120690435,1.0135507477720087
0.46792868075908045,0.602936949898803,1.0609171722576864
0.45717680478232564,0.6135005360972187,1.0763155428896058
0.48062845525899117,0.5983460294479493,1.0517117926899984
0.46284877095911614,0.6047733180791444,1.0645993240847618
0.44501924319586583,0.6190097050216671,1.0825113746792145
0.4432929175287625,0.6318731562235381,1.101589056412832
0.44270086115193624,0.638764006061271,1.1096231233906009
0.46491855541157406,0.6452002973987955,1.1061120263462205
0.46173670067139044,0.660818429638027,1.1210116884372163
0.46952829476401414,0.684709092628276,1.1457836526941414
0.4677521256335355,0.7053816421414748,1.1698858536274483
0.47613577610298546,0.7223814552939909,1.1866237509066044
0.4877733237785457,0.7660265480906921,1.2288062164916815
0.5121106459540168,0.8050807204365401,1.2617833025090706
0.5155861160161798,0.8505621170301586,1.31249854361284
0.507374194939407,0.8602075191384035,1.3260558383312218
0.4931468489004893,0.8252897087432007,1.290738967859372
0.4677743246360869,0.7554541523362196,1.215254603224055
0.4334759369887837,0.6677005343031273,1.1260418890876611
0.41648706319383133,0.614864791048662,1.0672954217315005
0.4125912661475195,0.6029194595535375,1.0549094396030378
0.4125912661475195,0.6029194595535375,1.0549094396030378
0.4189771787510355,0.6217557122481336,1.0704788421463152
0.43061472642659576,0.665400805044835,1.1126613077313923
0.42299486172664935,0.6681553573153471,1.1181845354720052
0.4042298188012183,0.6359921635740807,1.0835402690491513
0.31673457955538264,0.5886398268926455,0.9831730048991949
0.2649729516357195,0.6396213724552419,1.0613333804854002
0.2620625132149637,0.6662665233325789,1.0964791961745552
0.30275163990370896,0.6437664778340633,1.0619974588604066
0.24260634671136053,0.6777481648543168,1.1234198901032462
0.3385824248228868,0.6419389192097787,1.0564685496690385
0.33219651633996805,0.623102673493497,1.040899124254424
0.3257607643936741,0.6120755260885432,1.0303542180394991
0.25138811035917263,0.6111393573237672,1.0564597317462794
0.36714162440841647,0.5670663869953559,0.9777893247861366
0.41658488026172963,0.5358391896066467,0.9267407484733834
0.34475220075610136,0.5339848803970705,0.9510052298329787
0.3293407419635312,0.5128487696773336,0.9317564933166665
0.36672612315713515,0.4715125445904171,0.8768547103941434
0.3921256721569566,0.46233070368871,0.8584439512587669
0.420878805289639,0.4641759458085324,0.8554287220299326
0.40255690807631306,0.46968498596613245,0.8713258012027753
0.4210505346823163,0.49082116106929347,0.8857239140274706
0.4085723330384581,0.5142481984695803,0.9201999663930069
0.40376383955792167,0.527111585288027,0.9441282718182413
0.3862057281140992,0.5523749908686552,0.9822864760108532
0.38825331356400566,0.5427294599935616,0.9784304286757054
0.39256943759446644,0.5211387263901921,0.952487151828861
0.3665778322178188,0.5372114171296322,0.9789319779420061
0.37543165313479293,0.5128660668723262,0.9523160970461659
0.4852327532737562,0.7458089503565616,1.1871454145594849
0.5339530309600133,0.9663338860646637,1.4308408186076076
0.4617588996739419,0.7108909398327717,1.1663804380338232
0.35526636593733196,0.3676943301779608,0.8127072962594357
0.3086116625754725,0.3378220631172443,0.7932903456858061
0.36450866337016824,0.5179202196342824,0.9809211535262818
0.3839876634049629,0.5776469224997316,1.0428511112328038
0.44151192266541617,0.7816356132401701,1.2649551307134386
0.5010111051844445,0.9125795724194824,1.399357017487611
0.43688417551465225,0.5418285661200691,0.9971489793630042
0.43160971759405453,0.44581142004228896,0.8816653346215378
0.35938373583969635,0.39847577862251854,0.8503639511857468
0.39666522409908683,0.5229834464643065,0.9882769350042997
0.48185758574315124,0.7058451389645886,1.1698830129020708
0.44763605149140706,0.5312649799216533,0.9817506087310849
0.31251228535465203,0.2206774871089357,0.6664124544469688
0.2937238006948397,0.09617018985109406,0.49939568207527196
0.3640936464929012,0.14532593239100103,0.4362096345427673
0.570940156222247,0.7104300253249413,0.9723583082231839
0.6465335090970916,1.1193166525730838,1.4299554278455175
0.6364019536833916,1.0862435692303096,1.430428317677769
0.611426937675182,0.9116636487274739,1.2277440894961416
0.6761087027802013,0.8326557622146838,1.0786453337619417
0.6823000631424866,0.7536384936728439,0.9750489626080142
0.6959858159933581,0.8087738443970673,1.0568772358323408
0.6716983372812623,0.7619105737398917,1.018875630615262
0.6497784643510667,0.6663481149291685,0.9052359025127109
0.5600994887346736,0.5207035183767262,0.8062816194130403
0.5571224533062634,0.3971311386698289,0.7053211863123754
0.5047501463117012,0.23356949163246585,0.5198792454015826
0.4485048535971656,0.1292707894024254,0.41092190340122636
0.4839657821225922,0.17430600906283608,0.48219961249197746
0.46791242348982054,0.16786984649216008,0.47600946215312373
0.42789159907532914,0.075516733290941,0.3600356075147619
0.461352299310988,0.03784520760974097,0.2561374013112782
0.5006464313265923,0.25513572807039153,0.40584408359279567
0.47345581882822724,0.1903708559975826,0.4377318405951607
0.4507555345340219,0.21520361381431377,0.6479789555171448
0.43759227449566873,0.1954571565794033,0.6917798048157208
0.4499006059230638,0.2087922703262027,0.7575141253758374
0.5163561740246904,0.32274490399193484,0.897584475964646
0.5614797343687199,0.4844699707050863,1.098746806879041
0.5860189092993109,0.5768309050160856,1.28563323599526
0.5911444565551874,0.717411134830465,1.4596922933101921
0.6234451022159595,0.8070011854273228,1.547736535582044
0.6421603016780153,0.846973477479917,1.5874053212045875
0.6823522283581616,0.9448359944443685,1.6901724893339858
0.6963081580776516,0.9687267862014657,1.7052432062076768
0.6987976497888536,0.9544819116200071,1.6649247945194317
0.6444954372662239,0.9852458053358752,1.7014243404827112
0.5303289848594421,0.8028385949366051,1.5410647350459596
0.3414326567734569,0.21568087372191294,0.935320035551628
0.36594232806700994,0.3025160501311376,1.0420941685409522
0.4047513878654074,0.46653244881898176,1.224529402399043
0.37316468451076357,0.4045058619564799,1.1637708043466497
0.4022330270458073,0.4963873996911082,1.2282374199989996
0.3089043730729552,0.19407303607382342,0.8742652839004332
0.23270620262609895,-0.05542190438516861,0.4857206678203258
0.3220584693006077,0.1949588791938568,0.6652153231483776
0.39326724196112306,0.41181134305328737,0.8821439059045444
0.4367130658473797,0.5363191396619237,1.0103556423398634
0.5236047284231283,0.7853347782690233,1.2667791622747107
0.4740936361113513,0.6240728674682671,1.0947177798488494
0.43920319208722186,0.5432100992729078,1.0135391326902248
0.3634068642735826,0.3369213049889146,0.8023076261185338
0.33418838642624366,0.24733131877548095,0.7094127601550648
0.3170776267019892,0.16004126194892673,0.6153465816016767
0.35522196793222904,0.2675493097884713,0.7219697970662224
0.4161988785268891,0.4458110981251679,0.9059184530796228
0.4788751048564687,0.6902268779585086,1.1646845981943086
0.4634636460638985,0.6690907672387717,1.1454358616779963
0.44322087506283575,0.5896097443401213,1.0612448260159149
0.44948489761645244,0.5739916764843138,1.0414945402333016
0.4774244015162561,0.5638916514924361,1.0212427051843875
0.47039659319313587,0.5597553539252154,1.0187318659472318
0.47991451295286297,0.5707825657135933,1.0244261484705395
0.4634906707993176,0.5900733699300834,1.0515407379073032
0.4667944114688033,0.6089095512629408,1.0719607870135346
0.45858249039203064,0.6185549533711859,1.0855180817319166
0.4540447935055173,0.6213095700251223,1.0861906857809125
0.435673052828816,0.6346277084940503,1.1071122841534449
0.4452408160519184,0.6378458219711003,1.1077820474770632
0.45734853417500293,0.6401457513579798,1.106610734887144
0.46491855541157406,0.6452002973987955,1.1061120263462205
0.46686645393473,0.6511729631463576,1.1123050174104518
0.4707124075176666,0.67092739295281,1.1297155187386039
0.4810439565102725,0.6938998718528883,1.1526464070819913
0.4907834491260521,0.7237632005906995,1.1836113624031477
0.49014154928585063,0.7384631487397604,1.1966699485806063
0.49221133373830855,0.7788901280594116,1.2381826508420648
0.5024930392675392,0.8096717052708178,1.2661380583851416
0.5060183527930774,0.8473440035531085,1.3118287802892217
0.5040704542699214,0.8413713378055462,1.3056357892249904
0.4853552548078656,0.8013990457529518,1.2659670036024468
0.46193062906661914,0.7375361550935329,1.1966756300313612
0.43973995954240047,0.65208246644732,1.1062916033050483
0.4266468827937599,0.6111920546879792,1.05993111807735
0.4280027249400896,0.6240555702732744,1.0741581761193502
0.4274106685632634,0.6309464201110073,1.0821922430971191
0.42935856708641934,0.6369190858585696,1.0883852341613505
0.42287297579734734,0.6337010437432581,1.0828648242747776
0.4189771787510355,0.6217557122481336,1.0704788421463152
0.40216003434876035,0.5955651842544295,1.0420275667876924
0.3719716971660997,0.5831397215690383,0.9557279139831119
0.28918839270754415,0.6442212294845444,1.0589907518077049
0.2679062087844315,0.6841845205752656,1.115058169367249
0.22164480405206016,0.6997935870330855,1.1512070862123984
0.21797057986180082,0.7066843724873942,1.1640917768817844
0.28265357355990434,0.6699480675048621,1.1019967389665561
0.3270667630766285,0.6327481399851664,1.0496057952811888
0.2483779998149016,0.6534027502135866,1.101654632899023
0.25274395250550236,0.6240028729090624,1.0706867897882797
0.31057086365392117,0.6097754869284129,1.036376107256826
0.38627715085462117,0.5735026139494562,0.9791288514333731
0.309314708434342,0.5812937747204618,1.0121000108154468
0.2755315089650706,0.5734758024696529,1.013772872671667
0.29513720585879955,0.5385668660139313,0.9717586211439073
0.28367138757591653,0.5215669884779911,0.9598713475563683
0.4058108052824234,0.49633026561031773,0.8967703695086965
0.4382381626053651,0.4912847222758314,0.8808704496104761
0.46380944099786386,0.5087480966348855,0.8927548824726375
0.4487912844540235,0.533093318125343,0.9290720107517118
0.42674531958706297,0.5533022420485796,0.9628782997936302
0.4035651002330606,0.5794838127257811,1.0077282506556058
0.4081526405829492,0.5689200977605169,1.0020311274069207
0.4003111882237149,0.552838487691769,0.9822836352854755
0.3628537645641842,0.5519113008952687,0.9968411878110818
0.36857557420435,0.5353749845658664,0.9801004498065479
0.45288226414960886,0.6640279980710315,1.1041256914873225
0.5327959470623773,0.9010981954097556,1.3530138059211148
0.4595894282947335,0.6860821571357762,1.1349167741717434
0.3480169847581592,0.3447219156613067,0.7849257842244314
0.3195352679449046,0.35390369217958956,0.8081871670514247
0.36781240403965393,0.5367564009671397,1.0013412026325132
0.3607845957165337,0.5326201033999189,0.9988303633953571
0.4149552856473614,0.7255817565086545,1.2055389000336594
0.47733788185172643,0.9088979621193184,1.3986900948893704
0.4174502228168359,0.6033827632263787,1.0694584699525114
0.43012716378555516,0.527583498388338,0.9713824387496102
0.45496652617945976,0.3171851955344173,0.7278467354625824
0.38414621073218397,0.27490397836643915,0.7057479048605289
0.4344661213472074,0.5772011091721556,1.0343098135379787
0.4640100501815771,0.5197832740164912,0.9596605384940107
0.3337944644521091,0.18071419776267095,0.6103450403852815
0.2954777708227669,0.0254251301431505,0.42992473154535865
0.34073748433714096,0.2950879614185768,0.6335300982167975
0.4325402790735948,0.32312469728346677,0.5862067889723308
0.683083081357888,1.0159626432018969,1.3124482755148812
0.6563511093624751,1.10462506329611,1.4490044501450854
0.6113506892017924,1.0196259331501059,1.3701655874409215
0.589430196546192,0.9029276855367669,1.2130240043639733
0.6224982335611483,0.8409106094701632,1.097061774348073
0.697219152484981,0.7660472576076578,0.9922827277027162
0.6705196699858822,0.6677381547145402,0.9391817461778972
0.6128969632494878,0.521639238201989,0.8141304750454359
0.5574160686282428,0.4582306675026789,0.7709360895071411
0.5724126458949363,0.40494872462009246,0.7327520666058571
0.5548088969952015,0.2877955322059997,0.5931690616564615
0.49402591479577024,0.18625146932480902,0.4848843472372059
0.5015965557577461,0.2124418041682405,0.5278874936706797
0.5154299798225292,0.1807424935506332,0.46413664437274604
0.4507013497117932,0.07506217479073247,0.3484904434926127
0.4309011046974308,0.01211759698833261,0.2713388984518308
0.5104843734786118,0.22710928606947278,0.3397562791301102
0.5082662960265387,0.25238117579987945,0.40032085585218274
0.4895891442868169,0.21565946696132104,0.562511622835617
0.49632705151978884,0.2855109615330718,0.760418711595727
0.48143684608892756,0.25749216669741665,0.7797953876535233
0.5270287029010319,0.3144646582030723,0.8070983284055209
0.5593299682872086,0.4251904976025459,0.9386444256517701
0.5541823689023859,0.5327140209076073,1.2064953789669173
0.5822678169102572,0.6705481860904104,1.3974375696350285
0.6140760931209535,0.7514108899023456,1.4834668404852707
0.6244076421135594,0.7743833688024238,1.5063977288286579
0.6581638168474118,0.8612187383619211,1.598619990743131
0.6523921637438707,0.885564153002651,1.6203852479473542
0.6110112792745817,0.9305732501949242,1.6729501011322212
0.5971994344869452,0.9912092822046604,1.7385678450523643
0.5212812355472393,0.7504662197384052,1.4920166743476553
0.3130278081589967,0.13803615462017957,0.8596617754082384
0.33208646640640704,0.23129887719429598,0.959920945025858
0.42462307042352715,0.5506046950920095,1.2985233699265544
0.41266426296516373,0.5037416819685309,1.241119269943008
0.389189159231902,0.4265520554279971,1.1333505135330053
0.26595029150975186,0.057156774752580755,0.7045666403802228
0.26508309676026065,-0.0737941382109427,0.4313434121473979
0.35557025245045126,0.19174983280656044,0.6432963076939985
0.3934659960892194,0.3594391610053601,0.8185439741313892
0.45525655071999355,0.5496462618435837,1.0197292830290783
0.5222987297401739,0.7646621643724003,1.2475275850330207
0.4514826396029837,0.5721552439205483,1.0426630120978433
0.4302274704377104,0.5331010905682979,1.004835255324628
0.37881832306615276,0.35805741570865146,0.8215563626348461
0.363063405488228,0.28363087446739244,0.7417172421234579
0.34205684871766173,0.18439548614571372,0.6352650814416071
0.3765269657576423,0.298794319439567,0.7547729875755388
0.44092950295108996,0.5303466026812099,0.994461403892398
0.49191833814173397,0.7389263880291773,1.2160696026216964
0.45685616472492724,0.6314184045730569,1.1045957634655337
0.44499704419331443,0.5689371948269224,1.0371426250826081
0.4500769539932787,0.567100826646581,1.0334604732555328
0.4977440407161132,0.5565461787710704,1.0065140978760865
0.5028239505160775,0.554709810590729,1.0028319460490112
0.4646747835529701,0.5762916702546175,1.0354726039517652
0.4634906707993176,0.5900733699300834,1.0515407379073032
0.4521467384457366,0.6075278059662321,1.0749731755169916
0.4408028060921556,0.6249822420023808,1.09840561312668
0.4401609062519541,0.6396821901514417,1.1114641993041385
0.44405670329826596,0.6516275216465662,1.123850181432601
0.4587043763213326,0.6530092669432749,1.120837792929144
0.4714041508212434,0.6484183464924214,1.111632413361456
0.4795163849712655,0.654391141006832,1.108124157042453
0.4764342171578324,0.6543910766234078,1.11297478073407
0.48168585635047395,0.6791999237038275,1.1395878209045327
0.49396530386623577,0.708145068351468,1.1687117003121514
0.5022991108723104,0.7329539798153119,1.1904741167909971
0.4895494929090244,0.7453539985774933,1.2047040155583748
0.4762078185689122,0.7646448671774078,1.2269679813035217
0.4896215353749511,0.7876174104609102,1.2450482459552918
0.4994108714541061,0.8096716408873936,1.2709886820767586
0.4929751195078121,0.7986444934824397,1.2604437758618339
0.46977206662261817,0.753617719772454,1.2164230750885967
0.45786310262763,0.6989456083376472,1.1539944559053608
0.43525210611926235,0.6470279847899284,1.1019396881543546
0.43308263474005393,0.622219202092933,1.0704760242922748
0.43951838668634796,0.6332463494978867,1.0810209305071998
0.43638637540953956,0.6410553834257905,1.0908960733985062
0.4382844345899175,0.654837154462995,1.10211356079109
0.4365082654594389,0.6755097039761938,1.1262157617243964
0.42109680666686866,0.6543735932564569,1.1069670252080845
0.38142006816475427,0.6364467220742892,1.0950854330713005
0.3950030354618516,0.6015213254080898,0.9694534698230205
0.40538442791783275,0.6166847059968402,0.9873598389667184
0.29384797552335956,0.6759209264026971,1.0936378589559363
0.22667487159506308,0.7057663167279579,1.1525494527105486
0.23900416257420018,0.7269023630642705,1.1766488129184778
0.2509401537174352,0.7025570763181607,1.1451823065820919
0.33286061518272103,0.658475235539181,1.0732092876735724
0.2668716264209049,0.6745389253167478,1.1160527457237182
0.2610777743148123,0.6488118297627331,1.0924492533313348
0.3257607643936741,0.6120755260885432,1.0303542180394991
0.3615915589641633,0.6102479639753462,1.0248253018524178
0.2783650939902674,0.6336571926021591,1.0775467470171043
0.3323460319268586,0.5996753331696866,1.025825519591146
0.35503390628533193,0.5647664576084765,0.9789606373760558
0.3449737736121539,0.5528209973465037,0.9762759026308271
0.46279705763688866,0.5491750115711125,0.9391182084257134
0.4674566552559394,0.5808747538790919,0.9737653626381545
0.44459706115610004,0.5891384106906283,0.9903350458599932
0.44015905119633725,0.5762748307219089,0.98095861150961
0.40659742458311837,0.5872929754205332,1.0079021461636786
0.4017390876392067,0.6079654605503078,1.0368549707886023
0.4184343461121798,0.599701674971923,1.0299865349499975
0.39989087604280127,0.5863745981800897,1.0206129413249918
0.37059552999666795,0.5836111075866723,1.0266377183319058
0.3577738547642199,0.5537476690756101,1.000523339638157
0.3964382247085946,0.6121015005838317,1.0587683047922263
0.49573603165903934,0.7954266445174009,1.2403714949004103
0.4591961301666009,0.6406008319038964,1.07935088650502
0.3218536499888342,0.33414939113998565,0.7810754183400387
0.3272770185741531,0.3856034534811665,0.8379836505080394
0.3873184140066323,0.5174656611340738,0.9693759895041326
0.36056302286048114,0.5137839864504856,0.9735596905975087
0.4113801286584479,0.6957185565376918,1.164872697329269
0.49134365503459154,0.924979655565088,1.408736292563372
0.4389989925008531,0.7035364000216522,1.172901082856283
0.41022785156984687,0.5013929060112096,0.9477817870826043
0.46685267144649173,0.3006490079718635,0.7014047500748146
0.47374059344360375,0.07003276277128845,0.4404613766443347
0.4868966883194581,0.4325022129184413,0.8491957175100517
0.44825032167402007,0.574446685668492,1.019085338414132
0.33505061967168825,0.20919590997062185,0.6346211368266608
0.31201867317274656,0.16967854700218235,0.5773937266731224
0.34423997913472304,0.26155196070350695,0.5903502155498737
0.2652605645317083,0.02860974374842726,0.3070146846524895
0.5866686687901573,0.8850097526775044,1.1895944074796625
0.6336902693907321,1.0605165380597192,1.4019742015937688
0.5844740318517438,1.0026257336970446,1.3825314323114675
0.5807271454701531,0.9461173184653205,1.311570037609539
0.517454051834115,0.8376823413629727,1.2001018799041314
0.5854948465302675,0.6617474191708947,0.9706366356835704
0.655457115436939,0.5919383558155082,0.8847613752637581
0.5924104055865858,0.37324954276933375,0.6592999699246896
0.5886364944695759,0.3957585248462982,0.6822336989934547
0.5579132638111861,0.3378681067841687,0.6336871875614513
0.5603313327818662,0.30249560912190904,0.5965264004506861
0.5176991381284883,0.1899330796249729,0.4855512698354466
0.5196476563770489,0.2170415341751509,0.5352461158740751
0.5077879161200314,0.1334245356264006,0.42429112251675233
0.44103934502021264,-0.02049186076447922,0.26210770017547064
0.42355872150058926,-0.06091916200125154,0.24484811637209683
0.4773059710170091,0.059899566803072776,0.272376590049511
0.5343496660303444,0.24410125541729524,0.2855815783993042
0.5170985376663662,0.19909910415044452,0.37183808033413296
0.5231802704164764,0.21016707318615704,0.6156804071797805
0.5218964707360734,0.23956696948427866,0.6417975795346974
0.49313727654031125,0.32454006424097215,0.6970729493107005
0.5188125758167963,0.4743357566173661,1.0034213514655999
0.5273771342928595,0.5368414445353471,1.2157035992599832
0.5509519101496364,0.5984128290633982,1.313423270206397
0.5760031746312357,0.6650304651436021,1.3736860004432447
0.6006617565895098,0.7073025578162273,1.4218847208591032
0.60251058791132,0.750029208989061,1.4816286052971104
0.5703768266077349,0.8161742881342224,1.5631434423815236
0.5752801812821543,0.9167826121965529,1.6684299719242102
0.5972492779503205,0.9834001838933327,1.7335433258526747
0.4635582221586896,0.5988497110458939,1.333512586640176
0.33593241998934364,0.25105330700074835,0.9773314463540103
0.3335641944820388,0.2786167063516802,1.0094677142650859
0.4179159021578053,0.5285505290489504,1.2677323101134708
0.44405159246630643,0.5970046620763442,1.3219759447941595
0.34904645628972625,0.2997446513496024,0.9820569712295208
0.28234586947706863,0.0746117902395475,0.6843434647653581
0.25765654443094704,-0.015457637940083788,0.46902873827381064
0.33774072468720095,0.20598621974908327,0.6612083582884516
0.3825423907197873,0.34335753194301477,0.8036471527657706
0.45661239286632327,0.562509777428879,1.0339563410710786
0.5140868086634013,0.7743075664806452,1.2610848797514027
0.4341232822872576,0.5450464674532493,1.0172212845173
0.4255180441585198,0.5092104919614732,0.9752126673760859
0.38660991715877646,0.38194807869890046,0.8463283268917712
0.38237066132711006,0.31671231668225375,0.7733519607682325
0.36195616093336996,0.21058607852284206,0.6588657331086128
0.38313444709661354,0.3364666821052819,0.7956130857880017
0.4379692358701942,0.5648008972597015,1.0346317858454521
0.49894614646485425,0.7430626855963981,1.2185804418588524
0.4592243902322321,0.6038550052221251,1.072459495554458
0.44736526970061924,0.5413737954759906,1.0050063571715324
0.4696328074236324,0.5400009885021873,0.9964707409274625
0.5237356653953835,0.5404734810538054,0.9800692577715143
0.524499451164887,0.5602278464768335,1.0023303827912833
0.46916263697610816,0.5813461519120091,1.039824519102459
0.45333085119938904,0.5937461062907662,1.0589050415614538
0.44198691884580804,0.611200542326915,1.082337479171142
0.4452906595152937,0.6300367236597725,1.1027575282773734
0.44718871457507436,0.6438184877186626,1.1139750385412943
0.4600602184676624,0.6658727825285702,1.135064850971144
0.47783990276753735,0.6594454938973752,1.1221773195763807
0.48799972236746597,0.6557727575366924,1.11481301592223
0.4941640579943321,0.6557728863035408,1.1051117685389962
0.4896762045711941,0.6507184046461492,1.1007598533883023
0.49438563085038467,0.674609003252974,1.1303824413368444
0.5035330670893381,0.7113631818285182,1.1693814636357698
0.4997591559723283,0.7338721639054826,1.1923151927045348
0.4774417747859399,0.7430540691906139,1.2058753281482943
0.4715482357530968,0.7329451702592551,1.19232087415529
0.47971031336649417,0.731108866462338,1.1837880986365976
0.4817080553530254,0.7292724338985723,1.1849565705011393
0.4701923936067671,0.7200816546739599,1.17809381611329
0.46240079951414337,0.6961909916837109,1.1533218518563648
0.4430437002118861,0.6709186477801774,1.1267116524112797
0.43135630907295053,0.635082653294804,1.0895537060258922
0.44011044306317415,0.6263554996601538,1.0729868635294308
0.44260055862037834,0.6332464208596255,1.0761702839442455
0.44454845714353425,0.6392190866071877,1.0823632750084768
0.43904822035942104,0.6745915198860232,1.124374685810859
0.4144124571291031,0.7035277262107583,1.1650465699660044
0.35268974410871673,0.7058097824407397,1.186971273866852
0.3040372987603261,0.6777739479437888,1.166385851428681
0.2973006268575663,0.6501940239989551,1.055482495488702
0.33562152321335104,0.6552573795958277,1.053137029583486
0.26023650062110976,0.6947481711571055,1.1256059163075516
0.2210029042118587,0.7144935351821464,1.1642656723898568
0.23133445320446455,0.7374660140822247,1.1871965607332442
0.25051982432045844,0.7360931422888828,1.1835115673063272
0.27596921919648304,0.7191022022036199,1.160076287222333
0.33638592870825923,0.6961475338214717,1.1189000095776522
0.34896381727886794,0.6571022997985291,1.0743749188127363
0.37927155633728776,0.619438871966807,1.0219868088570332
0.3013465740194087,0.6598478493627117,1.0962967749924932
0.25000525828065917,0.6772932844369872,1.136127844539182
0.39029484863347036,0.6199023044064965,1.0268345918232726
0.41752041022714576,0.5822388156802627,0.9792971125548998
0.44454721769272476,0.5969475090019561,0.9953595650596826
0.4806716179338819,0.6562194792105216,1.0554455590630802
0.5011629865264163,0.675519221749917,1.0710121437523168
0.45975992235719854,0.6704558017696202,1.07820823334915
0.42526278058179895,0.6350743657844553,1.0525954509859117
0.3895815260527469,0.6134746294747563,1.0430508025782113
0.3929351101856078,0.6245017124962859,1.058446332484753
0.40395840248179044,0.6249651449359753,1.0632941154509925
0.38287497751242977,0.6125562522343129,1.0557615977395243
0.37000347361984176,0.5905019574244054,1.0346717853096745
0.3763173248335984,0.5670747458674433,1.0098969332631627
0.37653891249288635,0.5859109082067033,1.0351676531252203
0.43645842199606355,0.6833188022875217,1.131240280924086
0.42506947191197497,0.5794924291315653,1.020433364366164
0.3038523928329066,0.3217405628217474,0.7686922769369537
0.3120372891742602,0.3911125580221907,0.8490301059892652
0.36623498903727164,0.5050567684324112,0.9618434717926647
0.35979923709097766,0.4940296210274575,0.9512985655777397
0.4100242865121182,0.6828550409523967,1.150645639287269
0.49560993560167715,0.9111980202730463,1.387817534916217
0.4416608333301373,0.7370725295035706,1.2063797181399727
0.3743250241847423,0.46095705275207727,0.9129664658770552
0.3621224448677749,0.34518541248442053,0.7849229434990537
0.36299496120536445,0.07000594780257259,0.47510539088691506
0.49970035575358235,0.26206739953888325,0.6471755712012873
0.5297276371009324,0.4926925603674502,0.8965709163521358
0.3609155133861663,0.287758813162526,0.7121204728835878
0.3342315491011344,0.30520476853805334,0.7131465265281468
0.2914971812177694,0.12371725775839663,0.4382129908825934
0.22247945551280046,-0.03938971335936617,0.25461495484466345
0.4735644625103485,0.6543665220528542,0.9778469428987185
0.6161099589443583,1.0357074334456027,1.394763656189774
0.5261367630838165,0.8078275646475215,1.1866926619851503
0.4914402474549158,0.803682521907668,1.1811779564206701
0.4605668666809955,0.7480836099769063,1.1042031476133383
0.4305341398753731,0.6254125678491568,0.9505698208553927
0.49514444813401237,0.5252770198435638,0.8046286566258901
0.5755871960006335,0.43387734467383116,0.6831088579845725
0.5809703725883123,0.23496069031947361,0.4665138626176629
0.6025744311939772,0.21935111010260205,0.469169937928842
0.5964377400279348,0.16146937282968096,0.42847791651577977
0.5688957369827063,0.06682501103079083,0.3215298644862785
0.5555318636400427,0.03604336943596047,0.2984250806348185
0.518643677629382,-0.04298296619563312,0.21607796161165205
0.4642742446728844,-0.18357240321407153,0.0729693920446623
0.4405295967492399,-0.20838164226876488,0.07546008814087535
0.43582202737607056,-0.16886487577232845,0.17634309386988797
0.504702642277957,0.027745504534984297,0.21163244780427917
0.5159180037931542,0.04151929602233248,0.16163860744147196
0.48466296348282367,0.04384282120671664,0.36835446518982173
0.4209726373690629,0.07462284623762709,0.5127248642030438
0.41759389507861466,0.20602054962754648,0.7217300465224912
0.4738194602906,0.3447898741783917,0.9593260352917243
0.5431098528682328,0.5611954755818614,1.2501739701747645
0.5691248966982413,0.6374668726423977,1.3561016036070201
0.5443167843498413,0.618622074903756,1.3229764407902305
0.5330725389230109,0.6204583143172491,1.3363598400005396
0.5307769563044149,0.7114209213320385,1.4523422072743566
0.5475172325078956,0.8244379449457588,1.5797131256033623
0.5822581461418992,0.9287280080751017,1.6759653303610555
0.5784343915615141,0.9590460884633939,1.7039235786295102
0.39924991163048473,0.45963330449258577,1.179537103252631
0.24617955013242743,-0.0002620451480445124,0.7075273914663359
0.35888687528306584,0.35626136106998935,1.0899765981000922
0.43150134835652154,0.578168287593214,1.3161077667627792
0.4357399844627832,0.622268260807245,1.3455822779119204
0.31393443940954424,0.2000457662048099,0.8756076512730475
0.2506594791956743,0.028203399999701437,0.633633905112344
0.2700578778760109,0.047941820279645664,0.5334723288786569
0.34282063448716527,0.20414985156874185,0.6575262064613763
0.38449028924294326,0.34933019769057705,0.8098401438300019
0.4491642575590541,0.5919095449601521,1.0697747608092296
0.4960855515074737,0.761898738162407,1.2487017383483179
0.42633167339139855,0.5211557590731735,0.9924492731961656
0.4333096382511435,0.5331011549517221,0.999984631633011
0.39380945487457397,0.4127295915268824,0.879134358126465
0.38313444709661354,0.3364666821052819,0.7956130857880017
0.3558638677724305,0.2528493616394105,0.708911210888764
0.37568631178934436,0.365866449636555,0.8314315055261527
0.4327175818743173,0.5399920047894551,1.00801869861078
0.49039076660272696,0.6994176571831209,1.1715473525821583
0.4444049878164882,0.5758280446646553,1.0451766920603769
0.4403374465742637,0.537237452518943,1.002495470870167
0.46709285252365024,0.5409191725923579,0.9983118168410001
0.5110358908954729,0.545064401504659,0.9892746373392025
0.46354051426269294,0.5822642716187556,1.0465162187076136
0.44122313307630456,0.5914461769038869,1.0600763541513731
0.448842997776251,0.5886916246333748,1.0545531264107602
0.4476588850225986,0.6024733243088406,1.070621260366298
0.45291052421524014,0.6272821713892603,1.0972343005367606
0.45734853417500293,0.6401457513579798,1.106610734887144
0.4708120944444172,0.6553091963301544,1.1196664803392247
0.4899476208906219,0.6617454232842546,1.1210060069864614
0.5020553390137065,0.664045352671134,1.1198346943965423
0.5113516859173809,0.6562364475100787,1.1002583041220015
0.5003782370845736,0.6479639167590613,1.0903860019560727
0.4986519114174702,0.6608273679609322,1.1094636836896898
0.49125361957357633,0.6824180371808776,1.140257584228151
0.4849397535565843,0.7058452033480127,1.1650323892104537
0.4772700453932626,0.7164088539298528,1.1755801361507563
0.4764564161603838,0.7044635868181526,1.1583435303306766
0.4762348433043313,0.6856274698687194,1.1330728575328284
0.46476902502144823,0.6686275923327791,1.121185583945289
0.4673089799214304,0.6677094082426085,1.1193445080317517
0.46671692354460415,0.6746002580803413,1.1273785750095202
0.4532035198118147,0.6672459114194946,1.119347348757129
0.43525210611926235,0.6470279847899284,1.1019396881543546
0.4274106685632634,0.6309464201110073,1.0821922430971191
0.4216888630436949,0.647482743418724,1.0989329582303156
0.3995930547133591,0.6755007656532885,1.1377637664719233
0.3698773720317655,0.7062733436472778,1.1821178094498577
0.3440574960477951,0.7489912496474789,1.2388578275605409
0.3241581838320869,0.7228006572703505,1.215257175893535
0.2895613551299367,0.7030374179078411,1.199693431929676
0.2712591731918877,0.6740758147941793,1.0869518442993937
0.2505690504712569,0.7071482543027111,1.1349851913833122
0.2240352285619165,0.7223026978768985,1.1644395678979296
0.24186475753158074,0.7080663104982615,1.146527516429012
0.25024840800103065,0.7250661236507776,1.1632654137081684
0.23717814877393234,0.7553840113249114,1.2057755339259382
0.2594955311667346,0.746202105603666,1.1922153976077146
0.34023188229119583,0.715901963627924,1.1363105109058045
0.33325391743145083,0.7039565677493753,1.1287751524689587
0.38074928441291944,0.6667567011241912,1.071533578096261
0.28622872572316216,0.6998112692202811,1.142662945168803
0.2938984387121395,0.689247616893985,1.132115194730644
0.3554992561519125,0.6525112505808272,1.0748707866282823
0.42915795790270606,0.6258839084769641,1.0214795781399773
0.3826978026614801,0.6938651556743691,1.1212284241348893
0.4510778308329017,0.7214463672876873,1.1351193062425282
0.4745294813095672,0.706291860638418,1.1105155560429207
0.45226194358655414,0.7076646676122215,1.1190511722869907
0.43122836208056875,0.687446676599231,1.106494135375833
0.3947833217820132,0.6460925748665038,1.0746883619483634
0.39877880575507557,0.6424197097389727,1.077025305677447
0.390024671764852,0.6511468633736226,1.093592148173908
0.3752052693491081,0.6231199028161528,1.0663093446798269
0.3776233383197882,0.5877474051538932,1.0291485575690615
0.3661076617702946,0.578556580539454,1.0222857561170027
0.3650232359433927,0.5767200835922641,1.0283048516731614
0.40432950572796883,0.6203739669514249,1.0734912306497721
0.39289069737726956,0.5243566467169696,0.9677087862273303
0.28331118489759416,0.31024992557199427,0.7581501885760692
0.3057234231572682,0.41453972418932594,0.8738049109715678
0.35365710046666293,0.5441020024553538,1.0063685625575802
0.3414274964142764,0.5073477594963854,0.9722201639502721
0.39796641185240894,0.6727460132541894,1.1467924326774988
0.47285002842858836,0.903843480461927,1.3943381797386767
0.4321429135704102,0.7260453177151925,1.200685435616665
0.34101199516299513,0.41179391709144636,0.871285549558279
0.3214831664680606,0.35987635792715184,0.8143801581156559
0.23123792716106864,0.0998336589934361,0.5425611318063716
0.3074095494251139,0.15130553359700327,0.5812239781709356
0.5081290239535399,0.40034802188350443,0.7981528226480539
0.43526112305635767,0.36771233559061983,0.7799100393811481
0.38695090116310943,0.35069536098827403,0.7329112681179214
0.27867490106315196,0.07271807583454548,0.36859680427865704
0.23700462103075598,-0.09359807611109051,0.17278099428655577
0.4315236897051567,0.5137773085257425,0.8153358432671037
0.5909085443472284,0.9713813034967668,1.306072628577598
0.5541254907215907,0.7687826525417001,1.1179144527621494
0.4653309621564291,0.6350752027689702,0.9895373429948909
0.4388955913422716,0.5923398708069281,0.9219389685379422
0.3994890149055402,0.5431683952678074,0.8432997729863135
0.4003020244130142,0.5339778735768919,0.8170345238319959
0.3965612032151006,0.3906511284469664,0.6938129657115619
0.4451518891897094,0.1393794951835115,0.43902822846908157
0.5402927539655545,0.06268826277960048,0.3529733910904415
0.5686802293103309,-0.03882943581684398,0.2439990282699244
0.5494714172465811,-0.1298006636070492,0.11531154951092401
0.49016616312278155,-0.18402689733085578,0.056573604330896095
0.4804266686565975,-0.21389023174239535,0.025608643126713578
0.41643418586835546,-0.2419345581335782,-0.017383144817519465
0.3696089921020271,-0.2561804642682564,0.019908421089350637
0.3554117657675559,-0.26443673351895114,0.10820572606088663
0.38396552643454046,-0.23135509389852085,0.12528857804308
0.3905860470859598,-0.16247082817462394,0.04624829152733256
0.36513851564938166,-0.08207251688001344,0.20018914066861598
0.37239706021946667,-0.040239483879340024,0.39321979879448965
0.3854716563179841,0.0773931505009504,0.6552226642719637
0.38170023150421073,0.18444531048329124,0.8521638367704218
0.4615424916764571,0.4003878847412142,1.104209575781694
0.5536629747168912,0.6030040714313728,1.2983755313160004
0.5489487227048329,0.7082033803279812,1.4080168167347584
0.527816054694879,0.7247393817180875,1.4490106871888038
0.5533381093494072,0.7711476431910851,1.5094214942250523
0.5913107404895924,0.8520104687920436,1.585749503700633
0.5994451543395433,0.908055780479024,1.627610010969664
0.522857411098812,0.739894274667902,1.4445106952387097
0.3467557187066205,0.26161734388313374,0.9587754511446106
0.2457364044203223,-0.03793427904691096,0.656986045870639
0.3278694095772921,0.21613562537239406,0.9323133284989261
0.45497519783573853,0.6130862911386895,1.336872766159778
0.43601078105680635,0.6121594906427344,1.3223265765356822
0.31893686128530946,0.26390010484186904,0.9273432874419582
0.22013437923916732,-0.10319500026042772,0.4779855951667358
0.2748441723539959,-0.014994076733545811,0.4641752738568162
0.3172493560946665,0.1866864772096878,0.6456417735992147
0.34491323766757936,0.3157851298857535,0.7879095132938387
0.44566176276147207,0.625445545675222,1.1129546434761532
0.5069593134135305,0.7857894655360803,1.268623078913626
0.4328893260702299,0.566637265440043,1.0383139376725274
0.4457608299628179,0.5886915602499505,1.0594037501023772
0.4209083048060797,0.4697016967319927,0.9355410410281648
0.3801741652124825,0.3709209312939466,0.8357834206768462
0.35443115742730646,0.32681234167413153,0.7936037958171466
0.3912694999745918,0.41364777561705307,0.8809754340400027
0.4372054501006907,0.5450465318366734,1.012370660825683
0.4704914543870188,0.6732270648059926,1.1479467009151525
0.43542928097021205,0.5657190813498723,1.0364728617589898
0.4620129427236859,0.5427555407726993,1.0019939686680754
0.4977440407161132,0.5565461787710704,1.0065140978760865
0.47483460315289866,0.5726189338939347,1.0281083002976148
0.44008886378602735,0.5974187782680248,1.0711199689072213
0.4547365368090941,0.5988005235647336,1.0681075804037643
0.4533806946627643,0.5859370079794384,1.0538805223617642
0.44511893012261644,0.6033915083990113,1.0724623362798356
0.44901472716892826,0.6153368398941358,1.0848483184082982
0.4655604552517756,0.6305003492497346,1.0930534401687622
0.47783990276753735,0.6594454938973752,1.1221773195763807
0.49071140666012536,0.6814997887072827,1.1432671320062304
0.505359079683192,0.6828815340039914,1.1402547435027737
0.5141132136734157,0.6741543803693413,1.1236879010063123
0.5011918663174524,0.6599091838707615,1.1076226077761522
0.48400423839440354,0.6594456226642236,1.1124760721931466
0.4769764300712833,0.6553093250970027,1.1099652329559906
0.4752501044041799,0.6681727762988737,1.129042914689608
0.4681724526176844,0.6718455770429808,1.1315565946521415
0.46930672190796163,0.6658729756788427,1.1205129798962934
0.47692658660790804,0.6631184234083306,1.1149897521556804
0.4673588233848057,0.6599003099312805,1.114319988832062
0.47184667680794373,0.664954791588672,1.1186719039827557
0.46358491226779586,0.6824092920082451,1.1372537179008269
0.44240180037168464,0.6856185959292382,1.139770238588738
0.3806790970026096,0.687900648670307,1.1616949354938724
0.36608125779160694,0.678709808551183,1.1596828117933533
0.3457117751283745,0.6938643795838766,1.179435938301344
0.33177804853203335,0.7200461049998383,1.2097339481529221
0.3300018794015547,0.7407186545130372,1.2338361490862289
0.3440574960477951,0.7489912496474789,1.2388578275605409
0.3235162839918854,0.7375006054194112,1.2283157620709937
0.3151326335224355,0.7205007922668952,1.2115778647918374
0.3626975544169006,0.6410211858035776,1.020673107914182
0.28612841907100695,0.6942936770403212,1.1092101285937852
0.2615424993040642,0.7154207850537285,1.144857493549241
0.28381003702707736,0.7140479780799251,1.1363218773051713
0.2592241172601346,0.7351750860933325,1.1719692422606272
0.2619856426033415,0.7530930198248231,1.1953988408938663
0.26085137331306435,0.7590656211889611,1.2064424556497146
0.3486155327606458,0.73290177678044,1.1530484081849606
0.3607730943471055,0.7273926078559916,1.1468525763953514
0.31937003017788773,0.7223291878756948,1.1540486659921847
0.2838605002158573,0.7273746685712129,1.1747992130798788
0.2972021793816252,0.7080837982268424,1.1525352438368754
0.296488237075497,0.6805203344924864,1.125249599617417
0.3339955041984029,0.6736384229776587,1.1056675278921213
0.34731015380309604,0.7333649516864326,1.1772986859176677
0.48232107540219094,0.730182523628667,1.1352875202998458
0.49815286117891,0.7177825692499097,1.116206997840851
0.46708134600229806,0.7356916281696911,1.1463339757810718
0.4435078095963305,0.7163918212468714,1.1356180147834518
0.40452281439779286,0.675955903604315,1.1056533172695195
0.4110582532708374,0.6713648543866131,1.1061491850850655
0.39781626585747576,0.6750375263638716,1.118364112430833
0.3880767732416961,0.6451741976260604,1.0873991571096766
0.3752551128124833,0.615310804504825,1.0612848254801373
0.37195137214299767,0.5964746231719675,1.0408647763739058
0.3835667208160065,0.5900472057739241,1.0376784923623765
0.38260418091840664,0.6226650223988233,1.0790172991157625
0.36867526113110055,0.5197567879432108,0.9700514114071688
0.28856282409023576,0.3350587726524139,0.7847632287465319
0.3257446254228757,0.4751846371168577,0.9327252509644639
0.3705961456014754,0.6047468894109738,1.07013959617764
0.351709201943507,0.5381293367077915,1.000175571493349
0.40553643308898013,0.677800559295005,1.1462937241365752
0.4592147387664969,0.8620348202289912,1.3509872422890579
0.4317225865862613,0.7595813828136866,1.2390146945919718
0.33144423193989275,0.4085758036143963,0.8706157862346608
0.3105595610986285,0.34379472886480655,0.7994833367500375
0.23984315048657112,0.1356695890953854,0.5845697018833761
0.23225031052204378,0.059406744057209124,0.4961978058532957
0.386907118762814,0.271686122423086,0.6856756467704425
0.4618670072356029,0.3948213052086808,0.7907998590240765
0.4251216474033636,0.3580502227165145,0.7021375048373769
0.344021985159111,0.07135433595049581,0.3388119359038264
0.2854811365302196,0.058018256452333106,0.34583697071796454
0.3773308155750129,0.27074319061208885,0.5632586040964043
0.5182436228882281,0.7361477318720809,1.041464171204413
0.5483261931572257,0.8510096756885027,1.190072978762669
0.4888546550990214,0.6621841080031178,1.0052778231922002
0.43806036802901077,0.551457836913272,0.9028354210314437
0.44664339235196177,0.5372212568204765,0.8994752415118417
0.40445372368528426,0.44119517241979117,0.7955396015179019
0.32251527405056557,0.28497880495352107,0.6393781389902612
0.31016315694185465,0.19263443692493454,0.5264081506792238
0.28129358333814264,0.04838076253220573,0.3983416503179278
0.2898315862297772,-0.08713663810015164,0.26074210486466304
0.34065710576645053,-0.20565352150328747,0.08652358503285357
0.4112336300524997,-0.2322809245016622,0.037983007231879036
0.4241327779433104,-0.26810823961625935,0.008679549394676047
0.4161418099971856,-0.2607625093611968,0.004005661936509196
0.40423408522170634,-0.273163043899988,0.02858075196668909
0.38157448058017557,-0.27499999850946183,0.06855423623550393
0.3760815486618494,-0.2841743168143805,0.14530919430355282
0.38275921329053325,-0.26764590867309596,0.09598795798974151
0.3840788723991438,-0.19462559866037885,0.03886100988988765
0.3357796671020203,-0.12937460102290074,0.2876169666290325
0.28328683009752176,0.013057252222519373,0.6411377633897625
0.2903885474644005,0.12286435077591766,0.8144984214791315
0.3685813501683379,0.26484388061569536,0.9867021992536382
0.447410002332035,0.4789418375944406,1.1981076013334013
0.49223386736717284,0.6663856599831169,1.3859151454073273
0.5338813231203994,0.7614934959102075,1.4928603331793462
0.5728663183189371,0.8019294135527638,1.522825030693278
0.5800658560347346,0.8327109263807457,1.555631061927972
0.569164449667854,0.8667018075131453,1.5861029901589603
0.3920995976526578,0.3999069045506602,1.0982046978438502
0.22768530380101945,-0.04253400905382133,0.6496274236672437
0.2882418948131482,0.16926386707628263,0.8719053621880556
0.35257238954066916,0.3585527384345088,1.0712495481079978
0.4511015997919781,0.6512134698383096,1.3698555336279223
0.40328918868648067,0.534969716341755,1.22910973826474
0.3441370364316298,0.2859546571854734,0.9290306051053399
0.23672995078538991,-0.09584058921615678,0.4811661977275101
0.24505645685778688,-0.026484914111886027,0.4681850794421198
0.30016141509836824,0.17060471938049407,0.6404461996168301
0.340253654851764,0.2840854329676009,0.7532624061456071
0.4731310962137515,0.6566906840931661,1.1360565866022359
0.5097208411695652,0.8037073983953429,1.2920526757979367
0.44186503291650603,0.576746228754826,1.0470177679739145
0.4553285931859202,0.5919096737270005,1.0600735134259955
0.43141158319136286,0.519319390892832,0.9887671213690903
0.3783979960820038,0.39159348080714546,0.8598856216101528
0.3750942554125182,0.37275729947428804,0.8394655725039214
0.421080034198757,0.4963469119927537,0.9658362330257029
0.4529603676786154,0.6194730730779324,1.0922097813370713
0.477519262710139,0.6773633623732135,1.1504575401523085
0.455156863793243,0.5652644584662396,1.0297783214284575
0.46531668339317156,0.5615917221055567,1.022414017774307
0.4686204240626572,0.5804279034384142,1.0428340668805385
0.4507908962994069,0.5946642903809369,1.0607461174749915
0.4586323338554059,0.610745855059858,1.080493562532227
0.46874230999195926,0.614882217010503,1.078153778077766
0.455278749722545,0.5997187720383285,1.065098032625685
0.4406310766994783,0.5983370267416197,1.068110421129142
0.44706682864577235,0.6093641741465736,1.0786553273440669
0.4689140393846365,0.6415274322712642,1.108448970075304
0.48876350813696945,0.6755271229597205,1.137074140941999
0.4971471586064194,0.6925269361122366,1.1538120382211554
0.5010429556527313,0.704472267607361,1.1661980203496178
0.5027692813198347,0.69160881640549,1.1471203386160007
0.484768024163907,0.6791999880872517,1.1347371972129157
0.47189652027131906,0.6571456932773442,1.113647384783066
0.4680007232250072,0.6452003617822197,1.1012614026546035
0.46805056668838246,0.6373912634708918,1.0962368834549139
0.46859277960183343,0.6383095119444867,1.0932273356768345
0.47616280083840457,0.6433640579853025,1.0927286271359113
0.46033101506168544,0.6557640123640596,1.1118091495949058
0.4495791390849307,0.6663275985624754,1.1272075202268255
0.45093498123126036,0.6791911141477706,1.1414345782688256
0.3950061299682779,0.7072002624428542,1.1869627675663432
0.4006282526816931,0.7062821427361076,1.1802710679611885
0.3535033692209982,0.7177550425741255,1.2042079025582688
0.3402613818076365,0.7214277145513841,1.2164228299040365
0.3540954255978244,0.7108641927363926,1.1961738355805
0.3749572818317298,0.7044369754669363,1.1784356576227824
0.36556124800130474,0.7278640772506473,1.2080610862967018
0.3516773607477416,0.7462366973769667,1.233334599819928
0.37507916776103184,0.7388912890390252,1.21375536882001
0.3666955172915819,0.7218914758865093,1.1970174715408537
0.3919929101143452,0.6437846729080825,1.0146483239115545
0.27202295896139117,0.6938301802172074,1.1092129693191628
0.29705202926609464,0.7103753043582102,1.124106946461547
0.2597663301735855,0.7360933345669274,1.168959694482548
0.2726378340661736,0.7581476293768349,1.1900495069123975
0.2691353368557637,0.7916836309641329,1.23322939132825
0.27054102246546874,0.7967380482381002,1.2424319301705604
0.30555818056459566,0.7829652216298872,1.2196664134101844
0.34311529597653256,0.7682742100592754,1.1950598189873425
0.3322415340704757,0.7443834826856023,1.1751384784220344
0.2953263184987403,0.7443745461071533,1.1866864866674178
0.25592099390322587,0.7374746944353189,1.1950510498777211
0.2704467834098183,0.7044021252877105,1.1567189484281084
0.3042798311681207,0.7044109974827354,1.150021563874342
0.372067802962716,0.7388830589337864,1.1719465129597497
0.47351709794859204,0.746718775574645,1.1568788819959965
0.512972263594654,0.7458095298073796,1.1434898013349322
0.5073002974178634,0.754536747825454,1.1552060201397762
0.4601033811425531,0.7237462322911424,1.1387986173442262
0.4033387016441404,0.6897376032797808,1.1217214512250575
0.414361993940323,0.6902010357194706,1.126569234191297
0.409331927603734,0.6842283055884839,1.1252268668186824
0.41110809673421267,0.663555756075285,1.101124665885376
0.38304670690510706,0.639201467495074,1.0860567897370623
0.38287497751242977,0.6125562522343129,1.0557615977395243
0.36968283356244336,0.6084198259002436,1.0629520058856026
0.3851441358183888,0.6217468383086526,1.0771762232022248
0.3671206607360772,0.5592654474275284,1.019424308009661
0.33400638584242637,0.4577301297189702,0.9141434599177297
0.34268365575445286,0.5358294786826507,0.9964962375203141
0.37190214840502717,0.6254195102859113,1.0893911505479925
0.3691904641123677,0.5996924791153209,1.0609370344639921
0.43322733939731206,0.7278818146623824,1.1946663400605062
0.45179362819464675,0.8124171904515761,1.2929105382565156
0.44340997772519686,0.79541737729906,1.2761726409773593
0.33003854633018775,0.403521386340429,0.8614132473923501
0.3025463941499522,0.30106794892512434,0.749440699695264
0.26948196271967667,0.19172353290523836,0.6391353324036428
0.2759447319997721,0.1237332603065904,0.5557850913157698
0.35492711728003756,0.16417821032870414,0.5693511610513255
0.45895532936403766,0.3791948784807863,0.7389419647644372
0.4133783476173757,0.4168416564406706,0.7222642410701846
0.34428795602026646,0.19033547328941847,0.4548201078948881
0.3946168909740028,0.21331697759073964,0.46135239133123657
0.2801568314454378,-0.030189802661575844,0.2353778334101353
0.40854703540888304,0.3584967442617568,0.6573219419244151
0.549537950371702,0.7793463675069642,1.1236115760108352
0.500249670366787,0.6791921512608725,1.0638245763316163
0.45475688075602866,0.5854656743299455,0.9829707422058427
0.41332974360480984,0.46692233235722996,0.8142924702186684
0.39594632811031816,0.32633367928733886,0.612976428118327
0.32226481728287976,0.281752718904929,0.5774970250399147
0.30054493052997233,0.17608963295659655,0.4872610515808977
0.24598281232986427,0.001054059435340527,0.3554922621346099
0.1993827716878323,-0.16571723329818613,0.19178689840339924
0.20133005002298243,-0.18088035777167175,0.15447803302247687
0.2638159198987573,-0.18454383247389608,0.1113126076334711
0.3524429439187261,-0.2277073026642333,0.026628781599311323
0.39907544827803404,-0.24790754579826155,0.0006769825763341995
0.36527128879441956,-0.26352645205701586,0.04398480331398545
0.34737095435805576,-0.24928190495256067,0.10855635780240937
0.3381034918286156,-0.2570830292739145,0.16474319070020438
0.2836800131020887,-0.23963766032751954,0.20942488044065352
0.24737049800546415,-0.19418975106796701,0.1365603009772687
0.21149841005021078,-0.1868282743799755,0.26886101018950265
0.22469427882904094,-0.05587709537216263,0.5226817524803988
0.28131190683894675,0.08610198378364549,0.7288398960962245
0.34263834880425603,0.23083589543857597,0.9211187962182997
0.40701868699515226,0.4123156684854742,1.1154384629385523
0.43226451440062036,0.5767868642136263,1.294867036808151
0.48850979971353825,0.6810855437487535,1.403824355276403
0.5474439505911595,0.7399029554571105,1.452365185257651
0.5530390485691555,0.8180022330590524,1.5395686094231895
0.46873237342713203,0.6893492649437141,1.4155434148066246
0.27021843865466916,0.10678252856329967,0.8141534711883639
0.2303477643557083,0.012137909230712663,0.7266079139253306
0.2553491853739323,0.08656464362224435,0.7918951633618677
0.3991225950461457,0.533133155011141,1.2399794575125156
0.43332129576669837,0.6365049696668889,1.3392412100482884
0.3535565087154158,0.3548716432017387,1.0317776359768212
0.3178794601938267,0.1830462105859908,0.8394672592274234
0.2500668030934433,0.013958461034818653,0.5981661171157158
0.23879181457876544,-0.03200263505869444,0.4444335102503358
0.2948599250407337,0.15360494791648888,0.6188576551139523
0.35236137297484854,0.28638536235448037,0.7520910935556878
0.4787532189271667,0.6557725643864197,1.1293648869970812
0.510683381067165,0.7710895817704437,1.2507138690445503
0.440387290037639,0.529428354207615,0.9974709516704774
0.44953474107982777,0.5661825781729861,1.0364700210336122
0.44953474107982777,0.5661825781729861,1.0364700210336122
0.4008372631976942,0.41686588909410327,0.881645197363621
0.40007347742819066,0.39711152367107505,0.8593840723438521
0.4526667523566361,0.5583735442450825,1.0265948781423055
0.5074066651330985,0.6732360031288979,1.1363986961676258
0.49783890190999613,0.6700178896518478,1.1357289328440074
0.4674363113090048,0.59420960311388,1.058902200836076
0.46489635640902266,0.5951277872040508,1.0607432767496137
0.4592243902322321,0.6038550052221251,1.072459495554458
0.4662023550919771,0.6158004011006738,1.0799948539913036
0.46637408448465434,0.6424456163614349,1.1102900459888416
0.46950609576146274,0.6346365824335312,1.100414903097535
0.4566345918688747,0.6125822876236237,1.0793250906676852
0.43177725578250414,0.6226823769989257,1.0947263020249822
0.43631495266901754,0.6199277603449893,1.0940536979759863
0.4689140393846365,0.6415274322712642,1.108448970075304
0.4678518125602861,0.6897634455188191,1.1598368152280691
0.48131537282970027,0.7049268904909937,1.1728925606801501
0.47818336155289193,0.7127359244188973,1.1827677035714566
0.46153794654329405,0.7131906116859542,1.1846116202103718
0.4455344313738977,0.6989453508039504,1.1733969506718287
0.45239051030434063,0.67643643311041,1.1456125979114467
0.44595475835804665,0.6654092857054563,1.1350676916965217
0.4318991417118062,0.6571366905710148,1.1300460132222099
0.4349813095252393,0.6571367549544389,1.1251953895305928
0.45211909398491285,0.6654094144723047,1.1253664443132878
0.43941931948500207,0.6700003349231582,1.134571823880976
0.41791556753149245,0.6911275073199897,1.165368565144815
0.40343962390110305,0.7163909772840421,1.19867614564581
0.36080259386354624,0.7329183587794517,1.2269648953935839
0.34805297590026024,0.7453183775416331,1.2411947941609616
0.36324286183677784,0.7476183713119368,1.2351728578794252
0.38107238960002815,0.7333819843694139,1.2172608072849722
0.4081982739182643,0.7113366887769234,1.1797723594202651
0.3833907812952691,0.7136276798408975,1.1901490515778725
0.3973965585987315,0.7297093802649814,1.200195226380537
0.4089122203449898,0.7389001594895938,1.2070579807683866
0.4196142528583693,0.7361456716025058,1.1966841293361565
0.4010707827889908,0.7228185948106727,1.187310535711151
0.40853863819719255,0.6589481822636813,1.0228534456720186
0.28548651923080537,0.708993625189382,1.1222687147712436
0.24955666469745388,0.7475751701111661,1.1813485190853164
0.24664622507028416,0.7742203214246172,1.2164943356489355
0.28491728158193536,0.7870927740244754,1.2191733863200163
0.30232648236103676,0.8063924521804466,1.2395905947008703
0.33107962031937477,0.808237692555813,1.2365753619741788
0.29692593250367405,0.8261466888366263,1.2715529671038732
0.28935591126710286,0.8210921427958107,1.2720516756447966
0.32220360039984913,0.7825105326183741,1.2178224932734125
0.2751784086915604,0.77836523408928,1.231710285973257
0.2750565227622584,0.743910920517191,1.1963905747760297
0.2819126016927013,0.7214020028236506,1.1686062220156477
0.3220096720046204,0.7057928071628682,1.142158551679268
0.39551946309069286,0.7237285487956044,1.1473427557644287
0.4537396716621858,0.7549824967696056,1.1685979415262182
0.49654842144110867,0.7651003340238697,1.1706043907716956
0.5053523988947075,0.7485640820778917,1.1490130290755451
0.5197064565957948,0.6888462985417502,1.0803857373773227
0.4281461942671357,0.6874466122158067,1.11134475906745
0.40987414051718496,0.6851465540620789,1.1222173190406033
0.4073840290805781,0.6782556398409217,1.1190338757544513
0.40408028841109245,0.6594194585080644,1.09861382664822
0.3906665716050535,0.6364469152245619,1.0805335619964493
0.39244274073553215,0.615774365711363,1.0564313610631428
0.3874126743989431,0.6098016355803766,1.0550889936905286
0.3902240456183531,0.6199104701283112,1.0734940713751497
0.38270386372455995,0.607046818797853,1.0689682835877206
0.3737281568782838,0.59693785548307,1.0602644532863335
0.37584778479411696,0.6295557364913933,1.0967526363481028
0.39138113363658644,0.6851461677615336,1.1513210611903053
0.38164164102080683,0.6552828390237224,1.120356105869149
0.42755537322052156,0.7366090326804569,1.2063825588653505
0.45864970712508973,0.7899082727580358,1.2651261854961335
0.45319931380435174,0.8174716077255435,1.3021130770988263
0.32419485076071997,0.3856033890977423,0.8428342741996563
0.31075831522672487,0.29142254681687924,0.7358834049768822
0.2872616470195517,0.18529624427404343,0.6262478010088794
0.31786299174863947,0.2087323487640839,0.6394746012436553
0.3316964199340199,0.17703304512479096,0.5757237290743846
0.43399704759748453,0.3626415938513376,0.6773885185637462
0.462174258172215,0.5082685259018394,0.7800362693277929
0.40893909820680346,0.36170649886671974,0.6258840967710072
0.3963210295395597,0.15038098652138546,0.3969059224774809
0.2683980175659802,-0.08715342022775042,0.20137751160222772
0.28661664527130626,0.09431723269342655,0.4217970659109105
0.4958872743517739,0.5372304526770787,0.8685247419978469
0.5034296659307566,0.6001666526137939,0.9184193493174291
0.4840005093593372,0.5326308514370167,0.8514648724112176
0.3664318881097512,0.38927722695495126,0.7677379522249808
0.3463884909621895,0.2785598108109892,0.6634488397641408
0.3241479779745955,0.2009152204761042,0.5780893322375175
0.28676679538683675,0.09202572656205862,0.450225363286239
0.20941526082538875,-0.09589016169327644,0.2448649048864371
0.19645013380192394,-0.18914459403402611,0.181563963025191
0.19736344996155328,-0.1928175235449816,0.18875153044589146
0.19299686274231248,-0.1845534804328999,0.17621747151802825
0.204854744285717,-0.1643438468735647,0.1566669014229162
0.27316212910582865,-0.2001618443425363,0.08671168269705748
0.3421618578835997,-0.23735309178223976,0.04217522829525319
0.3742476162913026,-0.23228169710275287,0.09619049153128288
0.3567682290270936,-0.23043742487574392,0.1659346434895535
0.32493292715577593,-0.2322827342158548,0.17380049346849197
0.29898324500320955,-0.20060817131907388,0.11697537600592492
0.23781065502165577,-0.2208188350136859,0.21413596202967305
0.23963914790493185,-0.16475732337245344,0.3590166662065348
0.28984384824771303,0.0374029243969464,0.6435005258275178
0.32680532357672754,0.20096427221210172,0.8531956087285003
0.4065749215576424,0.35350764578399213,1.0213952623684583
0.45305370432259695,0.5069604392798231,1.1932827963504562
0.4921113617124661,0.6107955576084121,1.3070935792357026
0.5184692446024245,0.7192215963878548,1.430109741688637
0.4925274826891521,0.727485188815967,1.4515300486020928
0.3009644880410151,0.23588124562278961,0.951570587191371
0.2386317278984077,0.04475591900588444,0.7533948496038659
0.1843121384052854,-0.10364261632388183,0.6052617608371865
0.2667657873204624,0.1325094309670416,0.8523088346555984
0.41593973944842083,0.559323683004845,1.2684307328711386
0.43231311841318615,0.5267061882970671,1.2028388076596672
0.3076469784025666,0.12331974626064106,0.7629854775102598
0.28532959721617823,0.13250165154577234,0.7765456129540191
0.2893460407409827,0.1366297190077543,0.7372475963309151
0.24207397597110433,-0.042103175117966,0.4629866647343577
0.3075596995406445,0.14901402746563533,0.6096522755462641
0.35517212446885377,0.2753584080997993,0.7269943162659119
0.490268880673425,0.664963343611032,1.1362276413849306
0.5201292583609655,0.7398533816754048,1.2160639211709414
0.44859921111441164,0.5197829520993701,0.9839136569520955
0.4684985381333552,0.5459735898663252,1.0075143556833108
0.4878057939722372,0.5790550320811865,1.0391490743280856
0.45003192145953574,0.44581997206464896,0.8992210720237129
0.43910831609010365,0.4297383430023037,0.8843242506580944
0.5087174895489206,0.564818709522088,1.0163864000420155
0.5367020111792319,0.6759994937223153,1.1303739191607118
0.49394310486368426,0.6580725581567233,1.1233429507155448
0.47835991667843686,0.6102912321762254,1.0737990222016949
0.45609237895542376,0.6116640391500288,1.0823346384457646
0.4218888525020034,0.6373821319977139,1.1223367592772915
0.4378425242080245,0.6594364911910455,1.1385759480155244
0.4665956573407069,0.6612817333108681,1.13556071878669
0.46205796045419356,0.6640363499648044,1.1362333228356858
0.43530256930804234,0.6603546752812163,1.140417023929062
0.4155251430216361,0.6686183964761769,1.152136083459284
0.4251427497081138,0.664027411641899,1.1477813275832125
0.4722177800541221,0.6603636136041217,1.1288690191815354
0.4526619266237685,0.6874634517485154,1.1658587515096055
0.4590478351066872,0.7062996974647971,1.18142817692422
0.46294363215299905,0.7182450289599216,1.1938141590526825
0.443758262243419,0.7196179003171491,1.1974991516051352
0.4525622396970179,0.7030816483711712,1.1759077899089847
0.4283468034508489,0.6984817895974124,1.178250415088823
0.42445100640453703,0.6865364581022878,1.1658644329603607
0.4193710966045727,0.6883728262826293,1.169546584787436
0.41170138844125104,0.6989364768644692,1.1800943317277384
0.4401831052545056,0.6897547003461864,1.156832948900745
0.3804083004085865,0.6980094188348175,1.1849506368701106
0.4071636915547377,0.7016910935184055,1.1807669357767343
0.40479546604743283,0.7292544928693374,1.21290320368781
0.350272290742844,0.7623180619273007,1.267633938823352
0.35725025560258894,0.7742634578058495,1.2751692972601973
0.3823783882829826,0.7540545982660369,1.2365123845266621
0.4160397114742633,0.7274182534558444,1.1995198044775006
0.4115518580511252,0.7223637717984529,1.195167889326807
0.36129496331362193,0.7416457055643745,1.2289798668151939
0.4241519497448827,0.7333910549485695,1.1960115252871606
0.3905404700169773,0.7522183014474342,1.2279795861366325
0.40691447835845856,0.7407365920533594,1.2058895089038448
0.4264703317888123,0.7136367539089655,1.1688997765757747
0.35278150667557606,0.7136025493084382,1.0986768339627877
0.24496912434756524,0.7581388850764305,1.1870456423340021
0.25108423503004695,0.7870839013933365,1.2258707699993188
0.2690356499290132,0.8073018275867886,1.2432784297276291
0.32005632319753646,0.8077742618605795,1.2317275825057963
0.2782329296313419,0.8362469078510049,1.2772529328268647
0.28984828071717855,0.8298194895807335,1.2740666470664068
0.2867162670275424,0.8376285243808653,1.2839417917066418
0.3147554602669243,0.8119103018941036,1.2536409165094202
0.3120437759742649,0.7861832707235131,1.2251868004254198
0.2528610250923442,0.7875471402466394,1.245270423165945
0.23690735217990921,0.7654927814894218,1.2290312353021762
0.2781885340390668,0.7361018865892873,1.186515431884723
0.3360652886508608,0.71406540229731,1.1471802301535798
0.40999540672108226,0.6984650788315521,1.1140351752634337
0.4928513785228932,0.7007828204808179,1.094618476870078
0.4182301465258111,0.7600279757206676,1.1893484851160556
0.38639483592838425,0.7581826727063333,1.1972143450322208
0.47009147134980445,0.6934282806696985,1.1011391216925375
0.46311350649005945,0.6814828847911498,1.0936037632556919
0.41749400521713137,0.6823920017915668,1.1166940912999905
0.4144118374036983,0.6823919374081425,1.1215447149916073
0.4015403335111103,0.660337642598235,1.1004549025617574
0.3957464814050178,0.6346105470442205,1.0768514101693742
0.39439063925868806,0.6217470314589253,1.0626243521273742
0.40908815574513,0.6153196784443061,1.0545874444242276
0.4201114480413126,0.6157831108839956,1.059435227390467
0.424698984270604,0.605219388940417,1.0537381270131188
0.4283461837254442,0.6773460007947966,1.134748560114426
0.4266198580583408,0.6902094519966675,1.1538262418480432
0.4491810111033332,0.7499361738557142,1.210905528798739
0.39397092787934657,0.6764188783817207,1.1444554889484153
0.3854155480172194,0.6327738499684434,1.097422399671721
0.4518704963934412,0.7255906948315598,1.1939908952861327
0.4758871785115138,0.782562735653246,1.2552482018794495
0.36017454634461893,0.33921274673685825,0.7787299524348225
0.3283662701339226,0.25835004292492325,0.6927006815845808
0.294117718548377,0.16278730388558976,0.5984634247163928
0.3628634119093222,0.2937314789100883,0.718313463947819
0.3613568040426545,0.26202368763185957,0.6321562306847562
0.3829751372909796,0.3198975811000871,0.6019356540878563
0.4817030868671496,0.560186085066134,0.8369416607704161
0.44853958823552825,0.4875956544715195,0.7801871868525712
0.3366465120431733,0.1641533041678016,0.4584764410132915
0.25875338614408344,-0.0035450380847843323,0.2996273912489923
0.24886498656439152,0.01115472826146054,0.3272378602673541
0.2632640619959865,0.07271775391742437,0.392849922736742
0.4105460168462237,0.3989318893032227,0.745494123737751
0.4332849644675705,0.39848549652482884,0.7806084392674788
0.38093609592636907,0.3272679372874419,0.7275389579020869
0.3236285837891007,0.27120527099986974,0.6699694845866005
0.3045194549512927,0.164615835239552,0.5312329556621688
0.2590752693531001,0.02080868239206556,0.35835089238791107
0.1772365001687165,-0.1510259015549095,0.19214037087029953
0.19008580459615196,-0.17904411835817877,0.16786143223278613
0.19077816762513344,-0.18041737601595173,0.1932801818300352
0.19218385369743954,-0.17536295732355234,0.20248272214310237
0.20354936532816728,-0.16388067196757206,0.18091717915562358
0.19501618446859154,-0.15745319018610443,0.17925283947553605
0.2340786675913283,-0.18270797936094843,0.1537997489934823
0.31437374516923994,-0.18727299035198613,0.1778590758159377
0.35661869863696777,-0.2070101299417603,0.1810082010886222
0.3836658500494814,-0.20563628585485494,0.11193381539548296
0.3963577001895009,-0.18681624281535406,0.024483034323109266
0.36544363976290595,-0.21574544231991066,0.11778185616894671
0.3355641575792404,-0.23502905354426393,0.21008612452965225
0.3550732680236468,-0.14864084369052283,0.3956301921562832
0.41814885068320684,0.05443790441244047,0.6577020033496928
0.44909428132467155,0.1523002509215323,0.7750210660860463
0.4668199161537084,0.303907756907714,0.9499237822326695
0.5094749443382778,0.4876786307918374,1.149769564483122
0.500006868041926,0.46884232069213144,1.1390507627601245
0.4347414630743936,0.25428961206290507,0.930652067733063
0.29140636888203036,-0.025516705556040093,0.6723730536010482
0.2951256108027973,0.08887331818175637,0.7937277170992726
0.22781201176238028,-0.13716961433262212,0.5456832497311189
0.3058768670541474,0.0571739431807249,0.7348274914929561
0.4927574720595178,0.44586986078565066,1.1112692036609106
0.5071109100352005,0.36501628844689354,0.9991400569882911
0.37874290877511546,0.026402263065762308,0.6225647098366704
0.26333705469303353,-0.02646003064589684,0.5790597759480491
0.3407533289363262,0.24826602745955353,0.7900209240975058
0.27711395038535963,0.015332298143409605,0.5290917542939138
0.3180696628350094,0.1329491805308888,0.6541200474430808
0.3681217360110456,0.252857784894922,0.7361681956741731
0.5293037193353379,0.6975901629422607,1.161167819699173
0.5414114374584225,0.6998900923291401,1.159996507109254
0.4843303239100743,0.5335736354875681,0.988433833224316
0.5034658503562791,0.5400098624416683,0.9897733598715528
0.5221810691209574,0.5799821475164375,1.0294421315026694
0.4871188809009154,0.4724741186704903,0.9179682452822973
0.4554552900448546,0.4972740344058298,0.9561293041917136
0.48738546698808827,0.6125910971796806,1.0774783333033924
0.5030905411026377,0.6948267367322674,1.16234197301447
0.43416830001776524,0.6663272766453544,1.1514606386849104
0.37303765302551645,0.6617184795486902,1.1653512686122758
0.3609299252511206,0.6594185536507234,1.1665225881979084
0.371853540271864,0.6755001792241562,1.1814194025678135
0.4202345693008268,0.6925089950830017,1.1817586714078259
0.43882788283358054,0.698026973563507,1.186107745833142
0.42104819853370556,0.7044542621947019,1.1989952772279056
0.42104819853370556,0.7044542621947019,1.1989952772279056
0.3999149301009696,0.6998544678043673,1.196487278716127
0.4044027835241077,0.7049089494617589,1.2008391938668206
0.41596828873374125,0.7062906303750434,1.2026774290549809
0.42861821977027675,0.7095088082355177,1.198496568686982
0.4197643988533026,0.7338541584928236,1.2251124495828223
0.45727166597620855,0.726972246977996,1.2055303778575268
0.4736456646663786,0.7154905410728337,1.1834403076204525
0.48185758574315124,0.7058451389645886,1.1698830129020708
0.42970264559717863,0.7113453051827076,1.1924774731308234
0.4385066230507775,0.6948090532367296,1.1708861114346725
0.4449423749970715,0.7058362006416833,1.1814310176495975
0.43219275703378546,0.7182362194038647,1.1956609164169754
0.39522770282433045,0.7260363793922873,1.2122334403641917
0.38058002014995246,0.724654637584491,1.2152458358633622
0.3659323471268858,0.7232728922877825,1.218258224366819
0.35069261772699295,0.7287819968288066,1.229304679848045
0.38447581719626434,0.7365999690796156,1.2276318179918246
0.3984816000304408,0.7526816590364727,1.2376780086701125
0.3880503544597731,0.7453273802479625,1.2247961657218178
0.4578132591642548,0.7067547066489751,1.1590189751050501
0.4084198467743168,0.7301728057263566,1.2050430322181136
0.38551039955979094,0.7462455643381333,1.2266372416353555
0.4235598933680565,0.7402819047863025,1.2040455922649296
0.4032402541681993,0.7476273775076682,1.2187741995732309
0.36627519030743294,0.7554275409850032,1.2353467305161605
0.4334981401119325,0.7177730514761864,1.1714106158129307
0.2659528623901754,0.7861659744007488,1.204627198444849
0.2679506043767066,0.784329541836983,1.2057956703093906
0.2695778628424641,0.8082200760603836,1.2402688819495498
0.31687446845735284,0.823392394099811,1.2466272445967923
0.3582775374522263,0.8284558123356516,1.2394311515021026
0.28402678173743434,0.8619740034050195,1.3008564252192483
0.2821287266776537,0.8481922393461294,1.2896389149553273
0.31655382839995444,0.8413102625756494,1.2749074651727201
0.3369731593522178,0.8183465914871717,1.2501298159671832
0.3159395730205768,0.7981286022186376,1.2375727825538825
0.3140415179607961,0.7843468381597476,1.2263552722899616
0.26955628356531736,0.7792833546682546,1.23840198732734
0.34185914075695334,0.7397924978513244,1.1707837225459632
0.38703611604318106,0.7223469357546568,1.1406539038803651
0.34277245691658265,0.736119568340369,1.1779712899666634
0.38050129689554124,0.7480737737749745,1.1836598910392164
0.4663175602327946,0.715937262746663,1.1240728507613025
0.40595069901004927,0.7310828310730271,1.160224605708437
0.44604776449631267,0.7154736371567006,1.1337769388699142
0.4676013599131975,0.6865373664485414,1.0979556784063855
0.42565608283052875,0.6805556979946495,1.1081613157812982
0.4181359050573329,0.667692053642506,1.103635505122532
0.4052644011647449,0.6456377588325983,1.0825456926926822
0.39688075069529494,0.6286379456800824,1.065807795413526
0.38990278583555,0.6166925498015338,1.0582724369766805
0.40968021212195627,0.6084288286065731,1.0465533774464586
0.44669510979478655,0.5928195703068226,1.024956334299553
0.45133248948745314,0.5744467500519161,1.014234714722515
0.4935443571566821,0.7205453446473463,1.1635391043130612
0.49041234587987376,0.72835437857525,1.1734142472043678
0.5195089377979106,0.7834900512165945,1.2309894019706091
0.4928304148505539,0.6929818809129903,1.1362534600936025
0.4208530306876674,0.5854649591339647,1.0363276256849667
0.4335756239155343,0.6520823376804715,1.1159928506882824
0.4745313363651841,0.7696992200679508,1.2410211438374492
0.3494226703678642,0.3497763329352741,0.7941283230667419
0.3306846521778522,0.23859574188531935,0.6655889328731945
0.32141533000959677,0.16738724973768618,0.5912701993770418
0.4035975515029195,0.3925122443481342,0.8180710842991376
0.43715249732765377,0.4471766477234102,0.7998858352178405
0.3880550470909439,0.3180612129197457,0.5982535022607811
0.42323972616245736,0.4811592987505707,0.7885489075885685
0.44671419536707907,0.5372130910986619,0.8528157619599646
0.42603310438677877,0.29096992679771183,0.578819507334886
0.320100783960326,0.14898979481220279,0.4502713192528276
0.2189325608597111,-0.10599873870751417,0.2070573324353479
0.18788930986932767,-0.1248354994911896,0.23029289655366936
0.23616707124069497,0.07915301512016128,0.4669488047582336
0.31453037128811784,0.205506205310382,0.5824440881135887
0.3562762745172855,0.24272426700958522,0.5923365275374344
0.31452974416109547,0.18437039381285283,0.5389422096070868
0.29660535520396225,0.08513506987459837,0.4276394252336191
0.24270609269498888,-0.09679953055366196,0.24117707749163284
0.20978512369555546,-0.1427529201199225,0.16805830719490955
0.2010309906305341,-0.13402576364840818,0.18462515263288384
0.21987414120556897,-0.14641748792192655,0.20735348603414921
0.21149111046152377,-0.14228151227182684,0.23411744372939014
0.218518918784644,-0.138145214704606,0.23662828296654612
0.2198242977421937,-0.13860838961059865,0.21237800523383873
0.20867973924211378,-0.15239034681976146,0.2157123660447689
0.22133029000405396,-0.12803638015667138,0.2550333606511674
0.22781588541372325,-0.12481833106304549,0.26055374766640266
0.23994456308854978,-0.1147174690866528,0.21774747472429584
0.2702240283094297,-0.11563507372600551,0.1722507855862053
0.32127298265397636,-0.1519084652612684,0.15380851229997486
0.3407370693968734,-0.18680107725167522,0.20511324274730647
0.3486861182395142,-0.2097486726857643,0.2930570509098484
0.389028820311809,-0.09304185602888038,0.46775438903805044
0.43262417458819147,0.008038645645772403,0.5808925678743007
0.49855973618053623,0.1711455637275677,0.7693412393698998
0.5166336555277953,0.24695359273183853,0.865570466144299
0.46771523931824915,0.099936620895965,0.7289768717150661
0.42582462403020566,-0.04294407606760111,0.5948940929908845
0.4183764887229365,-0.013544308536327933,0.6307125127290353
0.3988476600280019,-0.06546186770062246,0.5738071212864122
0.4110772640803884,-0.028707624741654073,0.6079555198937204
0.41341784512686947,0.001610584413486773,0.6262125207789411
0.48435520886957467,0.20743605232972534,0.8228949734690538
0.5071151160426635,0.21479059214084484,0.816374328646594
0.5054656585743544,0.14082754772269956,0.7365323674098284
0.3621232790501273,-0.09443202458110059,0.44350979275609825
0.39155120678778227,0.18763076107308282,0.6661956818865319
0.27787167097118604,0.12190499346463934,0.6036130427321886
0.2672921515141309,0.18024960642134538,0.6928084838681479
0.3370514602852431,0.31303842141993493,0.853298883563188
0.49704933085588304,0.7715524991427395,1.2943666415437258
0.4841543885099341,0.6571541165328557,1.140904369568475
0.4913581322331945,0.5377099330547888,0.990944672461472
0.516387217014865,0.5542550519624228,1.005838639110286
0.5318707182733619,0.6176545745655766,1.0654316060235154
0.5021100275125719,0.5271463398785481,0.9755462878381255
0.4521245394431852,0.5574552957714874,1.029604425920385
0.4500000857944843,0.6539273222665971,1.1323801162259155
0.3939223238667807,0.7264995542982801,1.236483718096899
0.36228576739745033,0.6722820692360185,1.1807496462399087
0.3781175628254807,0.6598821113683488,1.1616691167852005
0.4041091682021284,0.6438094206289089,1.135224290672055
0.3935290216180509,0.6810182220880857,1.1809178533015126
0.41910030001054965,0.6984815964471397,1.1928022861636742
0.4071643112801424,0.7228268823210214,1.2242687907511314
0.39836033382654357,0.7393631342669994,1.2458601524472823
0.40847030996309686,0.7434994962176444,1.243520367992821
0.3969048047534633,0.7421178153043599,1.2416821328046612
0.40339040016313255,0.7453358643979858,1.2472025198198964
0.38501864983511996,0.7586540063558264,1.2681241251881423
0.40393261307658346,0.7462541128715808,1.2441929720418172
0.42933216207640496,0.7370722719698738,1.2257822129064408
0.45727166597620855,0.726972246977996,1.2055303778575268
0.42738426355324904,0.7310996062223115,1.2195892218422095
0.44311636240321756,0.7343178484662101,1.2105577377825938
0.4076068372668428,0.7393633274172721,1.2313082813724312
0.4183587132435976,0.7287997412188563,1.2159099107405116
0.432956542803289,0.7379905848268928,1.2179220414367444
0.38020953662917883,0.7503816043716572,1.2485505756389794
0.3666961328963893,0.7430272577108106,1.240519349386588
0.4041535662072313,0.7439544410183982,1.2259617898652686
0.4008498255377457,0.7251182596855409,1.205541740759037
0.38284856838181813,0.7127094313673026,1.193158599355952
0.41468386932793355,0.7145547378705492,1.1852927464355005
0.39826002717438824,0.7338455420870394,1.2124073358722642
0.4089620596877678,0.7310910541999515,1.2020334844400342
0.47381677433365116,0.720999967530979,1.1702336446435935
0.3564366263697102,0.7623181906941492,1.2579326914401179
0.336116987169853,0.7696636634155148,1.272661298748419
0.4032900935109773,0.7398182722180258,1.2137497032448785
0.44895944236787794,0.7311000638845954,1.1856348331295532
0.38210697608415206,0.7430275866062461,1.216266208057166
0.3985308278890086,0.7237367789008433,1.1891516116246887
0.2686645466828348,0.8118930055713391,1.2330813145288493
0.25288260316307704,0.8164838620748824,1.2471373186626187
0.27034164861196763,0.8279744414834118,1.2625300069693188
0.28326299596793086,0.8422196379819914,1.278595300199479
0.28343472536060815,0.8688648532427525,1.308890492197017
0.2758148594542478,0.8716194059493787,1.314413720812094
0.2815366703008275,0.8550830891838623,1.2976729819330963
0.2854823108105146,0.859219322367659,1.3050344448618691
0.34335906783513653,0.8371828372034534,1.2656992413817976
0.42587159050290424,0.7862101448422845,1.1856921519976524
0.41581145782972617,0.7742646845803116,1.1830074172524239
0.3459266671959425,0.77838304460721,1.2134648966719637
0.3902900132492914,0.7489922153988421,1.1660984721862862
0.48880605108645553,0.7122647839196771,1.0973060523406841
0.45080641451347386,0.7104193486495819,1.1148731526443694
0.3615374998420137,0.7682827620816354,1.2126155563895178
0.4860451430558255,0.7154826398630304,1.1173783104307704
0.4713974700327589,0.7141008945663216,1.1203906989342272
0.46831530221932577,0.7141008301828973,1.1252413226258442
0.4447417658133582,0.6948010232600776,1.1145253616282242
0.42181012924759215,0.6608012681881973,1.0907508144531461
0.4109363673415354,0.636910540814524,1.070829473887838
0.3988784926818261,0.6268015131163167,1.0669762672780678
0.4000127619721033,0.6208289117521788,1.0559326525222195
0.39244274073553215,0.615774365711363,1.0564313610631428
0.42745989642183124,0.6020015399753782,1.0336658460516952
0.45998694067152346,0.5813378000182361,1.0077168877540956
0.45116076009477585,0.5478015347911551,0.9839395227249771
0.5075999738029225,0.7288179397817879,1.1685607827873732
0.5329226546039496,0.8064625945000972,1.2490696666223795
0.5413561485367748,0.8156533093412852,1.2607830447018462
0.5309297383502861,0.6792091195604296,1.1086373213905378
0.4739434859958208,0.6263643735996349,1.066289482473521
0.49724622580776523,0.655772950686965,1.1002611448473794
0.5169467838953771,0.7343357251120206,1.1874617282875402
0.35834853375076503,0.367694394561385,0.8078566725678188
0.3599799982239855,0.24135923247873672,0.6595641558662807
0.3274307549717418,0.21195046224113398,0.6401443645672737
0.3377568626266726,0.34287706682034397,0.7588372484322267
0.4362613801705759,0.5009220874291105,0.8380670173937466
0.41611705664545423,0.36355129030257266,0.6568232333834917
0.4115799794843456,0.38744169575912474,0.7009976924068847
0.4241806867829105,0.41960476073354264,0.7453432062129727
0.4367363763509678,0.33048701651585544,0.6554493658514503
0.3935397890842101,0.16693372137275456,0.5021150194262567
0.23074852468743492,-0.10139096607190928,0.27077668745688055
0.2050775575177812,-0.10323614948203588,0.26894128711107185
0.20322328258810315,-0.03800867628032393,0.3049594269489934
0.2073616120422096,0.0005737047537470324,0.30098112152311685
0.21333263899925176,-0.055008103132294595,0.25911778752013537
0.24741007721671598,0.03504519810143684,0.3665616955991301
0.2828192957009355,0.024482126970414835,0.3123583354342747
0.28067622378052814,-0.10047985885906974,0.14349767517802609
0.2797413283437521,-0.12574365074024324,0.1344432131351161
0.25653951490936766,-0.1284988468449976,0.1774262223106731
0.25555539573462105,-0.12481775161222748,0.21689813444184977
0.24295592973726998,-0.11470923330768562,0.25955633646758214
0.22912188594708208,-0.10414571149269407,0.27980533079111863
0.21713543402789487,-0.09312711611010024,0.2727944996038683
0.20761689269235864,-0.12529012237482232,0.22359835622313715
0.20973652245859625,-0.09267223569277064,0.26008654516793256
0.2208102779435589,-0.07888211276179323,0.3034116639088795
0.2184204731591073,-0.08025543480299044,0.3336810371977456
0.2318126065674022,-0.0862196198899313,0.34989443009864374
0.24374921502321417,-0.08942911696119726,0.3619297804855835
0.2612076395402861,-0.09907432591916965,0.3338206146923507
0.27972953033251785,-0.11468397051946547,0.34132731369514674
0.29024013265491017,-0.10961303562942135,0.4292969265749335
0.28385606774639177,-0.06504189661257402,0.5442330918409898
0.46161750069903734,0.25015402271335074,0.8747843678881201
0.6161800600697117,0.3700974563061525,0.9785492052796384
0.49937881087168734,0.07513671213845056,0.6908158267970768
0.46594388851902047,-0.008480759789182654,0.6138151757489682
0.4494203594387246,0.026428241049963268,0.650978803585111
0.41420865563179204,-0.057652447472173476,0.5545785220280169
0.4461388251734081,0.057664592606763945,0.675927527607591
0.468677779215849,0.06731880427106586,0.68763806496168
0.5211983771497277,0.16518157876921385,0.7710027383246097
0.47563291794602014,0.00805587845734071,0.606302795295417
0.5001918203791614,0.06594619044753514,0.6645505776427592
0.38356692375073925,0.12929395023255955,0.6527634859842564
0.29214404214222905,0.2781036357468607,0.7731692909037536
0.23017756691455002,0.2114770613437516,0.7244545654144329
0.22078152343281363,0.23490416661637512,0.754080001084066
0.2939880477311715,0.4499201944231276,0.9721770487090612
0.4219855728721005,0.8142612092863384,1.3820571591684037
0.3747430191408778,0.641054095757306,1.1879085472308462
0.3797004232861354,0.5836276252022599,1.1054048292321463
0.4061567536520349,0.6341638897538152,1.1313682433369074
0.4326635472067144,0.6980268447966584,1.195808993216376
0.3823118009266395,0.6038370641928904,1.1004061287411286
0.3735078234730406,0.6203733161388684,1.1219974904372794
0.40114888631799733,0.6782636698175736,1.1753946255608996
0.3937505944741035,0.6998543390375189,1.206188526099361
0.4187568412251951,0.6451911659256174,1.1322119021685981
0.3781175628254807,0.6598821113683488,1.1616691167852005
0.3761696643023248,0.6539094456207867,1.1554761257209691
0.38142130349496634,0.6787182927012062,1.1820891658914319
0.38218508926446987,0.6984726581242343,1.204350290911201
0.38235680900583585,0.725117876873908,1.2346454899044523
0.38312059477533933,0.7448722422969362,1.2569066149242216
0.4022062874094801,0.7591175640734517,1.2632706537754343
0.39453656959484706,0.7696812181442043,1.2738184077114503
0.3934023003045699,0.7756538195083423,1.2848620224672984
0.40551002807896575,0.7779537454063091,1.2836907028816655
0.4193440718691536,0.7673902235913177,1.2634417085581293
0.440255767445837,0.7531539010322191,1.2406790342720593
0.45354759832257396,0.7416721307436326,1.223439587726602
0.4248443086532669,0.7320177903124823,1.2214302977557472
0.4343123849496187,0.750854100412188,1.2321490994787445
0.4052386117595379,0.7669267267682038,1.263444549283507
0.40210660048272956,0.7747357606961076,1.2733196921748133
0.4071366668193186,0.7807084908270939,1.2746620595474276
0.36183779595247756,0.7636997428405852,1.2694721740115118
0.4225751503473078,0.7228272042381425,1.2000156722930466
0.4790462145237413,0.6957363044166539,1.1514779352174496
0.41981362259127314,0.70490927137888,1.1765860754087358
0.40316820758167526,0.7053639586459369,1.1784299920476509
0.3969041850280585,0.7209820265017441,1.1981802778302642
0.38615229939999246,0.7315456161890725,1.213578655457897
0.37458679419035884,0.7301639352757879,1.211740420269737
0.4032900935109773,0.7398182722180258,1.2137497032448785
0.3697284572464471,0.7508364204055626,1.2406932448946606
0.3818361753695316,0.753136349792442,1.2395219323047415
0.3823783882829826,0.7540545982660369,1.2365123845266621
0.34168927054049025,0.7765546489984106,1.2709940954716166
0.3631431790306246,0.7632365749129069,1.2452218734074672
0.37702706628418775,0.7448639547865875,1.2199483598842413
0.264890634359411,0.8344019880844177,1.2560150444720783
0.2567285561428067,0.8362382920993919,1.2645478204280027
0.30022905344775497,0.8238470813668681,1.2484711612357076
0.29655482925749566,0.8307378668211767,1.2613558519050934
0.2637071407279563,0.8693194767805563,1.3155850338392456
0.2732749045542656,0.8725375900395494,1.3162547967256317
0.2815366703008275,0.8550830891838623,1.2976729819330963
0.32412384963652563,0.8463648086164651,1.274408756631797
0.4054522547249852,0.8091738176752183,1.210469804701046
0.5045603489389755,0.7655555363583205,1.133643317877675
0.4735885206891141,0.7678463986554461,1.1537212574185167
0.4633068151598835,0.73706482144404,1.1257658498754395
0.4461191872368347,0.7366012602375019,1.1306193142924341
0.46335665862325875,0.729255723132712,1.12074133067575
0.44762455977329024,0.7260374808888135,1.1297728147353656
0.3926090150186257,0.7503737031618539,1.1824885784492971
0.43973389847932065,0.738900803323836,1.1585517438522168
0.43465398867935634,0.7407371715041774,1.1622338956792921
0.4840972445326696,0.7095099741154681,1.111185319366539
0.4326340476902737,0.6925010938731984,1.1156966742181436
0.4224021856244184,0.6539104183504644,1.0827167474753772
0.4115284237183616,0.6300196909767911,1.062795406910069
0.40898846881837947,0.6309378750669618,1.0646364828236066
0.4121204800951878,0.6231288411390581,1.0547613399323001
0.41525249137199616,0.6153198072111545,1.0448861970409935
0.4356219740352286,0.600165236178461,1.0251330705330028
0.48025673640800537,0.5818014256081984,0.9980127996454842
0.47710252200804826,0.5395379423630429,0.9625192158115212
0.520128018910156,0.6975818040701732,1.129060211222147
0.5625614594354374,0.8625165156150367,1.3036352736105419
0.5979989614085082,0.8152076178027329,1.2425404856323603
0.544221569227023,0.6677273492718432,1.091397874845081
0.477468799521359,0.6640366718819256,1.111980204377601
0.48205633987124763,0.6534729569166613,1.1062830811289153
0.4983534703626233,0.7288177466315152,1.1831126538622243
0.34722617425323654,0.403984947546967,0.8565597829753556
0.3188705534973442,0.29739534830960435,0.7323751257865422
0.31793503833516346,0.2509957676258151,0.6798188087692352
0.315836989696477,0.24731460800962074,0.6451975203296755
0.40810030341471976,0.492185995471555,0.8330481796448125
0.40617942962698295,0.4071959324153044,0.7329600648098877
0.3911660988160102,0.3024512464023288,0.630013319721662
0.3871490355658011,0.277187390137731,0.6258094813703692
0.3750419371681213,0.29602324955346737,0.6704826489346856
0.35302299703657986,0.23721477616801562,0.6103938142059105
0.24068132597303857,-0.01594570068120797,0.3339037293977844
0.22413497816478656,-0.05224499883942252,0.2821967526629234
0.25579916944362946,-0.05590911879432119,0.28753756271933106
0.24625422864929208,0.012081078073445845,0.37573841573276884
0.17158611419427494,-0.11336195930784194,0.20572348723886635
0.2052419841263764,-0.032044176254576284,0.26449293846134764
0.2595885983549178,0.037336961766501635,0.3187309034573337
0.2699465486567292,-0.03984375679218089,0.20426480128957836
0.27581788868702084,-0.07980736805556676,0.17245050568597595
0.2754756693524757,-0.09082622097185748,0.1988638316396942
0.28423042306810403,-0.0784175858038919,0.22579884411763013
0.29177948475293314,-0.08116397235258942,0.2669350959288943
0.2939273768549949,-0.08529191104772295,0.29653186516876445
0.2879341508954013,-0.07978261335642604,0.29302644957513924
0.2567899716770535,-0.12527276079640554,0.23930733626101952
0.24095880747614348,-0.09173701194130425,0.30188971957743754
0.23003643743692356,-0.06554707037673245,0.3739966310319504
0.22597015044874386,-0.061866039527386577,0.418319166854744
0.20883298571447506,-0.049002910242636706,0.46164996704644623
0.21670331088291614,-0.04853136511710008,0.5180078650222321
0.22930401818148105,-0.01636830014268213,0.56235337882832
0.2191165541207286,0.045186044724073296,0.6201109512787668
0.30320772159037673,0.06818456599177676,0.6666053096789778
0.38991573146142394,0.0034384005714682094,0.6123389352038412
0.5133749325888173,0.3493982205910863,0.9793897712056782
0.5912957140511573,0.4592149883799696,1.0878455874718382
0.389871333456321,-0.09670661981802126,0.5216014360106279
0.42797065695605324,-0.11047938117058186,0.49398529730756335
0.4661648416496683,-0.010780431642365154,0.5955839935724195
0.46535121241678956,-0.022725698754065438,0.57834738775234
0.4843372084728685,0.007137823134018462,0.5947604719986453
0.533134365880135,0.14083629289533212,0.7395362337371525
0.53695812046052,0.11051821250703979,0.711577985468698
0.42777252255336157,-0.03697141032003889,0.6010870840551157
0.2809030904967472,-0.07513439971687944,0.6191469732601228
0.19512331045601689,0.08055809170236343,0.691226104230851
0.2300016218630985,0.3350575458779519,0.8769251087543054
0.24773084297419354,0.31530356675546906,0.8255602415848344
0.22751089070108693,0.3070308428541789,0.8302398104937564
0.31321842571994785,0.5698281357469176,1.102731417319932
0.42595217293352966,0.8261983750596483,1.3477836617449892
0.3790591431713386,0.6194633621539365,1.1619652703840018
0.37807378454578255,0.5808728797814752,1.1144334725663843
0.39215160019457446,0.6392179851106615,1.164823900637303
0.42694173756654863,0.7145631611260609,1.2125497312209097
0.38189147394249057,0.6373731292913843,1.1387353877164355
0.3812994175656644,0.6442639791291174,1.1467694546942044
0.42741190801407286,0.6732179977162388,1.1691959530459133
0.4279541209275238,0.6741362461898338,1.166186405267834
0.396489303502182,0.646563972899421,1.140747518412668
0.3761696643023248,0.6539094456207867,1.1554761257209691
0.39140939370221767,0.6484003410797624,1.1444296702397432
0.3947131343717033,0.6672365224126198,1.1648497193459748
0.3872649990644341,0.6966362899438929,1.2006681390841256
0.3886208412107639,0.7094998055291882,1.214895197126126
0.404032300003334,0.730635916248925,1.234143933642438
0.39912411959604704,0.7591174996900275,1.2681212774670512
0.41485621844601556,0.7623357419339262,1.2590897934074357
0.4213418138556848,0.765553791027552,1.2646101804226708
0.41058993787893006,0.7761173772259677,1.2800085510545904
0.4207497574788586,0.7724446408652849,1.2726442474004398
0.41880185895570265,0.7664719751177227,1.2664512563362085
0.4250160380459441,0.7586630055732433,1.251725489753285
0.4154482748228418,0.7554448920961931,1.2510557264296667
0.4139927457497615,0.7581995731335537,1.2468777067870456
0.4153485878960912,0.771063088718849,1.2611047648290459
0.43330000158864357,0.791281015348415,1.2785124254318203
0.438971967765434,0.7825537973303407,1.266796206626976
0.47495166334933303,0.7361631549694567,1.2026918848621422
0.4245230488704637,0.7287998699857047,1.206208663357278
0.42240342095463057,0.6961819889773814,1.1697204802955086
0.39229444567561844,0.6814732312722637,1.1585086514823428
0.38289841184519335,0.7049003330559747,1.1881340801562623
0.36252891953064964,0.7200549075775807,1.2078872136599665
0.3498291450307389,0.7246458280284342,1.2170925932276548
0.3503713579441899,0.7255640765020291,1.2140830454495755
0.3618870196904481,0.7347548557266415,1.2209457998374251
0.3627006489233269,0.7467001228383419,1.2381824056575046
0.3710842993927768,0.7636999359908578,1.2549203029366607
0.36671833189894076,0.7930997679055554,1.2858880989831947
0.33618903375637704,0.8119270822772461,1.313005506273999
0.3639069648001281,0.7829909403359351,1.2674829984272362
0.3580632692306603,0.7650729430932484,1.2489040252345425
0.26235067945942886,0.8353201721745884,1.257856120385616
0.26942833245233827,0.8316473709943673,1.2553424395486183
0.29315140166125947,0.8275198821109752,1.2509848411982412
0.28888511868134614,0.841301518275245,1.2719036005943243
0.276406915831074,0.8647285561116457,1.3063796538343253
0.28402678173743434,0.8619740034050195,1.3008564252192483
0.309476176613459,0.8449830633197565,1.277421145135254
0.36594724561554803,0.8178921617538117,1.2288834045618
0.38939889609221356,0.8027376551045423,1.2042796543621923
0.39901650277869116,0.7981466702702646,1.1999248984861213
0.3923099542383741,0.7972282930298212,1.2126356936474345
0.3597607109861304,0.7678195227922185,1.1932159023484274
0.40293995393713816,0.752210389770404,1.161917604822574
0.4480670857599906,0.7425739259850641,1.1368123053566652
0.43551684165020565,0.7237375515019341,1.130944127325285
0.5321348147762778,0.6732283594527914,1.0509342042114753
0.5120367484324732,0.6994099491235903,1.090933484317625
0.48350518815584337,0.716400823953201,1.1192193863443078
0.4796093911095315,0.7044554924580765,1.1068334042158454
0.43830601386706425,0.683773875855124,1.1039804554132993
0.438997757170641,0.6612648293947353,1.0858973500361515
0.4472595217107889,0.6438103289751623,1.06731553611808
0.4548793864107354,0.6410557767046502,1.061792308377467
0.4402317133876687,0.6396740314079414,1.0648046968809242
0.4400101405316162,0.6208379144585083,1.0395340240830757
0.4443761080254522,0.5914380825438108,1.0085662280365417
0.488468657484778,0.5721560234999532,0.9844555049271022
0.489802296507959,0.5349470219121893,0.953313836243833
0.5324344952819342,0.64750955838744,1.0642889439877352
0.581525256488965,0.8423075273083758,1.2746796082602403
0.5744026062745845,0.7246995118825525,1.1429539200637366
0.5135205375711847,0.6599094414044584,1.088220113009684
0.4731526754908982,0.6856274054852952,1.1379234812244454
0.44124533207885597,0.6415186870986315,1.1054451037479798
0.44365857531666847,0.735236096939805,1.2075481900045144
0.3617471356141336,0.5000022867750198,0.957491556641971
0.3123080898888806,0.3810037948359946,0.8257743817416897
0.3047152499243532,0.30474094979781846,0.7374024857116093
0.3147021006807951,0.23215142057114305,0.6127392801111267
0.4020350349891994,0.45543188127943507,0.7891985336542701
0.4146627670231834,0.40857754894516474,0.7396489236896648
0.3689760490171962,0.2381333465587317,0.5831311479697461
0.3875970070107738,0.1857697165331644,0.537086953598766
0.3743051761340369,0.19725148682175092,0.5543264001442232
0.3430120881013724,0.1963244287920991,0.5591827052865953
0.2869649297895284,0.018517755711515656,0.34312357653868647
0.2543436403705492,-0.053154437756960625,0.28335954307670996
0.24406255456672332,-0.06280022616575104,0.29890599050803013
0.25104051942646827,-0.050854830287202314,0.3064413489448756
0.20648262340208148,-0.1193175210106843,0.23464197097898543
0.22788124482097258,-0.01687237241031441,0.3096562923904546
0.270341713782482,0.06904495317331732,0.39033624277420836
0.2646463054515218,-0.014571927956041205,0.2696799902675994
0.25690455482227337,-0.04627168925761807,0.2398835068109848
0.2790724056185359,-0.032026299608765706,0.241396928966294
0.2941127611649277,-0.006299010904478453,0.2504485502838264
0.2853376713237709,-0.0053727785118848695,0.3086503648985275
0.2797942722845554,-0.02787379936476411,0.3469279746904382
0.28398974571592633,-0.04164727591330554,0.3726687194664977
0.2782949608111796,-0.10412835689259163,0.2955143337003382
0.29412736631330344,-0.0953925224687331,0.31993566621574054
0.31412700448378955,-0.06368434488946982,0.37698912046633726
0.3139565182427306,-0.04805797119754275,0.43369765018364576
0.29304542308882925,-0.012685852858003319,0.4999621934355399
0.2661700051895902,0.01258552529416677,0.59933174825488
0.2644449189732963,0.06772055410126922,0.7054131399372912
0.31107322472675897,0.19774602996820317,0.8622270927881159
0.4330096726463952,0.3751071889434185,1.0454917818510099
0.5678710735066755,0.39535205233072396,1.0185541668365432
0.5880640158475984,0.48264221893052905,1.1077697687625239
0.5750207825623331,0.43394270885986047,1.056384764335136
0.38356166974598316,-0.22350516130439158,0.36361050088518115
0.4187457327929007,-0.08154285292872553,0.5104040630046239
0.44019544267718974,0.055364791986732984,0.6673975928142762
0.4229129461586404,-0.05857050279549574,0.5430361987312452
0.4477702822450109,-0.06867059217079775,0.5276349873739482
0.5128873888716092,0.21158096630273032,0.8381109264167679
0.40680678490745764,0.1352997295513498,0.8116400294146772
0.2220866195409651,0.05072819845290134,0.788691582817799
0.11070390949458316,-0.06368858721764346,0.6971302981044857
0.11617464264165842,-0.10458677839825349,0.5750065911752084
0.2012323549115418,0.19632146366518305,0.7823114249680275
0.24023348392895383,0.3736482214006859,0.9099050354970719
0.26521208621922165,0.37686665679485715,0.8863216803626053
0.37005579186423865,0.6672360073452259,1.203654708878911
0.4270143997578801,0.7779623618120934,1.2963958165922238
0.3713881955572075,0.5877554351305451,1.08550930737551
0.3772103118495285,0.5767367109811027,1.1022213859459944
0.37555602864835186,0.6318635740663905,1.1616432980765286
0.39569911272266406,0.7269627935876968,1.2558833721379894
0.39059638419474363,0.6575908627706778,1.1706949193940608
0.40822653810449283,0.6745908690734665,1.1728809455983662
0.4218618277665843,0.7163995293064023,1.216231883047985
0.41130870591792595,0.6745909334568907,1.1680303219067492
0.3927652358485474,0.6612638566650575,1.1586567282817435
0.39902925840216413,0.6456457888092503,1.1389064424991304
0.3997930441716676,0.6654001542322784,1.1611675675188995
0.4005568299411711,0.6851545196553065,1.1834286925386686
0.3948848637643806,0.6938817376733808,1.1951449113435126
0.3962407059107103,0.7067452532586761,1.209371969385513
0.40894048041062103,0.7021543328078226,1.2001665898178246
0.40516656929361117,0.724663314884787,1.2231003188865897
0.4109604213997037,0.7503904104388017,1.2467038112789732
0.41431400553256464,0.7614174934603312,1.262099341185515
0.4131298927789122,0.775199193135797,1.2781674751410528
0.4213418138556848,0.765553791027552,1.2646101804226708
0.404154185932636,0.7650902298210139,1.2694636448396657
0.4752230796687608,0.7471901736075621,1.2229380384603012
0.47386723752243115,0.7343266580222669,1.208710980418301
0.4444722045495473,0.7471813640515051,1.2247847958245939
0.4356682270959484,0.7637176159974833,1.2463761575207448
0.4426461919556933,0.7756630118760319,1.2539115159575904
0.4071366668193186,0.7807084908270939,1.2746620595474276
0.4222046668265341,0.7485541710253086,1.2333204120686638
0.39150363517069586,0.7407362631579238,1.230142650233267
0.36965641478052036,0.7085730085221458,1.2003490144977436
0.3338754733247178,0.7025914688351025,1.2008534044894221
0.34344323654782016,0.7058095823121526,1.2015231678130405
0.3234940808687366,0.6874280882463522,1.182947035345724
0.3234940808687366,0.6874280882463522,1.182947035345724
0.3394477525747578,0.7094824474396839,1.199186224083957
0.3376715834442791,0.7301549969528828,1.2232884250172635
0.36092447979284825,0.7673726723515407,1.2622846065908113
0.3497522768319445,0.8114723236484506,1.3160122361980378
0.36511389216113943,0.8404175326795151,1.3402854919140392
0.3701439626183257,0.8463902697888162,1.3416278364153165
0.3699223897622731,0.8275541528393829,1.316357163617468
0.34181115646979227,0.8110089625704996,1.3063138066688442
0.26997054536578924,0.8325656194679621,1.252332891770539
0.26997054536578924,0.8325656194679621,1.252332891770539
0.2759139278620075,0.8348654200879931,1.2608628265638537
0.26661757975191913,0.8426743256851624,1.2804392177128583
0.26543346699826664,0.8564560253606284,1.2965073516683963
0.27364538928145327,0.8468106228162692,1.2829500560755502
0.3176382542268563,0.8431467595228392,1.2688883696165616
0.3247159060133519,0.8394739587787322,1.266374689654028
0.34875961769249925,0.8174286005472737,1.2337368689787946
0.3654548761654724,0.8091648149688889,1.2268684331401898
0.36242255181541455,0.8013556522741367,1.2266945376321172
0.2931298223841127,0.7985831607188462,1.2491179465760316
0.3947280232090542,0.7618557953675615,1.1754749065366692
0.5058939920827538,0.7283465417488708,1.1025016263230685
0.5230095775398759,0.6865466910719921,1.0573039315091568
0.5262412757434347,0.6631194605214326,1.0373797502184712
0.5245149500763314,0.6759829117233035,1.0564574319520883
0.521382938799523,0.6837919456512073,1.066332574843395
0.5092752206764385,0.6814920162643278,1.0675038874333143
0.49100316692648777,0.6791919581105998,1.0783764474064674
0.47391522593018953,0.6631102002814061,1.073180873424083
0.47142511449358265,0.656219286060249,1.0699974301379311
0.4734228564801139,0.6543828534964834,1.0711659020024729
0.4643973061704625,0.6520829884930283,1.0674865909007751
0.46109356550097685,0.6332468071601708,1.0470665417945437
0.4711314991716034,0.595119757227399,1.0043825269431654
0.4998125898383591,0.5547015874638045,0.9610230673174139
0.49537457987859623,0.5418380074950851,0.9516466329670307
0.5270111459992379,0.5960554890684341,1.0073806978283075
0.5752882627913646,0.7789082048338093,1.2005347474008232
0.5304865967587783,0.6415368926398777,1.058095952923504
0.4840534621323741,0.6305007355502799,1.06394969801906
0.4660750237044027,0.6893002062294022,1.1404371611869788
0.42146790579244975,0.649782408293592,1.1171641632782014
0.4480965852764313,0.7480996769085244,1.2169246243548977
0.4075113563475552,0.6047558277338789,1.0585915914301132
0.33691682838377945,0.43108498581994786,0.8789976213572375
0.3178083266729938,0.3456313615571592,0.7837629709393076
0.2870832368383899,0.22433357708718255,0.604710894584113
0.3309931659884937,0.39431454018419865,0.7418290162629412
0.32270982217119903,0.38283231921164257,0.7585439355588028
0.2682959875087897,0.14209785045625806,0.5246978550325475
0.3059251405609977,0.16967025251351933,0.5404354945044794
0.3232845052783414,0.19677905167573181,0.5658772456171275
0.34192828199987524,0.21562372064752497,0.608703655817151
0.32336260552632756,0.15222411096603367,0.5539612890634341
0.2798441157479306,-0.035682897676092,0.3419034554907486
0.2629260449680955,-0.08852680665237185,0.2364975085827108
0.25678328861837607,-0.05959021402709129,0.24806565058815436
0.20912164457820726,-0.15698969336299068,0.1792499987501585
0.24240765164014194,-0.028809151883078945,0.3148260476641672
0.2988954730616633,0.1021265885384513,0.4074190903441321
0.3022989006578995,0.10534457324865297,0.41779010105098446
0.3212848967139784,0.13520809513673687,0.4342031852972898
0.3333421516482829,0.12418133403232845,0.3945545369326629
0.33921349167857456,0.08421772276894256,0.3627402413290605
0.3409896608090532,0.06354517325574371,0.33863804039575385
0.32151191502830334,0.04609009338535275,0.36371183970223536
0.30926197114957954,0.02267070663948681,0.4147002564215118
0.2843608489621047,-0.04623845389785597,0.3828658346652775
0.27738288410235973,-0.058183849776404666,0.37533047622843185
0.31274412200022694,0.002469555159205103,0.4566572119525098
0.32823432747042824,0.0001865296889478615,0.5074918564302033
0.3497393188747473,0.021330934897347758,0.5636988251151586
0.36757008608880704,0.04936612556005638,0.6327904844694997
0.3759051399473088,0.11644663732404516,0.7415566344292444
0.4230264274746342,0.2763352260836043,0.9438873901439716
0.47995802543609184,0.46607902324898676,1.1305236686921873
0.560141265492074,0.6507688728179689,1.2691523718009474
0.6004592841089852,0.6328600070484602,1.2244735227858758
0.4961632464870028,0.2354547827819563,0.8083689211028748
0.37806019351106046,-0.23040430563078756,0.3186182017387692
0.4229123264332357,-0.07970629159811146,0.49953434375684813
0.4613779274462786,0.031019676568210593,0.6213791936198633
0.438102832095158,-0.056270509025192074,0.537014262449709
0.42562525017670455,-0.011707682822289624,0.6149921697896427
0.38041703224658985,0.23498100256185364,0.9217828780911628
0.24454326732795695,0.2551630471329503,0.9950838050672784
0.18270349636082991,0.09390085610358363,0.8424248938757806
0.16611275054747499,-0.04254346244412042,0.6999804179477064
0.13388290420101143,-0.13214169011024957,0.5652766843579248
0.20621864521812622,0.12328493602546987,0.7364181175940073
0.2675870062869196,0.2836207128594269,0.8454270970117075
0.30102068178715935,0.32496658448691523,0.8354240145789171
0.42262561353608785,0.7361538947294304,1.2384930080677539
0.4256363586089989,0.7150263360320535,1.236800008953617
0.3827321279107885,0.5703009990943964,1.0620768697658216
0.38046358933023416,0.5822462018226723,1.0841640992775181
0.37447160282145,0.6300270771192007,1.1676623936326873
0.41330706762986186,0.6938902896957408,1.212700648745688
0.4041097879275331,0.6649452094315245,1.1787261456464524
0.39952224757764454,0.6755089243967888,1.1844232688951375
0.42706362349585064,0.7490174746981497,1.2478694424181371
0.41402039021058534,0.7003179646274812,1.1964844379907495
0.40617895265458637,0.68423639994856,1.1767369929335139
0.40677100903141256,0.6773455501108271,1.168702925955745
0.41715240148739374,0.6925089306995774,1.186609295099443
0.4413678377335627,0.6971087894733362,1.1842666699196043
0.4241802098105139,0.6966452282667983,1.189120134336599
0.4266703212471208,0.7035361424879554,1.1923035776227509
0.38975511050104106,0.7035272041650501,1.2038515823702776
0.39483502030100537,0.7016908359847087,1.2001694305432022
0.377177212279121,0.7425724416769052,1.2483766801309069
0.4027485003229311,0.7600358125470467,1.260261105997355
0.4396637110690108,0.760044750869952,1.2487131012498283
0.5051603255550956,0.7352537160519187,1.2038546752759287
0.46062525010906946,0.7379993299995254,1.2209259077640686
0.4586773515859135,0.7320266642519633,1.2147329166998373
0.4363599703995251,0.7412085695370947,1.2282930521435969
0.44896005797268534,0.7522358457088968,1.2291367109752875
0.4141146316790635,0.7926538867056426,1.2821974179842732
0.40903472187909923,0.7944902548859841,1.2858795698113483
0.365955165854842,0.7944811912851429,1.307128828937823
0.35616582977568706,0.7724269608586596,1.281188392816356
0.3554020440061835,0.7526725954356314,1.2589272677965868
0.3258352816406224,0.7388820862041088,1.244705891205342
0.3315072478174129,0.7301548681860344,1.2329896724004976
0.33074346204790944,0.7104005027630063,1.2107285473807285
0.3044083978859072,0.673182762980924,1.176582989498798
0.3246781936223891,0.6736463885708862,1.1668789013901866
0.3406318653284102,0.695700747764218,1.1831180901284193
0.3466971337539305,0.732454861956338,1.2269677361189615
0.37633593858541836,0.7885087830712776,1.2815333431071234
0.381709463707362,0.8477719437237862,1.3434660944748138
0.40409889148027434,0.8808534573003862,1.3702501665566342
0.457659522766666,0.8804076978890074,1.3568582610458158
0.40015325097058724,0.8767172241165895,1.3628887036278612
0.3680963771684192,0.8560358006639096,1.3454838837504643
0.2558650834465527,0.8321021232990194,1.2523357338076129
0.264890634359411,0.8344019880844177,1.2560150444720783
0.2784538827619897,0.8339472359978224,1.259021750650316
0.2773694569350878,0.8321107390506326,1.2650408462064748
0.2773694569350878,0.8321107390506326,1.2650408462064748
0.26272178270560725,0.830728994190038,1.2680532355843959
0.2773694569350878,0.8321107390506326,1.2650408462064748
0.3676735712826514,0.8050287105519407,1.2098057228281827
0.34686156263271856,0.8036468364883836,1.2225193587148737
0.3209197958937905,0.811910430660952,1.2439396691261861
0.3348535314363846,0.7857287104788483,1.213641632905414
0.40483800899691885,0.7659921538292941,1.1731351150864948
0.4519628828063025,0.7545192574801887,1.1491982874851279
0.48493245304269506,0.7503919626192974,1.1302888198088281
0.49637607232302666,0.7173193299604929,1.0968073437997607
0.5504567119896038,0.6677193192951913,1.0350371250386325
0.5231591079300016,0.6631193961380084,1.0422303739100882
0.512999288330073,0.6667921324986912,1.0495946775642389
0.5174871417532111,0.6718466141560827,1.0539465927149323
0.5220248386397245,0.6690919975021463,1.0532739886659364
0.49926493146663575,0.661737457691027,1.059794633488396
0.48040082133985884,0.6663282493750321,1.0787012604393182
0.4812144505727376,0.6782735164867323,1.0959378662593977
0.4835328326166672,0.6585192154471284,1.0688261175480118
0.48022909194718155,0.639683034114271,1.0484060684417804
0.49847894669458076,0.5919105820732541,0.9921647588720205
0.49922053346153283,0.5615924373015375,0.9690571342951829
0.5068403981614793,0.5588378850310254,0.96353390655457
0.5084178131638616,0.5905375175657538,1.0030316373944186
0.5464132437293803,0.7426086491418978,1.1682302654324301
0.5122865854747543,0.6815002463695666,1.1093127432935743
0.46254971017886454,0.6516279079471116,1.0947464392828992
0.4354238355119397,0.6736732000506895,1.1322348801518924
0.41379819762912806,0.6603460588754322,1.127711910218504
0.4338193957741383,0.7209909648246495,1.1866322730827372
0.42829634438266617,0.685155106084439,1.1397730564427784
0.36228934852758454,0.5009205352486147,0.9544820088638917
0.3190146384291977,0.381922172076438,0.8130635865803764
0.2855280208385591,0.24270645474719887,0.610581913340871
0.32497836075175335,0.3708871164833666,0.7364567060471064
0.3050574692588984,0.3157598027141092,0.7109891597578911
0.21436970396520605,0.03918065868414275,0.43213064282730695
0.2607980087381453,0.17930671629885908,0.565540793970388
0.2611198956479707,0.20366044812316567,0.624264306875359
0.2825258157303467,0.26155883177852274,0.7340221918054277
0.28262550265709724,0.24594063515586698,0.7239731534060486
0.2294887827660091,0.04148881119794665,0.47276820896898497
0.2295650316591872,-0.06647347759382766,0.3303466763868155
0.2772050973474115,0.00198928318680692,0.39729543654411487
0.23920966123067952,-0.1500818654105221,0.23209679085702478
0.2656894356011532,-0.007201496037805458,0.39043268215626525
0.3424926939158776,0.2666144793158647,0.6510628576356783
0.3940009084887811,0.4049041687502396,0.7807908569516842
0.3878083086756864,0.441649859686848,0.7973835181568172
0.35903173708964314,0.3474605297670494,0.6680262878402509
0.34727230348478083,0.269361123398259,0.5905241110579462
0.34226925448199325,0.1843709732636708,0.495286596382534
0.3399286734355122,0.15405276410853003,0.47702959549731333
0.3289336453255581,0.11684351196538358,0.4652903987091748
0.2918540057006903,0.045642599110432704,0.48128678086078935
0.28145103396756244,0.0015424971295533358,0.4615135170948819
0.3117822018280318,0.05622316058671996,0.5414978736802931
0.3144729265689492,0.07414925916779709,0.6115869501164809
0.3306265918538761,0.08610301391843306,0.6512299170303526
0.3435276067851198,0.11368308932502859,0.7524320491192023
0.39619775441174687,0.18811856191136786,0.8207231508916365
0.45781594512120366,0.3305446132963878,0.9481113657531811
0.5126777586302034,0.47986143114211915,1.0932349420399383
0.581074540345904,0.6654692716509993,1.2482565921370867
0.614852294356903,0.7812413626026256,1.3423457486737693
0.4950949544789753,0.3705091259277129,0.9120169296741457
0.31825712447891286,-0.1854037674386996,0.3536273035300338
0.39755717543851715,0.029620569693085085,0.6086826020854378
0.415116526333149,0.0466287417176884,0.6575281078416202
0.331669098577294,0.0723376456865964,0.7284807421785691
0.27938807389617404,0.19360921733358855,0.8985212430838958
0.24126172566102275,0.28639937599483745,1.0200325055576538
0.24757559167801477,0.2629722098277023,0.995257700575351
0.24018212556698854,0.15547297154421458,0.8867877277465124
0.17947662389013866,-0.011761820849290033,0.7230852017991664
0.12096155684504813,-0.14638688660882926,0.5492113911277646
0.20969349555488442,0.14763054381647264,0.7436315037233797
0.2641619994135367,0.25146600675709624,0.8331891916826456
0.29766833710510787,0.3562110790706171,0.9070321946211694
0.4397141742577908,0.7733714413612399,1.2871904370245357
0.3943426508509296,0.6929634891997859,1.198154459121592
0.36635874894602316,0.6029184938021743,1.1276687949772928
0.3522028256476274,0.5891283064877726,1.089194299927963
0.37755315090947833,0.6088913527000093,1.119309914966673
0.3841114085104791,0.6755086024796676,1.2086763873532227
0.37488647469601527,0.7044451342104365,1.2250951600459967
0.40033587681052324,0.687454191508489,1.2016598747152172
0.44084844354806796,0.7673988399971018,1.2761468222686876
0.40090028872652567,0.7384449501768287,1.2440190765337447
0.39754670459366476,0.7274178671552991,1.2286235466272026
0.41845840017034813,0.7131815445962005,1.2058608723411326
0.39836033382654357,0.7393631342669994,1.2458601524472823
0.40733604067281964,0.7494720975817826,1.2545639827486694
0.4028481872496816,0.7444176159243909,1.2502120675979758
0.404574512916785,0.7315541647225199,1.2311343858643586
0.39619086244733503,0.7145543515700039,1.2143964885852025
0.3999149301009696,0.6998544678043673,1.196487278716127
0.37776926865594723,0.7356815918391724,1.240342613153138
0.42425225227644064,0.7389086401502152,1.229464364733516
0.41798822972282396,0.7545267080060225,1.249214650516129
0.4022062874094801,0.7591175640734517,1.2632706537754343
0.39831049036316823,0.7471722325783272,1.2508846716469717
0.39944475965344545,0.7411996312141893,1.2398410568911236
0.38102316586205753,0.7623268714833576,1.265787181459059
0.3840554902121154,0.7701360341781096,1.2659610769671317
0.3853614888950698,0.7908086480747327,1.2852126542088211
0.3912550279279129,0.8009175470060916,1.2987671082018253
0.3665472222316682,0.78759034144741,1.299094761960054
0.3530338184988787,0.7802359947865632,1.2910635357076623
0.3293605951661606,0.7765543844863994,1.2903966131094218
0.3336268757332461,0.7627727491943577,1.269477855462267
0.33675888701005446,0.754963715266454,1.2596027125709603
0.3430229095636712,0.7393456474106467,1.2398524267883475
0.31274220489198185,0.697991674444768,1.1983454059776437
0.3107943063688259,0.6920190086972057,1.1921524149134124
0.31658815847491845,0.7177461042512202,1.2157559073057957
0.32968123522355897,0.758636516010561,1.262116392533494
0.37591561160126946,0.8220448481697716,1.3198626020824304
0.45257961296670174,0.8822440660693489,1.360540412872891
0.46929707456282366,0.9240527976640233,1.3990407037595558
0.4472012565811765,0.9520708233875004,1.4378715189968774
0.45755983996051275,0.8960259014899777,1.366907276573858
0.393667655560918,0.8734991750229636,1.357368316612626
0.2533251285465705,0.8330203073891902,1.2541768097211505
0.2755926680792044,0.8316474997612157,1.2456411921653845
0.27704819715228474,0.8288928187238551,1.2498192118080054
0.2734238164254007,0.827974505866836,1.2576793832777018
0.2847677511918095,0.8105200689584591,1.234246943919085
0.3031893353318861,0.7893928321782033,1.208300826346863
0.38505995333379656,0.7531200897105514,1.141352326638033
0.3946775600202742,0.7485291048762736,1.1369975707619617
0.3250143518938544,0.7714835783636929,1.1927257159836366
0.29848052877810016,0.7866380223739944,1.222180093372718
0.3397617118436716,0.7572471270377459,1.1796642890808007
0.40402437976404004,0.7540468867175938,1.1558985092664151
0.4784967010964011,0.7393648152143435,1.1197439135939034
0.5185439231192892,0.7315647196093452,1.0983207659550698
0.5217756213228482,0.7081374890587857,1.0783965846643844
0.5696421012018064,0.6663464409601387,1.0313521184947527
0.5466107777092898,0.647964882510914,1.0176266097190536
0.5293732870202431,0.6553104265935289,1.0275046073271648
0.5027896252667692,0.6782739671707018,1.0619835004180787
0.4952694474935733,0.6654103228185583,1.0574576897593126
0.47953734864360475,0.6621920805746596,1.0664891738189284
0.46008118214000165,0.6736737220963978,1.0934298677476193
0.48429661838617066,0.6782735808701565,1.091087242567781
0.499314774930011,0.6539283593796991,1.0547701142887067
0.47315144016068605,0.643355834858378,1.050919748404314
0.4710816557082281,0.6029288555387269,1.009407046142855
0.487062971875073,0.567101606225986,0.9752529660847917
0.488468657484778,0.5721560234999532,0.9844555049271022
0.4880981739640044,0.5978829902871194,1.0177602447027196
0.48553119432860314,0.6778185716859785,1.1134964443869506
0.4759634311055007,0.6746004582089283,1.1128266810633323
0.47601327044827874,0.6667913529192862,1.10780218473498
0.46082338451176114,0.6644913591489825,1.113824121016516
0.4393694760216268,0.6778094332344863,1.1395963430806657
0.4289382401022704,0.6704551509570635,1.126714493136657
0.4433871589972406,0.7242090783016996,1.1873020364063556
0.3976721809256223,0.590510702597038,1.0376756516369987
0.33881364399275066,0.40259517227360636,0.8032114216723643
0.29948395055804894,0.2665972465042963,0.625652630214562
0.32308030569197266,0.3571053524244764,0.7252391957831856
0.29645162620799115,0.25878808380954416,0.6254787347064894
0.19321361310370513,-0.036627446051009004,0.3407520279784724
0.2395212750989606,0.11131588694430657,0.5258461896391725
0.26861910974882736,0.20872315290748172,0.67042510075765
0.2814918530922248,0.27304902532262076,0.778518623136294
0.2766821201608789,0.24364083453583602,0.715443218612734
0.2347626250817994,0.1163701754514254,0.5447499758647171
0.1968452943444784,-0.08025589246527436,0.3676354259104017
0.22769647611584726,-0.07472949072925754,0.39924148512112695
0.24932211399865886,-0.06140234955400013,0.40376445505451547
0.31241741675915147,0.10720575353324503,0.5371975959469433
0.4837592312055874,0.5482654248931287,0.9548329169785602
0.5833831388537283,0.6057185676939026,1.012393876997824
0.5117485978713889,0.5303562946120978,0.9295565487385298
0.43907881657366293,0.42421259207884343,0.8042119316598622
0.39372949216935327,0.39387715011213426,0.7605447033535253
0.35134044964917466,0.3290874589567603,0.6767071401583438
0.3304563985333151,0.28544217300978636,0.6490765456481177
0.3115700894039867,0.23996045449904674,0.6226144230024332
0.28373694581780057,0.16875971209945506,0.624058910547092
0.2721990850689908,0.109496422680098,0.5718274065626356
0.27964907955247414,0.143504021556672,0.666514551747676
0.29905726917053377,0.20323886744902242,0.7751039654739705
0.33871242839550153,0.19222901723906122,0.7851186629885449
0.38354782337521137,0.1849003840508935,0.8249040112596351
0.4334564239431812,0.24141793075579535,0.8697655301391856
0.49507461465263797,0.3838439821408153,0.9971537450007305
0.5528474863077982,0.5276514379118254,1.1506333605727297
0.5872677598844035,0.6498593695170067,1.275165785906351
0.6399102437475842,0.7821764575872436,1.3938501704665083
0.55827442637194,0.4077439697545149,0.9812739623604267
0.3731748318317296,-0.1307144231923246,0.4414661501343861
0.3541071455447975,0.05533846939049752,0.663236593991816
0.28173285354850036,0.0737017074877672,0.7340124920953147
0.23465362459664676,0.22759122452650687,0.9356905523707937
0.273169069073065,0.33050809438150114,1.0525108830341192
0.2778064528863289,0.31213528110490896,1.0417892405857443
0.23798562945236093,0.20968158615590748,0.949219187655126
0.20775476824404684,0.16051851487870086,0.902687647644733
0.16236103843301658,0.030038029827588835,0.768282896613078
0.06994211578885078,-0.1045877406607043,0.6477659535451766
0.1714452591407375,0.20596641508945854,0.8298230855277283
0.24660264851890476,0.23445783473249288,0.7843436859264633
0.28659644079635943,0.40582832254748696,0.9942126408034136
0.40132247488688877,0.7683162514861818,1.336195382481629
0.3379982886853546,0.6254187985788429,1.1427480410228303
0.34376995144020694,0.6010733804492003,1.1209827768228933
0.32895052456991636,0.5730463779908161,1.0936999332603163
0.3840879700571182,0.5831645146796915,1.076303927807822
0.3962185069081589,0.6566727430639313,1.164003219788906
0.39498517041653586,0.6993993298533409,1.2285977279185307
0.4371514006298525,0.70308132645405,1.2001609083670695
0.43290793879072315,0.7880712607434521,1.3099502705852282
0.3904198194178874,0.7600355585022622,1.2796636077595365
0.37863274135220126,0.7398177606395446,1.252554699773528
0.3596689442986738,0.7600267489462055,1.281510365123829
0.37508040309124396,0.7811628596659423,1.3007591016401412
0.38092409866071175,0.7990808569086291,1.319338074832835
0.3713563354376094,0.7958627434315789,1.3186683115092168
0.35902704445847233,0.7747266970952663,1.2945689513012877
0.3670672361425677,0.7384360797262601,1.2507164645853677
0.34285179989639863,0.7338362209525012,1.2530590897652065
0.35236971965612573,0.7448634327408794,1.2587533722885145
0.36896529120234833,0.7522178437851503,1.2619339748492886
0.3677811784486959,0.7659995434606163,1.2780021088048266
0.35199923613535206,0.7705903995280455,1.2920581120641317
0.3576712023121426,0.7618631815099711,1.2803418932592874
0.354489347571959,0.7774813137492027,1.2952415553502836
0.3811948952547349,0.7889720867441187,1.296082373456597
0.37860509689137745,0.7976993691456172,1.3029479685698242
0.3611460526489008,0.7862087893009739,1.28755527938866
0.3575216719220168,0.7852904764439548,1.2954154508583562
0.33779408909898584,0.7857450993275874,1.3021099911888883
0.3333062356758477,0.780690617670196,1.2977580760381948
0.3332563922124725,0.7884997159815238,1.3027825952378844
0.34082641344904363,0.7935542620223396,1.302283886696961
0.337522672779558,0.7747180806894822,1.2818638375907294
0.3285469659332818,0.764609117374699,1.2731600072893423
0.3320494607308639,0.7310731166596293,1.2299801246224182
0.29708214368228436,0.7370368458287424,1.247721123932033
0.3155757751139433,0.7581730191874472,1.2621192332588713
0.3540684008624053,0.789881590045081,1.2900689593511934
0.3737191154866419,0.8762534627814644,1.382294061991044
0.42828729887042705,0.9644707064045189,1.461802688018826
0.47094652237982126,0.9980158455710808,1.4788826719920352
0.35021279510867503,1.0283069839682653,1.5511861853841606
0.4196322362021465,0.9364438815922118,1.424818614270174
0.4661920880214343,0.8528444342832386,1.3150207228801691
0.26851501508629505,0.8353203009414368,1.2481548730023821
0.323851813591693,0.814202001175744,1.2106607480592408
0.2819065340961965,0.8082203335940805,1.2208663871830816
0.2712543450461922,0.8031657231698405,1.226215719415622
0.28400396542230605,0.7907657035354309,1.211985818899316
0.29475584139906086,0.7802021173370152,1.1965874482673966
0.4756847101515864,0.7081201918637932,1.0578369809348849
0.4365508042883276,0.712247357957836,1.0864476959944187
0.30960289310128425,0.7503474676439561,1.1734769794673245
0.28755692340866806,0.770556393311649,1.2072832720070996
0.36257146248013566,0.7567925685375374,1.1681191250586516
0.28583059774156466,0.7834198445135199,1.2263609537407167
0.34442129465948695,0.7889468239558984,1.2143113962290324
0.44293733249665107,0.7522193924767334,1.1455189763834304
0.44616903070020997,0.728792161926174,1.1255947950927445
0.4635061890133846,0.7058284281987284,1.1056677730766813
0.5217534223202966,0.658064978864041,1.0330278350677775
0.5482872599130179,0.6429105296203709,1.003573447185126
0.5090038043570106,0.6704649976262225,1.0472577338351554
0.49889382822045736,0.6663286356755773,1.0495975182896162
0.4966751331032783,0.6704647400925255,1.0666602286016234
0.47721896659967517,0.6819463816142636,1.0936009225303145
0.4577129566326968,0.7012371214473296,1.125566135658695
0.47019115827655494,0.6778100840470428,1.0910900832931583
0.4889832259374051,0.6309558804796209,1.0318392259453193
0.4869134414849472,0.5905289011599697,0.9903265236838603
0.5087882966846352,0.5648105507785876,0.9697268976188012
0.5139180692505974,0.5551650773090934,0.9610202126006092
0.5197617648200652,0.5730830745517801,0.979599185793303
0.5153237548603024,0.5602194945830606,0.9702227514429199
0.49618820911147504,0.5537832746067854,0.9688832387871101
0.5236803571711133,0.6562367050437755,1.0808558093555334
0.5186502908345243,0.6502639749127892,1.0795134419829193
0.4850886642213054,0.6612821196114135,1.106456976636988
0.43875460091684443,0.6134919840748586,1.0587598054874305
0.45581552129832087,0.7085911461910551,1.1578504803691714
0.4208247706220361,0.6222107858157359,1.0432190166355284
0.36704614348912884,0.432458887311963,0.8050726348438185
0.31117072197157986,0.28129745218705404,0.6193087216255525
0.32389269547404204,0.32677904193094526,0.655472091654471
0.27909164916686036,0.2105435185396294,0.5565351521515489
0.1905025485364504,-0.04121868841898366,0.35579976686886916
0.199308384746475,0.005652430412027857,0.46471400473329927
0.25123879288135925,0.17381344385066935,0.6866183335292942
0.2852663839346394,0.271675832048272,0.7990867490419261
0.2894329775749743,0.27351239337888605,0.7882170297941504
0.2688473675139617,0.16187672876132905,0.6869374651113898
0.2081688868717221,-0.08437547228832062,0.429339803627298
0.2420228893561108,-0.07656566575932629,0.38100746221920073
0.25815435563848627,-0.11468442120343503,0.3752816795364657
0.4103384294131422,0.2698664719869191,0.7462087118974194
0.6204874563827664,0.8115351459540612,1.2157736643404045
0.6421905780691798,0.7591715733336039,1.1648788691491445
0.5942851649460136,0.592863475364119,1.025423803741233
0.5450172099642006,0.47937435751509805,0.8804999416712204
0.5143155627035548,0.45042066782341206,0.8338203019900894
0.472740149416255,0.39757624377973827,0.7672193446149873
0.4393064504927953,0.3562303721517606,0.7772224639105421
0.4073775278036064,0.28318493237296816,0.7428771918118668
0.391302589893688,0.24781204841016308,0.7348201468508037
0.3751771887949896,0.19911247395607024,0.6882857661150329
0.38361130245321956,0.22943897759987408,0.7435009991688967
0.4171748075452752,0.28182819233127193,0.8470630154465921
0.4348836888300329,0.2754090694218916,0.8808349636037057
0.4913055292684958,0.27726305671434665,0.8808236007021956
0.5243471419708151,0.31539917373687226,0.9022583634228127
0.5541576761949802,0.3980983101125729,0.9871191624085129
0.5816726619064073,0.5717600919150647,1.1879623617408122
0.5573311337234734,0.6829316158752657,1.3377510040651202
0.5628769886608763,0.7899757875689764,1.4734808163961728
0.4052911218772395,0.3829075420821137,1.0475124347233753
0.25453431669024407,0.03234779890531264,0.6876548475929941
0.2033647351698275,0.07643844749589293,0.7577811056393641
0.16386033613448373,0.10629258386601449,0.8196965674702288
0.20962455911759897,0.21104609864104784,0.9207965717305527
0.2893893217143349,0.49267938320528387,1.2282601057335243
0.2332215243256161,0.32268999685275623,1.0638849992692871
0.20037804602598838,0.2110459089796877,0.9353484498011173
0.19537500667451213,0.12605575535618696,0.8401109281299914
0.1293416150819374,0.041974426488720566,0.7922168904847808
0.07585847725045886,-0.023270531384528295,0.7501910238752371
0.15409257933247555,0.11317507483166019,0.7956230259709715
0.19400392588249335,0.18114995904312886,0.7128949290487309
0.28506341414776876,0.47427371389116063,1.045452416152492
0.3725975962891236,0.729725193151815,1.3323192048842778
0.29558827181019864,0.5528281294441288,1.1005453911156269
0.32744516683669617,0.5836102027293315,1.0945464798815945
0.31072831428334097,0.5629372215257605,1.09954797403378
0.3593303208974982,0.5776464074323377,1.0816561007657397
0.3844314288424727,0.6364549452012136,1.1368943118028978
0.3989800346641936,0.6745906759231939,1.1874328166732169
0.3826288450506684,0.7572806843146291,1.2983934984770085
0.37983967283380987,0.7972443599614392,1.3253571703889937
0.37480960649722084,0.7912716298304527,1.3240148030163796
0.34719074265481564,0.7834537863464923,1.3159864174893658
0.3527630219048556,0.7903447649510736,1.3143192370839005
0.3465488428146142,0.798153734495553,1.3290450036668242
0.374660076107095,0.8146989247644364,1.3390883606154482
0.37855587315340694,0.8266442562595608,1.3514743427439107
0.3586067174743234,0.8082627621937604,1.3328982102765943
0.34437937143540565,0.7733449517985577,1.2975813398047444
0.34243147291224973,0.7673722860509954,1.2913883487405131
0.3398416745488923,0.7760995684524941,1.2982539438537406
0.3456853701183601,0.7940175656951808,1.3168329170464343
0.3577930882414446,0.7963174950820602,1.315661604456515
0.36097494298162824,0.7806993628428286,1.300761942365519
0.3463272699585616,0.7793176175461198,1.3037743308689758
0.35974098676460053,0.8022901608296225,1.3218545955207464
0.385262421693724,0.8275626335000043,1.3387635475825974
0.36938079245362965,0.8477716861900894,1.3628685892412817
0.34553583972823426,0.8174448606291643,1.331906474645503
0.33076628077586556,0.7816088017603667,1.2995991519517325
0.32687048372955374,0.7696634702652422,1.2872131698232698
0.32687048372955374,0.7696634702652422,1.2872131698232698
0.3408762569124189,0.7857451637110117,1.2972593674972714
0.35369791734163164,0.8156085568322472,1.3233736991268106
0.34218225559537335,0.8064177776076348,1.3165109447389611
0.34395842472585203,0.7857452280944359,1.2924087438056544
0.3323929195162184,0.7843635471811515,1.2905705086174943
0.3095333205907234,0.7926272057371441,1.3071401953371897
0.33877882799913717,0.8031997928974332,1.3061399340321087
0.3950511380474742,0.8284810751238718,1.321202128729667
0.43519322126424526,0.9341526903996508,1.4289938160587543
0.4434501600715255,1.045788097483511,1.5496758755079831
0.4154109733655686,1.0715063260763587,1.5799767260849389
0.3331470494956865,1.0622977376421585,1.5913593636217753
0.3707810319000039,0.9607802308876445,1.4678331271030145
0.35934224317819563,0.8647629542985599,1.3620507262469255
0.3236302407356405,0.7953658842263109,1.1853900752613924
0.2945066240821845,0.8192476088936546,1.2217100442658442
0.2557431981204576,0.7976478095088735,1.2170160221731532
0.25448704410729234,0.7691660968648084,1.1927399248573098
0.2722667308199952,0.7627388073613853,1.1798523917136179
0.3371712937549095,0.7448386206366288,1.1430280292196309
0.37019070745467736,0.7329022274644096,1.1190940423436415
0.4473026802650824,0.7016837717594203,1.071049325362499
0.3654819009008915,0.7301474176602005,1.1329733093694965
0.2824271701453285,0.7802018598033184,1.2159899430338643
0.3746791806032202,0.7590924979244168,1.166947812468732
0.3588473948265011,0.7714924523031741,1.186028334927727
0.430187714533365,0.7646194112389149,1.1597488751508078
0.4124578736968653,0.763237601558782,1.167611887345882
0.3623505093494878,0.7590922403907199,1.1863503072352002
0.42286691061367027,0.7205193736414597,1.1351249876932834
0.44414908971112727,0.680556084295195,1.0790575736315964
0.525427646510556,0.6511741934097323,1.0201431443983917
0.5394832631567964,0.659446788544174,1.0251648228727037
0.5403467358530505,0.6635829573445463,1.0373769094930936
0.5367223551261664,0.662664644487527,1.04523708096279
0.570605260824811,0.6548644131378553,1.0335151667157636
0.5909249000246681,0.6475189404164896,1.0187865594074625
0.6282604377548969,0.6139918136409009,0.9689092956846287
0.6501346732291802,0.5671376744569031,0.9048078146451726
0.6697902135862843,0.5244196396898537,0.8577690439177232
0.6718876424995661,0.5069650105034322,0.8488884773828859
0.6699895874397854,0.4931832464445421,0.8376709671189652
0.6758831264726285,0.503292145375901,0.8512254211119693
0.6431621390244722,0.44723811448771034,0.8015103907512147
0.634186432178196,0.4371291511729273,0.7928065604498276
0.6787893547653241,0.6268726838262985,0.9988453566358485
0.6371425187375023,0.5529006367018238,0.9354020238382267
0.6115712403450035,0.5354372623427698,0.9235175909760651
0.575989038214062,0.47708349521797233,0.8604220021303789
0.5911512986135884,0.5372651498624897,0.9047933588380109
0.6054494476676234,0.5721747945358779,0.8934507497579839
0.5647638972833566,0.4233133077914457,0.7016648531939721
0.5073116804888301,0.2615880289344241,0.5199050641102545
0.4858847967341149,0.19588870571123948,0.45178216240371066
0.4393075738948369,0.10032570913820908,0.3769474003019907
0.37848080971489856,-0.08022759667731208,0.22142702989786642
0.3614217526302336,-0.11191938540734699,0.2528418970679798
0.40030953938385117,0.028677888437470555,0.466863087516269
0.4552002294028665,0.16238465268744728,0.6485970814234192
0.4993162173155532,0.23544668144356595,0.7568588178593807
0.48652220134716423,0.14770167981625787,0.6803512174335451
0.4109744785266143,-0.11876837213207696,0.4004952834211141
0.39852267819196163,-0.195494532190551,0.297574345275508
0.40831139454571186,-0.19457609056668337,0.2800129264225777
0.649749910945149,0.5193811605806559,0.9709892292002059
0.7742935304978265,0.8671774548525503,1.3320209461137793
0.7555069082952487,0.806077539719155,1.2955097850687158
0.7056247127372932,0.649406806902949,1.113251287444075
0.6722390215242146,0.5368444705562856,0.9877242857539845
0.6280522305964106,0.46379060752198165,0.9261220288699002
0.6084735436348655,0.4196821012791881,0.8742411095627572
0.5828308425018447,0.381091103839333,0.8655143012780757
0.570750768839584,0.320909565946381,0.8162923450716989
0.5381523018493698,0.32044568282272184,0.8453989279467785
0.5324082932066525,0.28690948895737933,0.8167709163547056
0.5624175815589141,0.31723644328515277,0.8380317835672502
0.5468584515524323,0.3829349939072467,0.9643621695731981
0.4843233584012879,0.4155433571418467,1.056053970607047
0.49381907915846357,0.3764980587354801,1.0163795035337482
0.4736711693512836,0.4104887467176069,1.0614033028395873
0.4130058625743041,0.49362474608220575,1.1712040890148927
0.4064163742304214,0.6562505899172844,1.3584984687407333
0.4330955169031829,0.7678945490235046,1.496736265592137
0.3904092631276555,0.8133668176328577,1.5735513895139979
0.2116949536441503,0.27260887025222735,1.0058111359621222
0.2015393423013783,0.1260558841230354,0.8304096807467575
0.20235297893587473,0.13800117392964908,0.8476463100989418
0.16189024826008766,0.05024740443479499,0.7681348198136773
0.21255842634040434,0.2767450390525996,1.0180232225825123
0.2848300552019861,0.4664972749781786,1.227065808164597
0.22148490944870994,0.3157988894813264,1.075253427057986
0.1758425894478257,0.2454997074843829,1.0094731505312808
0.1461815782121687,0.13937325347978513,0.9095387704144073
0.10850740742945308,-0.009479957769581332,0.759561776774865
0.08086634088368758,-0.06737032279574325,0.7061646298851922
0.08127998295875472,-0.035223846798651426,0.6765936793539941
0.1509243795095474,0.18114089195337513,0.7341441811794917
0.28197518115065856,0.5610919794059379,1.1025632032626147
0.3285326912906216,0.6911256436895998,1.306036659197421
0.2704884033160335,0.5362911692804845,1.1323108900272632
0.3201465619195528,0.5895826753266211,1.1152913420206765
0.2822459777446817,0.5509832092414275,1.0793075018863765
0.3211090870139174,0.5569648133118951,1.0739524882030809
0.3639400602499383,0.6171552026618183,1.121327727113661
0.35234752065357433,0.6947909225461346,1.2133846226919076
0.3519998558607568,0.7917261883306612,1.3355599670385288
0.3525420687742078,0.7926444368042561,1.3325504192604494
0.35515406614011663,0.8339896645975023,1.3710535737438287
0.3509376290364064,0.8399622015782161,1.3869478121912941
0.35900001972305323,0.8537440944039547,1.3884640750719808
0.3627240873766878,0.839044210638318,1.3705548652029054
0.36780399717665213,0.8372078424579766,1.36687271337583
0.3672119407998259,0.8440986922957097,1.374906780353599
0.3695303228437554,0.8243443912561057,1.347795031642213
0.34963101062804725,0.7981537988789772,1.3241943799752072
0.3476831121048913,0.792181133131415,1.3180013889109758
0.33747344904158744,0.8036629678034258,1.3303902117648163
0.34526504313421114,0.8275536307936748,1.3551621760217414
0.3618606146804338,0.8349080418379456,1.3583427785825155
0.37774224392052813,0.8146989891478605,1.3342377369238312
0.3713064919742341,0.8036718417429068,1.3236928307089062
0.3714283779035361,0.8381261553149959,1.3590125419061339
0.37468227510964647,0.8647714349591811,1.3844571102120549
0.3644726120463427,0.8762532696311918,1.396845933065895
0.3501954225440496,0.8491445575473169,1.3665535817937347
0.3301742243990394,0.7884996515980995,1.3076332189295012
0.3235667430600681,0.7508272889323847,1.2667931207170384
0.3235667430600681,0.7508272889323847,1.2667931207170384
0.3428241554355748,0.7917178294585739,1.3034523585615028
0.345485996264859,0.8252539589404922,1.3369309938451925
0.34294604136487683,0.8261721430306629,1.3387720697587302
0.34802595116484114,0.8243357748503215,1.3350899179316549
0.3485681640782921,0.8252540233239164,1.3320803701535755
0.3421324121319981,0.8142268759189627,1.3215354639386507
0.35613818531486324,0.8303085693647322,1.3315816616126521
0.4176621345558419,0.8803986986715907,1.373256896480673
0.45662010501896044,0.9998520136228355,1.4971167177652984
0.44379361885688007,1.099078528005033,1.610266259503059
0.38078711268951587,1.1307604866392222,1.6583081111385582
0.3347244638948618,1.0939973703949437,1.630857094898856
0.36510906572321333,0.9695074489057189,1.4795493459078588
0.33690297606250524,0.8394905460116021,1.3402911504934574
0.3284387390418326,0.7825024956634078,1.1614617663383013
0.2606735775302961,0.8192387362625158,1.2284074279451467
0.27978690859319105,0.7756024517135289,1.184378202372384
0.2847947759272286,0.7315026716497707,1.1403518201483918
0.27717491122728216,0.7342572239202828,1.1458750478890047
0.3304641254891877,0.7227844545935697,1.112236969406547
0.36996913459862485,0.7140661105149764,1.093823369545793
0.3640263718278112,0.7329020986975611,1.1287952897268754
0.35359575563385953,0.7466836052227543,1.1594152947572642
0.30415249495489066,0.77791080435592,1.210463874567874
0.34863773176319723,0.7829742869751847,1.198417157781567
0.36506157391674254,0.7636834827586946,1.1713025683448033
0.45218383593695033,0.7522195856270061,1.1309671053085792
0.3915461684688706,0.7774739276067931,1.1903745686276654
0.3897478003358405,0.7480739669252472,1.1691080199643655
0.4418307076671977,0.7003103853347987,1.106169322342982
0.4333972137343725,0.6911196704936108,1.0944559442635156
0.5679649992726735,0.6502650050480661,1.0019034260542832
0.6277398041185926,0.6420102865594349,0.9737857380849179
0.6749145213913516,0.6227282918990016,0.9448243912838612
0.6718821970412937,0.6149191292042495,0.9446504957757886
0.673879939027825,0.6130826966404839,0.9458189676403304
0.6948414780678837,0.5910372757700574,0.9180317741545707
0.6996998150117953,0.5703647906402828,0.8890789495296473
0.6710463688058634,0.5529013518978045,0.8820451403591024
0.6667080457728513,0.5244195753064294,0.8626196676093403
0.6718876424995661,0.5069650105034322,0.8488884773828859
0.680691619953165,0.49042875855745427,0.8272971156867351
0.6790151377494369,0.49548311144799734,0.8413502782206627
0.6553196964903347,0.4417289385849474,0.7953145818329431
0.6605713356829763,0.46653778566536713,0.8219276220034059
0.711808768465092,0.6149362906540793,0.9749113697598591
0.6734428543787997,0.4885921258651015,0.843017481497465
0.6483417316305897,0.4297835427063988,0.7877792233960975
0.63320107355264,0.3985386688004659,0.74527476263221
0.630261751220251,0.44079385057864395,0.7438101371688669
0.6558269792323079,0.5450756002257264,0.8079547805137437
0.6428329548817778,0.4674311576512873,0.7080433548480599
0.5955904011505552,0.2942240441222549,0.5138947429105023
0.5489405235215634,0.1352618695581054,0.3552139189695728
0.5365398024002866,0.09299817744607822,0.33427215980701896
0.4773396769607012,-0.08480038294865815,0.1697231460686567
0.4537445612775869,-0.1330369112636068,0.15714029044882724
0.4805738536460905,-0.023684453919612297,0.323806419312949
0.5182270722786818,0.11736784743515433,0.5154183968367835
0.5458693745744478,0.21752977871909104,0.6558192419091979
0.5251354735741188,0.1715929866407491,0.6566169447743003
0.44813408085670275,-0.028715017862378022,0.5030885560424395
0.3917453266365272,-0.19640474370917974,0.3569446199886984
0.39714649621929465,-0.19502319156274373,0.3684841025600925
0.6569297285600139,0.5846333184243558,1.1324339307358815
0.7520050332230713,0.8607493292368406,1.3821915227100368
0.7405620336681444,0.9149577506982608,1.4591748536935014
0.6593153273370025,0.7362323367716019,1.2849302857887126
0.49042757487425154,0.6603966627919253,1.2864031952393418
0.4660182102328537,0.5790790785626607,1.2130818788250357
0.5145475495037555,0.5303890149044661,1.1113438661257582
0.44244343437607675,0.5175076940346096,1.1153622078786218
0.42757480822236227,0.5184256205910834,1.1366057785586272
0.37768902638234864,0.5331163728835421,1.1806148642500804
0.35887350546490226,0.48762644326116106,1.1074932149883094
0.40676279957242945,0.5170437465275264,1.1493194144453183
0.3774188495137303,0.5643609318506682,1.2473724206007157
0.37226813669864867,0.5662054657528244,1.2977140519796682
0.35776999406570786,0.541396425522132,1.2856528828840565
0.3400401532292081,0.540014615841999,1.2935158950791303
0.3260565790488944,0.5740054325909741,1.3288384470017356
0.34215494576086236,0.701722407842668,1.469267958503913
0.3726794222911557,0.8119850079527247,1.5814144017090717
0.33118149692805504,0.6934498770916504,1.459395656337984
0.17488363808197765,0.10675601281679156,0.8245443434407546
0.16692031459667667,0.056220134565781475,0.7694771871862917
0.21517945769633745,0.038774636852538034,0.7344967448290765
0.16667170735389372,0.11640141841394915,0.83810164515485
0.24320540852540445,0.44259774153736114,1.2089912319592955
0.27733690216420936,0.37461623331734656,1.1286448737351378
0.21613358332931784,0.3066082390235625,1.0586894252869026
0.1606028600479328,0.25100881202540715,1.0205196060125066
0.13044947936220017,0.1361550112358866,0.918570254474023
0.10207165548315908,-0.02050710517453512,0.7490168705599402
0.055615702548587234,-0.10275156563063555,0.665999976447103
0.04254482480249812,-0.09356946719523158,0.6650082408160114
0.15048310037527413,0.20687604715726934,0.8141084240390908
0.29659522451613674,0.6203553785985461,1.1499441306196634
0.34546986244598465,0.6883631188475459,1.23930208083008
0.2841014939755736,0.5280273193186754,1.130293077880275
0.29265563438689135,0.529400770126721,1.090322457208175
0.29289816679468594,0.5560378196656676,1.073958169653836
0.2988415492909043,0.5583376202856984,1.0824881044471506
0.32485536847333873,0.5923374851308301,1.1014120749948215
0.3257638589001004,0.7177544631233076,1.2478635157828217
0.35493249328406407,0.815153547648069,1.3457829009459803
0.3277345761512125,0.7949354278682303,1.342927111418057
0.3713791541655656,0.8670710424289393,1.4075389160802205
0.3751752642851269,0.8946345705467198,1.4299739366080622
0.3785288484179878,0.9056616535682492,1.445369466514604
0.3987986441544697,0.9061252791582114,1.4356653784059925
0.38084723046191743,0.8859073525286454,1.4182577178032179
0.3744114785156234,0.8748802051236915,1.4077128115882929
0.37672986055955293,0.8551259040840877,1.3806010628769068
0.35310648069021017,0.8436351954725958,1.3749096210789766
0.34667072874391613,0.8326080480676421,1.3643647148640516
0.33515506699765785,0.8234172688430296,1.357501960476202
0.33959307695742064,0.8362808488117491,1.3668783948265852
0.36440056958041595,0.833989857747775,1.3565017026689778
0.3700725357572064,0.8252626397297007,1.3447854838641338
0.36499262595724213,0.8270990079100421,1.3484676356912089
0.3594923891731289,0.8624714411888776,1.3904790464935912
0.3698239381657347,0.8854439200889558,1.4134099348369786
0.3683684090926545,0.8881986011263163,1.4092319151943575
0.3631167699000129,0.8633897540458967,1.3826188750238948
0.3352541341990037,0.7866632834177582,1.303951067102426
0.31967094601375623,0.7388819574372603,1.2544071385885758
0.33426877557344764,0.7480728010452967,1.2564192692848084
0.34082641344904363,0.7935542620223396,1.302283886696961
0.3599619398952484,0.7999904889764399,1.3036234133441975
0.44141223573866567,0.7972538098628258,1.2750041691128176
0.4173186757704873,0.8271082681500684,1.3126665124855972
0.36457167924768846,0.8394992842059202,1.3432950396921186
0.356951814547742,0.8422538364764324,1.3488182674327316
0.3811174073305358,0.8546627935615192,1.3515001614525826
0.41465200920833556,0.9226620461715832,1.4184517505692071
0.4223667351021648,1.0333792047818484,1.5421433577965151
0.4305017879801431,1.1105602982936196,1.627505706048516
0.4025124399119059,1.128469430319596,1.6527820409236393
0.35958180179085325,1.083897280365471,1.6154558822298628
0.4106565293558704,0.926334918277429,1.4161147839687867
0.33478334814667204,0.8068726650032788,1.3038029674316882
0.26417607353429196,0.7857027351113317,1.1852275444037585
0.2362864109866393,0.7879936625550814,1.2004548617832953
0.2471878194647443,0.7540027806594823,1.169982932021995
0.2797148661272643,0.7333390398301121,1.144033971975467
0.31327649756613885,0.7223208933870316,1.1170904338235417
0.34824380978906266,0.7163571659623748,1.0993494380117836
0.43482385889581954,0.7039750203570913,1.0620235227536388
0.37549219011069424,0.7499019762335014,1.1406825633144144
0.3517697430400056,0.7751652530472811,1.1885420148902603
0.3906328523092413,0.7811468571177487,1.1831870012069647
0.3474536190095448,0.7967559866506506,1.2144852917371047
0.32188234061704607,0.7792926122915966,1.202600858874943
0.39359313419337233,0.7466926079290838,1.1430166663181205
0.3633850917130144,0.7687378356492377,1.185355730878731
0.3700202175128095,0.7485285898088798,1.1758025602948976
0.42205328138079146,0.7085741065297595,1.1178883818732042
0.4011415858041081,0.7228104290888581,1.1406510561592742
0.49756018507667904,0.7035376302850268,1.0807392098442228
0.5313932280093258,0.703546504224508,1.0740418287883131
0.6660607004743774,0.6470736421563076,0.9714402721797016
0.6884777685875163,0.6222735402485206,0.9478310983365631
0.6656680179510523,0.6227280987487289,0.9593762623587123
0.6553364689584464,0.5997556198486507,0.9364453740153248
0.6500349863024295,0.582755871079559,0.9148568530445517
0.6290014047964442,0.5625378800665686,0.9022998161333943
0.6449827209632891,0.5267106307538278,0.8681457360753309
0.6470303064131956,0.5170650998787342,0.8642896887401829
0.6552422274899682,0.5074196977704892,0.8507323940218011
0.6606433970727357,0.5088012499169251,0.8622718765931952
0.670139113709314,0.46975594453224406,0.8225974323912336
0.6899885865822443,0.5037556421990148,0.8512225803865918
0.7100596281906297,0.5565914498369042,0.9051184240511354
0.6693753131365752,0.4500015337193891,0.800336260307255
0.6506601136745194,0.41002924166679483,0.7606674746847114
0.6236320708787282,0.35304897771818433,0.6576012893597974
0.6197073899207831,0.356713677123901,0.6086048660788369
0.6561469847610663,0.5060218975574455,0.7361726578992095
0.6473928655740779,0.5147490965819226,0.7527395474598801
0.577218660473854,0.3075421825911828,0.5348163412830346
0.5331087377448444,0.14766182393686259,0.37429444142856755
0.5399660561260967,0.16742448384855377,0.4335137986169798
0.47193975052955206,-0.04391034614240602,0.24518738521210914
0.4433637885470105,-0.12706450304974146,0.18273577627952642
0.47295337334133664,-0.04206568347340155,0.28582776920782754
0.5188899316706252,0.1104688318756068,0.4607248503071374
0.5563209503201416,0.21154920478341108,0.5835642765266217
0.5519838667379388,0.2253390057972674,0.6511425137256536
0.5245716813835212,0.1417380167750252,0.65775959793017
0.42468725241209604,-0.14265043006399847,0.3884284211086949
0.35396664319419346,-0.2005498508324574,0.35628053811583527
0.5702837118223187,0.46793371875910833,1.0771554451828902
0.7132933135201757,0.8947477966402365,1.502978543717455
0.6070306896695841,1.0288653778101704,1.6812383604694559
0.47266588356946504,0.8671221579239138,1.5274252045724088
0.34895511604425294,0.7738409183586572,1.4987682883617264
0.3558388394355197,0.6934503921590442,1.4205906668050483
0.3775629344455837,0.6488877556175019,1.3280608813945498
0.3647418937417757,0.6401601512988823,1.3454484047394077
0.3462987303245525,0.632350666687009,1.3695276276894202
0.34412925894534396,0.6075418839900135,1.3380639638273406
0.32834607718119074,0.5698611624522114,1.2651162571378516
0.31690244824954783,0.6029337985999285,1.2985977401426325
0.33485386194210015,0.6231517252294945,1.316005400745407
0.35969024812803996,0.6052506997757667,1.342239142744584
0.33217169093779,0.6029504484717662,1.3676635737925882
0.342702613783897,0.5946865341265329,1.3704963853372174
0.3409264446534183,0.6153590836397318,1.3945985862705241
0.3452875767630754,0.7150491627173802,1.5028946705870034
0.3939622307653288,0.793157503920163,1.5688488356260677
0.33782083838662436,0.5230149314563314,1.2670767504167402
0.20371363941345444,0.021774759316597805,0.7226094712415373
0.17160692214791112,0.008902434175245727,0.71022917056383
0.18719011033315858,0.05668376015574369,0.75977309907768
0.2011148070600728,0.3098176717114042,1.0515046985915797
0.24443936474243214,0.4210069435505674,1.1878985788040681
0.24537971528879188,0.3383166132420109,1.1011910154583617
0.18511191161608115,0.3167081996320161,1.0837918840274334
0.15973938735167878,0.24687264322503474,1.0083075193921165
0.12948570001379084,0.12650125025555425,0.8729053512786149
0.08912204394096726,0.0019935180303420914,0.739842991151679
0.03844965390268516,-0.07427840544504456,0.6727203354863072
0.05369000302798276,-0.05865172118345307,0.7051757349794783
0.14735901345835697,0.19127411759481852,0.9022289684350828
0.29085183559882427,0.6079549735358193,1.1648179740019875
0.3740230019997612,0.7003089654100642,1.2128830734256066
0.28947377964670773,0.5450189023659526,1.1052221192991714
0.2444739792114297,0.48115556102256396,1.0698851115694046
0.2959809543335237,0.5771736728517074,1.1126094009366163
0.3042150892160832,0.6176008263280339,1.1444209028790506
0.28653509184295867,0.6084099183365731,1.1472593958744348
0.30603627607706946,0.7182090860069403,1.2545580561133542
0.3596419195632547,0.8390441462548939,1.3754054888945224
0.35125826909380475,0.8220443331023779,1.3586675916153663
0.3825243323910502,0.9019887884407178,1.4477064102436874
0.3914003523105758,0.9277159483781569,1.4664592789444537
0.4079460803934231,0.9428794577337556,1.4746644007049177
0.4079460803934231,0.9428794577337556,1.4746644007049177
0.39643041864716483,0.9336886785091432,1.467801646317068
0.3936688908911301,0.9157707456498807,1.4443720494327572
0.3866410825680099,0.9116344480826598,1.4418612101956012
0.37063756739861353,0.8973891872006561,1.430646540657058
0.3583581198828517,0.8684440425530154,1.4015226612494394
0.3542407499804873,0.8376625941084578,1.3638660063231285
0.3599127161572778,0.8289353760903835,1.3521497875182842
0.3681246372340505,0.8192899739821384,1.3385924927999027
0.36109682891093026,0.8151536764149175,1.3360816535627464
0.35596707564759067,0.8247991429065868,1.3447883245895114
0.3651145118865441,0.8615533214821312,1.3837873468884365
0.3658782976560476,0.8813076869051591,1.4060484719082056
0.3607983878560833,0.8831440550855005,1.409730623735281
0.3516509516171299,0.8463898765099565,1.3707316014363558
0.3352541341990037,0.7866632834177582,1.303951067102426
0.3286466528600324,0.7489909207520433,1.263110968889963
0.33816457261975946,0.7600181325404212,1.268805251413271
0.34201052620269606,0.7797725623468738,1.286215752741423
0.38146569184875795,0.7788633165796083,1.2728266720803587
0.3988250491644841,0.8059720930469073,1.2982683996609021
0.46870983979826775,0.8018537330200087,1.2678109202413619
0.37278360032446106,0.8298538820976753,1.3297377449737369
0.35500391602458603,0.8362811707288702,1.3426252763685003
0.37798539605372744,0.8624718274894229,1.361375304343889
0.38358049403172356,0.9405711050913648,1.4485787285094278
0.4000991973791518,1.0347520117556517,1.5506789740405849
0.4087764624655226,1.1128513624637886,1.6330317551410263
0.3827848570888749,1.1289240532032285,1.6594765812541716
0.3511981513214033,1.066897467212955,1.5987179849507067
0.4251324729862598,0.9010714483133765,1.3828072034677916
0.31700365902114136,0.81329995537893,1.3166905023243083
0.2679001411879266,0.7710028513456952,1.167318334534683
0.3015614571407238,0.744366509152187,1.1303257597323069
0.32646864151612526,0.7264573197211008,1.1099000256774636
0.310908272058834,0.7498842927379634,1.1492267017346172
0.335123708305003,0.7544841515117222,1.1468840765547785
0.3179360803819542,0.7540205903051843,1.1517375409717732
0.4253779816020191,0.7352112204521302,1.0966734706272478
0.3767981887936487,0.7705745901301244,1.1599341405561043
0.3815574585362146,0.7866560904256212,1.1845322093049568
0.4299883406798639,0.7958558044842264,1.1798469519495662
0.3270342880572814,0.8197196577391282,1.2392629409426417
0.2761133017155087,0.8036290268426817,1.2407647497650955
0.31852875648418516,0.7682655292700671,1.1872053289684013
0.43682222060775544,0.7232743765959415,1.1066938495925775
0.49874429783033153,0.689755930609561,1.064671075888685
0.44994294181721983,0.7062831798492095,1.1026610660239795
0.42649129134055425,0.721437686498479,1.1272648162235872
0.4168238411907013,0.7338377696440845,1.1366440912993478
0.5161036551460576,0.71686470707686,1.0901128034692282
0.6577989359342294,0.6645281425758804,0.9900220860977729
0.6966398462009137,0.6204372364516033,0.9392983228178708
0.6865298700643604,0.6163008745009583,0.9416381072723318
0.6704765114315887,0.6098647119302822,0.9354479569334782
0.6638191866292421,0.5800014475758952,0.8996323779207047
0.6758050188230247,0.5478470633906857,0.863141354133558
0.6632547747132398,0.5290106889075556,0.8572731761021773
0.6627624052631641,0.5202833421226328,0.8552582046805675
0.6678423150631284,0.5184469739422914,0.8515760528534921
0.6676213619324806,0.5207466457954739,0.8698072350300408
0.6638252518129193,0.4931831176776937,0.8473722145021989
0.6889263597578938,0.5519916554465696,0.9026104255393571
0.6791370236787388,0.5299374250200862,0.8766699894178903
0.6513740601012449,0.43759271237946534,0.787953096032833
0.6486617560831808,0.3907298924062591,0.7159971249744354
0.6329770217949686,0.2951593966405698,0.5459966699367732
0.6313713426063577,0.3002055838092982,0.5133903529188237
0.6643865502986628,0.4384948869431279,0.6722220943845315
0.6806836955932737,0.5138397220478086,0.7490517141820497
0.6036312125600553,0.27906921555586456,0.5135441111689796
0.5455161363735852,0.12424295225839047,0.38647786861490796
0.5432482175184355,0.1573239437892822,0.4520669531010017
0.46533350864139017,-0.03931113120288943,0.2913509969484404
0.446375149224729,-0.12705627992281698,0.2245446550111238
0.46768077047635576,-0.07467547012164887,0.30084971226088963
0.480276652042053,0.08657750235620217,0.4844590994342776
0.4655743172243611,0.22209478556916784,0.6317599040368287
0.4593829568620758,0.3011120541110077,0.7353562751907559
0.45135068953787166,0.3139917079896595,0.8574541634113612
0.3726277968862199,-0.002542752815029748,0.5837395830458179
0.2334544743021328,-0.15142259025247107,0.45385473479937954
0.277068452401435,0.17109194076796105,0.8386292818464878
0.484283091418688,0.9241021069337176,1.6547444854840707
0.4632170300676998,1.0908556354191457,1.8318445977322226
0.45752708054713215,0.8992846434475137,1.6154263316030497
0.4217011213608219,0.7720222945683654,1.4816913674271177
0.4775579301578776,0.7017497343898651,1.3958189477326832
0.4586716210285493,0.6562680158791254,1.3693568250869987
0.44049925420534913,0.6383497611027419,1.3701803466607732
0.39460833661299327,0.6282318594650534,1.3730245211069125
0.3150554761039519,0.6236145138349419,1.3693594206278161
0.3016128753862797,0.6162520014522805,1.3146687148235479
0.35058535071797525,0.605234175181865,1.2634720547156808
0.39699690194663545,0.5873336039010192,1.2557514378692525
0.36785232574143734,0.6034143959788496,1.3337063672258918
0.3556947641549776,0.6089235649032981,1.3399021990155005
0.3484964658899895,0.6204136296805477,1.3940998777296008
0.36829671090435184,0.6833582074829476,1.4712514227703828
0.37966284226048436,0.7159762816415436,1.493187734757301
0.4977569228792422,0.7022215257016419,1.4327743391759487
0.36746866015520746,0.2997532033719623,0.9996127086316958
0.19150623436361935,0.03509302655237412,0.7338298222308357
0.23608633494177084,0.1536282444917859,0.8509979674424111
0.21478195684176235,0.14351902364330596,0.8616966319074918
0.17638480236127663,0.24641795595797786,1.0064636027532015
0.22204994109011705,0.3879254369522818,1.1611144838509104
0.26641329679477727,0.3585346042550013,1.1137480523695191
0.22284075159503963,0.32866240506662153,1.0894804850999864
0.15996096020773135,0.265708760174468,1.033578192189965
0.12847332405443335,0.16692818788669464,0.9192687007637954
0.08357196369347876,0.045175049620505454,0.7868789211537508
0.04143213478936769,-0.058660144438964563,0.6779187501940691
0.05067925795507168,-0.037524162486076186,0.7068687340936154
0.1433641492106993,0.21608277152496558,0.9433938796803965
0.26488849440840506,0.5872818445718024,1.1843713862932337
0.3341253103669989,0.6846817660810789,1.2192326634653714
0.2849576620373411,0.576710240412018,1.1077616179703766
0.24940435862126814,0.5027464877762061,1.0812765173413978
0.28153327488936286,0.5656913231123031,1.139025567615712
0.2999986521123729,0.6235733633087478,1.1603151413265156
0.2770393710857831,0.6474552167429398,1.1869338629477335
0.31772366721600503,0.7540450804923138,1.2917160024987417
0.36679161381567693,0.8776347573942036,1.4132360393289058
0.36407992952301754,0.8519077262236133,1.3847819232449055
0.38691249888743773,0.9226614667207653,1.46210736379376
0.3992417898665748,0.9437975130570778,1.4862067240016892
0.4188696857628552,0.958961086796101,1.489561222070536
0.41124982106290875,0.9617156390666132,1.4950844498111489
0.4010900014629802,0.9653883754272959,1.5024487534652995
0.3901165526301728,0.9571158446762784,1.4925764512993707
0.384815069974156,0.9401160959071866,1.4709879303285978
0.38091927292784417,0.9281707644120623,1.4586019482001351
0.37058772393523826,0.9051982855119839,1.4356710598567477
0.3594923891731289,0.8624714411888776,1.3904790464935912
0.35796481763412186,0.8229627103428212,1.345956796454053
0.37044301927798007,0.7995356729425345,1.3114807440885166
0.3938946697546456,0.7843811662932652,1.2868769938889089
0.37352518709141314,0.7995357373259586,1.3066301203968995
0.35337727728423324,0.8335264253080854,1.3516539197027384
0.36565672479999506,0.862471569955726,1.3807777991103571
0.3530067937634596,0.8592533920952516,1.3849586594783558
0.35088716584762636,0.8266355110869282,1.3484704764165867
0.34736185232208816,0.7889632128046375,1.3027797545125066
0.3364382469526561,0.7728815837422923,1.2878829331468882
0.3293605951661606,0.7765543844863994,1.2903966131094218
0.3509862330489722,0.7898815256616568,1.2949195830428104
0.3498021202953198,0.8036632253371226,1.3109877169983482
0.3015429723700034,0.8211087247948223,1.3459681628534201
0.40757918315470765,0.7972449394122573,1.2817015571644408
0.3517001753551004,0.8174449893960128,1.3222052272622689
0.35424013025508255,0.8165268053058421,1.3203641513487312
0.3613898245075048,0.8551174164451518,1.3581947017831149
0.37088071953181284,0.9451620255422183,1.457784108077116
0.40436548206683454,1.0209703834419244,1.5297601935220932
0.42384446729839387,1.080697040917547,1.5916901041644058
0.3628855424603389,1.1027334616983284,1.6358759313360942
0.31919111977619663,1.0384069458850613,1.5762886467480843
0.3831373524402157,0.9028988781708127,1.3980373600423939
0.4040760727523182,0.8096451583030256,1.2813795619856305
0.3130272754236068,0.7613663866881273,1.142213033319846
0.35620651354895894,0.745757255410769,1.1109147392918495
0.418620969872922,0.720966152720399,1.0709069300138536
0.38922654697413156,0.7549566510411655,1.1304826073902574
0.4001501523435636,0.7710382801035108,1.1453794287558758
0.29655420953209094,0.809602078018561,1.2178539969306963
0.3112018825551576,0.8109838233152697,1.2148416084272395
0.30698544545144735,0.8169563602959835,1.2307358468747047
0.38150761507283926,0.7944651887369493,1.1895567285046464
0.4311226099701411,0.7898832031200884,1.1688033371937179
0.28952702093437543,0.826601569253956,1.2588450126679376
0.2754714018753072,0.8183289749917424,1.253823335942554
0.32296676644394795,0.7811291092387864,1.1965817633187845
0.4399043884211885,0.7232744409793657,1.1018432259009605
0.5564715172263441,0.6911467429960235,1.0404094352544673
0.5427371603629068,0.6860920681883592,1.0506093911786247
0.5077200046766076,0.699864893924344,1.0733749061900721
0.49497038671332166,0.7122649126865256,1.08760480495745
0.5031823077900943,0.7026195105782804,1.074047510239068
0.5573848333859734,0.687473813485068,1.0475970026751678
0.6717825101145432,0.6305373258269052,0.9546995341751678
0.6603166918316602,0.6135374482909651,0.9428122605876287
0.6645829723987456,0.5997558129989233,0.9218935029404738
0.6567415348427467,0.5836742483200023,0.9021460578832385
0.6560774359999938,0.5483016862743184,0.8698358944640902
0.6479652018499716,0.5423288917599076,0.873344150783093
0.6398529676999495,0.536356097245497,0.8768524071020956
0.6550926970998424,0.5308469927044729,0.8658059516208697
0.6661658328594003,0.5235013268328345,0.8656292153874197
0.6619992392190653,0.5216647655022204,0.8764989346351952
0.6983175678554512,0.6576544611662918,1.0122488702327375
0.6651534494984251,0.5639282417690615,0.9119925413404953
0.6419996203512018,0.489956580945132,0.8194454663931715
0.6389660417470993,0.4398757952553217,0.7322678138720953
0.6163316067853707,0.29561408390762667,0.5478405865756885
0.6160601904659428,0.2845870652695214,0.5275944329775295
0.6486820959095181,0.37739503619315673,0.6308603096478509
0.6889743440450549,0.4807751907273945,0.7670803414164762
0.6277764655165117,0.30481302885405365,0.6013628205154152
0.5509461898679858,0.1100144735039853,0.4346277923388
0.5414288857130662,0.12012304353990873,0.47243538766122645
0.47298225313237263,-0.05767572135255704,0.32243823323166276
0.44225901877317403,-0.11556615076214322,0.273891710033607
0.3468972045674899,-0.0365752351575929,0.3781777413548481
0.27451870656372984,0.13201369924572554,0.6317193678000438
0.26329790699187794,0.2261940491541081,0.7774752500878587
0.2682222212180393,0.33460330580595193,0.8411268192783578
0.2799102320823796,0.39157508909394106,0.9217866206381425
0.1946051534716379,0.1931197460151864,0.8701099970565465
0.13540441425715016,-0.005814618018534987,0.6620591095820212
0.08618816336604172,-0.06370543023975393,0.6426163355293808
0.29641293883322756,0.6470414224683803,1.413536720376587
0.5702662487644397,1.047700722158513,1.764716517566708
0.6056802929815268,0.9080477435240579,1.571249284034553
0.6229724528668165,0.7638031936266819,1.4170828938594524
0.5876112186697581,0.7031498000385289,1.3357561699014269
0.6013738397194239,0.6714586551427362,1.3186648001553705
0.49314656380139743,0.6415769416695456,1.3496008578536305
0.4615604801721584,0.6006861436096596,1.3323441147756343
0.35308400623987807,0.6098499147152834,1.3884027544809152
0.37140528372779935,0.5832050857550677,1.3290038203336754
0.4785468750654919,0.5689787316536619,1.2170831622342067
0.5015775788326038,0.5662245013002708,1.1873068160355087
0.39877431052792345,0.6089326319930517,1.3186529468847397
0.3717697020648959,0.644296448866103,1.3479592439765635
0.353376382111048,0.628677865942902,1.3670139477268866
0.36587802220826704,0.6975949163425913,1.4649103549067508
0.4406938023259826,0.7362032753608634,1.4893461432293147
0.5004457884439455,0.6567402578748719,1.3723578506889453
0.3324833549371951,0.10541872429582579,0.7892192265051502
0.22181396377072785,-0.002570397790435437,0.681441719270846
0.18430669664782187,0.004311513724392189,0.7010237909961418
0.1336349300357533,-0.05082460960092199,0.6774030020712192
0.17574352224647985,0.28225369290965435,1.0630240439050571
0.2625132840896912,0.4968149725548381,1.2841278055784673
0.2473005794252174,0.423306679787174,1.2012791372889997
0.22609526852655476,0.3764434735134226,1.1584269083803043
0.18624680063176302,0.33187138707049374,1.1162501242459824
0.1448707611979643,0.24779056978150857,1.0295510900721223
0.08633411117491818,0.08422877128238367,0.8538103730124585
0.04900277575134358,-0.03246980959553308,0.7209218966275429
0.05257731671566116,-0.02374238707972935,0.7180862561235885
0.16155809531104617,0.26293774769347816,0.9444372527288318
0.2947476326451361,0.6199003050309437,1.17720395613045
0.30958861433802676,0.6768639869805426,1.2063536542467406
0.29302005272398796,0.5904921332377565,1.1092778808510637
0.2621755558617009,0.5192831904061538,1.0689135131962297
0.2673779713163719,0.5730369246005171,1.1440529275407791
0.2825900710586763,0.6254094739553921,1.1833997879200588
0.2795294825223899,0.654346130964097,1.1901173062338855
0.33779470882439055,0.8068808881302033,1.3456118461632856
0.386098869654559,0.9107161996090649,1.4448707579736806
0.36094791824620914,0.859716760151517,1.394657066136212
0.3757174771985778,0.8955528190203147,1.4269643888299828
0.4009681155336781,0.9309340618552069,1.467129042268072
0.40930192253975284,0.9557429733190509,1.4888914587469178
0.4081178097861004,0.9695246729945166,1.5049595927024555
0.39909225947644894,0.9672248079910617,1.5012802816007578
0.3850366428302085,0.9589522128566198,1.496258603126446
0.3810910023205214,0.9548159796728233,1.4888971401976732
0.3842230135973298,0.9470069457449196,1.4790219973063665
0.3865912391046346,0.9194435463939878,1.446885729395291
0.37857807215595835,0.8767167664543056,1.3968430923405173
0.36553483887069305,0.828017256383637,1.3454580879131295
0.38745891780835157,0.7733540188883113,1.2763320876739839
0.4267423637130475,0.7457995543713724,1.232647808019668
0.45852782119578767,0.7554539591859469,1.2298064742989059
0.3481256380915917,0.8087175782276658,1.325040879532276
0.3545613900378857,0.8197447256326195,1.3355857857472007
0.3368315492013859,0.8183629159524867,1.3434487979422747
0.3321221229221953,0.7944723173456618,1.3138262099937326
0.33271417929902153,0.7875814675079289,1.3057921430159636
0.33974198762214175,0.7917177650751497,1.3083029822531196
0.34341621181240106,0.7848269796208409,1.2954182915837338
0.3605539962720746,0.793099639138707,1.2955893463664288
0.36250189479523054,0.7990723048862691,1.30178233743066
0.3579641979087172,0.8018269215402054,1.3024549414796558
0.4519425388593679,0.7678541067149767,1.2343351256830497
0.3605041528086993,0.8009087374500348,1.3006138655661181
0.375151825831766,0.8022904827467434,1.2976014770626614
0.3600339823611751,0.8422539008598566,1.3439676437411145
0.36503702396234505,0.9272440282995315,1.4392051348844221
0.4086816060972953,0.999379649838555,1.5038169166752486
0.38929747723396335,1.0531247049881662,1.5711018444987137
0.3314705672919584,1.0673520905327016,1.605412526155703
0.30804594155071197,1.0034891998732827,1.5361211525846175
0.3659497245171669,0.9024353169642747,1.4028908244593885
0.43921512401923063,0.8303266426502173,1.293933751175697
0.302275399446852,0.771929972886543,1.1576114039517655
0.3327548630722934,0.7609117620600383,1.1355184894914572
0.4244646654423898,0.7388841499630857,1.0894859032065474
0.38409679371079203,0.7646021175328348,1.1391892784170219
0.3380071219903397,0.8068563979430737,1.2056333846363168
0.3303374090013623,0.81742005026937,1.216181135074476
0.32779745410138017,0.8183382343595408,1.2180222109880137
0.30698544545144735,0.8169563602959835,1.2307358468747047
0.4156613077141957,0.7765561907116794,1.1545791198770954
0.4119372304092498,0.7912560779662285,1.1724883367418844
0.30395312110138956,0.8091471976012314,1.2305619513666322
0.3426445058036036,0.7884835846664816,1.1949117421879418
0.35598618014371586,0.7691927160665673,1.1726477764427952
0.47287395865758114,0.7191471461184742,1.0829337582246608
0.44412144525030345,0.7384376928012676,1.1294508424278924
0.4111518750139109,0.742564987662159,1.1483603101041922
0.4918882188998886,0.7122648483031012,1.092455428649067
0.48222076875003567,0.724664931448707,1.1018347037248277
0.5652755139825656,0.6746104840722205,1.0188180595668896
0.6112661185016721,0.669110189087253,1.005924846721371
0.669242555214561,0.631455509917076,0.9565406100887055
0.6609087482084864,0.6066465984532321,0.9347781936098598
0.6581472204524517,0.5887286655939695,0.911348596725549
0.673165376996292,0.5643834441035122,0.8750314684464747
0.661699558713409,0.5473835665675719,0.8631441948589355
0.6535873245633869,0.5414107720531612,0.8666524511779384
0.6454750904133648,0.5354379775387506,0.8701607074969409
0.6403951806134005,0.5372743457190919,0.8738428593240162
0.6317407335499274,0.5303833027310864,0.8803606634210982
0.645697282994822,0.5754098832907995,0.9389332352691865
0.7089427321700364,0.7417264688992201,1.1007946617708901
0.6659394342704801,0.6337551173868343,0.979622415956871
0.6524746345502564,0.5763200948094283,0.8795629605559963
0.6247830937132844,0.5051030052496083,0.7876884425934586
0.5967265296170465,0.3516588091659642,0.6333566930778454
0.5809722317645265,0.29836805672732075,0.5970194275408542
0.6007004343129622,0.31904922264630386,0.6338267421847192
0.6248396220857415,0.43161136584269466,0.7739056149496605
0.539299610452095,0.3456849845167658,0.7144749284627198
0.3878474596578624,0.1889957956034421,0.5989680904204496
0.36767797057353574,0.1940497621934399,0.6421249951040793
0.2995021345868653,0.006142227136463702,0.46887213929827726
0.2419028663038318,-0.04761260157611136,0.4761933277112168
0.20518096422757603,0.007960396753873429,0.519903419078491
0.1866542380511653,0.15265995234651486,0.6516606004387084
0.19427658905434828,0.23444857798137905,0.8201448161277887
0.20137767929420466,0.3231198650372482,0.9500035957106557
0.2319717193888059,0.3911027218202588,0.9284868494151431
0.21725992825970375,0.32404660114977885,0.9694004090263686
0.09789775720833759,0.02220308578782096,0.7251430432774274
0.039655345933484326,-0.059123383728381454,0.6585190961529788
0.2352511190301277,0.1127462332930432,0.8318944434680173
0.6977390092465614,0.8313564397588975,1.4900450563561027
0.6899918131590406,0.907610797158138,1.556010591292391
0.6362150600055828,0.781266310452039,1.4483698214880818
0.641542947671614,0.6981128731098268,1.3325613637137645
0.6033439372451314,0.7275038310850431,1.3702265408162082
0.5437684869500907,0.7045221633061878,1.3782461659782426
0.4783487406628002,0.6424867025042048,1.3241849489817592
0.4386005794201638,0.603432208241236,1.3154609814224552
0.46614740079664224,0.5689866398417797,1.2831451365525517
0.4889571514331063,0.5685320813415711,1.2715999725304026
0.4536901587045261,0.6002146098315796,1.2759862285659007
0.33559792761067103,0.6773767356682409,1.4669051960661579
0.3419832163681851,0.6750771925819069,1.4389727665063752
0.3536693777076225,0.6686416059731363,1.389126995947255
0.36503673886325316,0.7435312612258763,1.498067024878681
0.475290011302728,0.7348307259207568,1.461408032218777
0.5120377179662161,0.5579687456990271,1.2367990931405881
0.3924250634429238,0.2528991285713888,0.9306606039006227
0.221714896569382,0.03418358763483605,0.7349926126446222
0.09852290945476248,-0.1505235060931712,0.5709536703486937
0.14172074952444974,0.05530137451370531,0.8112917314930205
0.2537591500994676,0.5055421261894884,1.3006946480749284
0.2814002277476596,0.5634325252580203,1.3540918302627583
0.24214380142645878,0.5119695435875318,1.303880932086458
0.22271465965827472,0.4444337878005814,1.2369265022444558
0.19334727114621467,0.39940688532374713,1.2026070488544525
0.15423977029297026,0.30338086530648595,1.093820785168896
0.09397617487741607,0.1315467292066163,0.8936558948684523
0.057336586458227076,-0.0076608867842324875,0.742684324872441
0.0633298124178207,-0.013170184475529402,0.7461897404660661
0.20557253712076817,0.28821060666440546,0.9322424626409811
0.3097657891889764,0.5955550835404863,1.1408868278513757
0.2844376629296769,0.6258645475229946,1.1561399624092723
0.28286023312405933,0.5941648695984393,1.1166421845052141
0.26306060783510166,0.5523560805986552,1.0829924944388294
0.27085345618177015,0.6185183665839624,1.194768215708758
0.2816275311610764,0.6580272905802914,1.2247385946734453
0.2881845493112677,0.6823729627547184,1.2271013571112004
0.35537563899616925,0.8528257815469356,1.3963242465416772
0.3914003523105758,0.9277159483781569,1.4664592789444537
0.35310648069021017,0.8436351954725958,1.3749096210789766
0.36462214243646845,0.8528259746972082,1.381772375466826
0.4056048796215373,0.891425459775999,1.4129055448452998
0.4116701480470577,0.9281795739681189,1.4567551908358423
0.40091827207030295,0.9387431601665347,1.4721535614677614
0.38740486833751336,0.9313888135056881,1.4641223352153703
0.38368080068387883,0.9460886972713246,1.4820315450844457
0.38168305869734764,0.9479251298350903,1.4808630732199042
0.3797351601741917,0.941952464087528,1.474670082155673
0.38405128420465245,0.9203617304841586,1.4487268053088287
0.38442176772542613,0.8946347636969925,1.4154220655332113
0.3795904555169335,0.8362898515180787,1.3504797663874417
0.3804311094852314,0.7692177213210906,1.2738212484368276
0.34913802145256684,0.7682906632914388,1.2786775535791999
0.4876015943858685,0.739381332829931,1.1985110244941437
0.3816872647048105,0.7976994335290414,1.2980973448782072
0.33850803140511404,0.8133085630619434,1.3293956354083472
0.3333062356758477,0.780690617670196,1.2977580760381948
0.3223826303064156,0.7646089886078505,1.2828612546725762
0.33130849368931653,0.7825270502339616,1.296589604173653
0.3518497057452262,0.7940176944620292,1.3071316696632003
0.3613676255049533,0.8050449062504071,1.3128259521865082
0.35936988351842214,0.8068813388141728,1.3116574803219665
0.30408292726998554,0.8201905407046517,1.3441270869398825
0.3204569259601555,0.8087088347994894,1.3220370167028082
0.4099474183133238,0.7696815365724129,1.249565282257652
0.37438804006226245,0.7825361173237153,1.2753403520428923
0.375151825831766,0.8022904827467434,1.2976014770626614
0.35749402746119296,0.8431720849500273,1.3458087196546522
0.37070899013913555,0.918516810281457,1.427488916079578
0.41299773012775615,0.9777889162351854,1.4778736398284043
0.41511735804358935,1.010406797243509,1.5143618228901736
0.3330750082361737,1.0200343253226276,1.5510151323503942
0.3225218863875153,0.9782257294731161,1.5028135712091581
0.3393660579380373,0.9253988592859038,1.4373697210481593
0.3860477908609715,0.8762537272934757,1.3628915443532388
0.29638186041400894,0.7618210739551843,1.1440569499587614
0.31243521904678057,0.7682572365258602,1.150247100297615
0.2999570174029224,0.7916842739261469,1.1847231526631516
0.34394988476115335,0.788020409760489,1.1706614644552347
0.3588191306402725,0.8082382720066309,1.1929197487496261
0.33287736872700013,0.816501864434743,1.2143400556630817
0.3055299163783671,0.8197110413333442,1.2265578272320836
0.338056965453715,0.7990472996317458,1.2006088654366276
0.43852090181403497,0.7682925339001431,1.1380094366552564
0.3707557390960845,0.805028774935365,1.2049550991365658
0.38128604221678675,0.7756290717875158,1.164286055706798
0.43072930772141127,0.7444018709098941,1.1132374723983314
0.394627716556899,0.7563382031876016,1.1420220899616513
0.39526961639710045,0.7416382550385408,1.1289635037841927
0.4229383333541923,0.7416469967222609,1.1319673631158034
0.3276539937205871,0.7549471976508665,1.18083560167072
0.4337898962576976,0.7154652139011893,1.106519954084505
0.49972903673048286,0.7072106241794066,1.0687010187319055
0.6394764189954988,0.6489013939308648,0.9624173102962187
0.6948630573450303,0.6199739971621865,0.9198986687767804
0.6740510486950975,0.6185921230986292,0.9326123046634713
0.6575053206122502,0.6034286137430305,0.9244071829030075
0.6522038379562333,0.5864288649739386,0.9028186619322344
0.6551142763769892,0.5597837140966018,0.8676728462430794
0.6380263353806909,0.5437019562674081,0.8624772722606947
0.636399696640338,0.5409472108466233,0.8715059155949328
0.6409373935268514,0.5381925941926868,0.870833311545937
0.6536371680267622,0.5336016737418333,0.8616279319782488
0.641037080453602,0.5225743975700311,0.8607842731465578
0.6524038315351391,0.5763282605312428,0.9262224401078731
0.7354987494626865,0.7766445368281197,1.1167090374762723
0.7050955391362903,0.6797004614875363,0.9963804504939441
0.6429062516017494,0.5519661925297624,0.8353913422579805
0.5728275274208129,0.4793667782224158,0.7901848260234531
0.5121953150623169,0.39666699801247296,0.753830263953923
0.4792035458233728,0.3507217826786195,0.727370982033616
0.3983963754990579,0.38103008775900243,0.8299353799033825
0.4543480454899965,0.4242292384612794,0.8732777951768685
0.35238419170280466,0.35759366135184073,0.8409616981266916
0.20462847787329144,0.24408620066835482,0.7579388891445915
0.23493076182212755,0.3143768950263626,0.8013128045775046
0.17467386096696647,0.07686021434199454,0.592389598837239
0.13941292377075204,0.021724416422713964,0.544515698449945
0.1641496230299413,0.01944158759164191,0.5807984788485011
0.16313846946846428,0.10214008362201292,0.7141655217460845
0.17482166200155458,0.2882017971083486,0.934089220005274
0.19355968019156655,0.3993823881583033,1.0626286101988214
0.22600923651705968,0.4444093550185618,1.0920974398972074
0.24876914369014846,0.4517638948296812,1.085576795074748
0.12341561325702051,0.2188370662617808,0.9683196021874775
0.047795844269734974,-0.08989640891742764,0.6481194260120771
0.19758115055406617,-0.18633268560982877,0.4991517097207257
0.5406737760992287,0.3962697213535008,1.0592002322830167
0.7705065841889658,0.8584745408496474,1.4748350370394174
0.6528604750151807,0.780811623184982,1.4465259048491663
0.6648456874835584,0.727521450197157,1.3665330260876227
0.5870918244842633,0.7734398505622944,1.4276363222505097
0.5262109952316729,0.7509213576894317,1.4599062251452515
0.4790134592309579,0.6989950533525046,1.3999969673753043
0.473711976574941,0.6819953045834127,1.3784084464045312
0.4545044076628096,0.6332956657458956,1.3367246893603772
0.4372669362763855,0.6406412028506855,1.3466026729770615
0.4173399795998535,0.6723322189796297,1.373395290106352
0.35140206892656634,0.7228583897955563,1.4982179424034594
0.35204396876676786,0.7081584416464956,1.4851593562260008
0.4094715173084354,0.7352680516093969,1.4475429688198096
0.43541389894711247,0.7481402479839006,1.4696245168807511
0.4813318412748875,0.6792407523129006,1.3728852186639182
0.447015465131883,0.39118887541136294,1.0555379655335846
0.413187247932104,0.26209009396844885,0.9229714732221943
0.2721657100508027,0.09161938281333282,0.7768445837460934
0.15533261038449164,0.004765943457752256,0.7222702024015248
0.24069309808624612,0.3856343171214592,1.1604390390765371
0.27908184570373,0.5831868262976243,1.3812035789741444
0.2920031930596933,0.597432022796204,1.3972688722043045
0.2618935980552765,0.5615874762884705,1.3425551884167417
0.22549776669145616,0.4912884420519729,1.262222993750976
0.19763575071585163,0.43569776022645024,1.2270570408039043
0.16814585654908487,0.3350807553749112,1.1139160212422765
0.11074348321793359,0.16554637820656173,0.9271317129588693
0.07247724865677412,0.02358399410001475,0.7851887627649914
0.0817520162833019,-0.013161632453169462,0.7637454778682412
0.19295148999586598,0.2693823979030899,0.9730337641614777
0.25561853771150955,0.4949375182317269,1.0665507507584744
0.2529007882351731,0.5560288169593379,1.09035679809298
0.2637247066778546,0.5877286426443391,1.1153026578579774
0.26739893086811395,0.5808378571900303,1.1024179671885916
0.27940821631849266,0.6410276061946238,1.198299450011055
0.2906032380073526,0.6681362538950745,1.2334424249748326
0.3263066915389561,0.7398085003995182,1.2883558229791396
0.3727349963118953,0.8799345580142346,1.4217659741222206
0.37793679204116154,0.9125525034059822,1.453403533492373
0.3562883354303938,0.8280170632333643,1.3600099589879804
0.361910458143809,0.8270989435266178,1.3533182593828257
0.37786412984983014,0.8491533027199497,1.3695574481210588
0.3857055674058291,0.8652348673988706,1.3893048931782943
0.37381942213879715,0.8817710549614245,1.4157468785660619
0.37436163505224807,0.8826893034350194,1.4127373307879825
0.3750755773583764,0.9102527671693754,1.4400229750074414
0.384815069974156,0.9401160959071866,1.4709879303285978
0.3873550248741381,0.9391979118170158,1.46914685441506
0.38654139564125933,0.9272526447053158,1.4519102485949804
0.3674058691950546,0.9208164177512154,1.4505707219477437
0.37663017363280243,0.8707441007067434,1.3906501012762862
0.40790044293751077,0.8004628597390346,1.2969231915629102
0.32391020184542263,0.804117719453907,1.3273835047121143
0.4743097635091315,0.7508631031185176,1.2157504710396008
0.4051389248327874,0.7825449233908596,1.273493587682886
0.3258082569052033,0.817899483512797,1.3386010149760352
0.3319005500661428,0.7756362003962286,1.2885555371958841
0.3178449334199023,0.7673636052617868,1.283533858721572
0.32871869532595915,0.7912543326354602,1.3034551992868804
0.36309395117205673,0.7921814550485362,1.293748270452891
0.36213141127445686,0.8247992716734353,1.3350870772062773
0.3748311857743676,0.8202083512225817,1.3258816976385892
0.3708855452646805,0.8160721180387851,1.3185202347098162
0.30090107252980186,0.8358086729438833,1.3590267490308785
0.38136600492200745,0.7944815132022639,1.2828757104797377
0.34445079417592767,0.7944725748793587,1.2944237152272646
0.3508865461222217,0.8054997222843124,1.3049686214421894
0.3600339823611751,0.8422539008598566,1.3439676437411145
0.38400082101587246,0.9070350399928705,1.4102494695341208
0.4161795807473425,0.9621707770176395,1.4629740006087455
0.41240567375092996,0.9846797660729183,1.4859077068061732
0.33793334518008544,0.999361840192853,1.5220623077254702
0.3013886167483654,0.9736259355188958,1.500305573571844
0.3653078246769654,0.9171352651133353,1.4159494106368467
0.4262667422765369,0.8950988469492384,1.3717635887119435
0.27914438902758487,0.7691666110599741,1.1539349335754454
0.2856299844372541,0.7723846601536001,1.1594553205906808
0.30503692720288667,0.7898479057458055,1.1810410008360763
0.3509278496208983,0.7999658056390376,1.17819682289208
0.31051013925158083,0.8334928697756585,1.2329247138043875
0.28710832982546275,0.840838278985828,1.252503946553234
0.2883422884553183,0.8192474801268061,1.2314112916490783
0.35383890776705884,0.7944564435643166,1.1865528621773223
0.41366356572766444,0.778392623275445,1.1534106480125534
0.37248206476318785,0.792165323733494,1.1858774174029487
0.3965257716166796,0.7701199672464917,1.1532396002255723
0.39965778289348797,0.762310933318588,1.1433644573342656
0.3520405396340287,0.7650564828827706,1.1652863135140221
0.33431069879752895,0.7636746732026377,1.1731493257090961
0.3732734949935152,0.7540380806504494,1.1577452736264215
0.33894808261079284,0.7453018599260456,1.162427683260721
0.44567604152472956,0.6989290263386355,1.0800779686967372
0.5485303927435946,0.6906833749397581,1.030711028596611
0.6495863951320521,0.6530377558815098,0.9600775258417578
0.6547659918587669,0.6355831910785127,0.9463463356153033
0.6574056336854996,0.6190468103656862,0.9344562213023865
0.5824409429030629,0.6250015350840137,0.9685958455532884
0.6731155335329168,0.5721925424148401,0.8800559876461643
0.6734860170536904,0.5464655756276738,0.846751247870547
0.6645601536707895,0.528547514001563,0.8330228983694702
0.6476937855305438,0.5313018731218024,0.853097997184934
0.6389396515403202,0.5400290267564526,0.8696648396813953
0.6389894950036955,0.5322199284451246,0.8646403204817057
0.6440694048036598,0.5303835602647832,0.8609581686546304
0.6596525929889072,0.5781648862452811,0.9105020971684805
0.7313537350994983,0.8037446968896346,1.1294456513462576
0.6897555030842422,0.6796919738486005,0.9739740894001518
0.6309480638687907,0.5262389682088994,0.8214890972488312
0.5821749572386722,0.5060203523552641,0.8525876264980173
0.47333404154607545,0.45409276034936336,0.8896908794231739
0.38646038676865063,0.4053753736328841,0.8614018844908397
0.2780842098372144,0.4200567404073804,0.9509133477668521
0.3094782338987502,0.44763717593069535,1.0230117071781817
0.26100358312671396,0.35942822679630393,0.9804613133190426
0.22732489631706074,0.2069021504194062,0.8328212634085839
0.2784823474701231,0.33644816162522906,0.8672153321992252
0.15284945930474717,0.11590525870357692,0.6514665676727192
0.15544471277768826,-0.0007761458876515582,0.5488389471708756
0.1882863319011018,0.04746057557756977,0.5468699317158541
0.13095302482791243,0.11268688769282986,0.6701992991155687
0.18310562554425397,0.3208198068835203,0.9608761556838092
0.21881155797747634,0.477035208598427,1.1897969735857048
0.23969560909333593,0.520680494545401,1.2174275680959308
0.23629280122250446,0.538598298637815,1.2505584123634759
0.2090012623465794,0.44718004558243046,1.2054914978164255
0.18267523217460138,0.1306466758070405,0.8493163076976796
0.1504064332813073,-0.16705069094939548,0.5281130565217821
0.31268856728211003,-0.06548000188012992,0.6163056255479338
0.6534297126640507,0.7027124743498886,1.349621233300394
0.590889174054634,0.843274956285306,1.5370750527271457
0.5837887035401823,0.7757394580320526,1.4507181281186756
0.5885978167461235,0.7840118600162217,1.4702916776678383
0.4673723252733394,0.8267114456644677,1.584082085106321
0.49043067350127506,0.7660756068050041,1.5039124701113273
0.4910221101526966,0.7380489681646555,1.452376548159161
0.47733635730182505,0.6829136174404319,1.3705482749348348
0.47351260272143997,0.7132316978287241,1.3985065232032894
0.4684333126468804,0.7362038548116814,1.4456905300047618
0.4672990433566032,0.7421764561758195,1.45673414476061
0.4658933577468982,0.7371220389018521,1.4475316059182994
0.4889745247027901,0.747694499039749,1.456232595494309
0.4807619839006127,0.7362041123453782,1.4262880352382938
0.44651281999128006,0.6195056071983424,1.2885489469278135
0.3160762663279289,0.282736157407878,0.9574645839314233
0.34697605211186355,0.2381818832273354,0.8970424139936649
0.28279026204160085,0.15455562443855878,0.821888543841954
0.26318035914040894,0.3396902572003293,1.0466685237114108
0.3117799996206948,0.5680325127986275,1.3420479576996858
0.28578901396945183,0.6052409923406834,1.4119946387872282
0.26773791335014896,0.6006412623337729,1.4046360165838325
0.24734561195896038,0.5445875343691061,1.3355185385208195
0.22707518169383845,0.5229880745867013,1.3017207245908247
0.2181991617743128,0.49726091464926236,1.2829678558900584
0.20195125502090774,0.39297123782046495,1.1576119089826629
0.1432927264701773,0.19495514844416445,0.9465515042578766
0.0904785058127017,0.035992822418253044,0.7975719041680763
0.10505413636984162,-0.004888844168455125,0.7542152852677023
0.1528322255070511,0.23491908162467146,0.954112681403394
0.21781765526662436,0.44071990091370444,1.0205179192890046
0.2450593506791741,0.539947252280417,1.0706093530357446
0.2740064270103205,0.618510265245572,1.1432581124652639
0.2829322903932214,0.636428326871683,1.1569864619663408
0.27817364037606024,0.6414826153788019,1.1758902481918854
0.3079127518597034,0.7030541286737013,1.2639086717550654
0.3552537530668672,0.8183714679748465,1.3610045353444498
0.3732772092253462,0.8808528064878296,1.4187564263441412
0.36765508651193096,0.881770926194576,1.425448125949296
0.36109682891093026,0.8151536764149175,1.3360816535627464
0.36499262595724213,0.8270990079100421,1.3484676356912089
0.3643507261170406,0.8417989560591028,1.3615262218686675
0.367482737393849,0.8339899221311992,1.3516510789773608
0.3595920760998794,0.8468532445662218,1.380430008094212
0.36992362509248533,0.8698257234662999,1.4033608964375994
0.3781577451718094,0.9102528315527996,1.4351723513158243
0.3842230135973298,0.9470069457449196,1.4790219973063665
0.3917930348339009,0.9520614917857353,1.4785232887654431
0.4019528544338295,0.9483887554250525,1.4711589851112925
0.3853572828876069,0.9410343443807815,1.4679783825505184
0.37108009338531395,0.9139256322969066,1.437686031278358
0.35803686010004865,0.8652261222262382,1.3863010268509701
0.3559172321842154,0.8326082412179148,1.3498128437892007
0.42449602413504467,0.8078172672943931,1.300103787127971
0.3818589940974878,0.8243446487898025,1.328392536875745
0.3291119927490333,0.8367356665901107,1.3590210675801233
0.32953232455883785,0.8031995997471604,1.3206918051069596
0.3287685387893344,0.7834452343241323,1.2984306800871908
0.34649837962583413,0.7848270440042652,1.2905676678921167
0.3580140413720924,0.7940178232288777,1.2974304222799662
0.36521357908789,0.8247993360568595,1.3302364535146602
0.3716991744975592,0.8280173851504854,1.3357568405298956
0.35500391602458603,0.8362811707288702,1.3426252763685003
0.37473149884761703,0.8358265478452375,1.3359307360379682
0.4012653171377156,0.8206721055793924,1.3064763621467435
0.3827218470683371,0.8073450287875592,1.2971027685217378
0.3414905122917966,0.8289268240680234,1.334594050116109
0.3938171818304465,0.8500718731106657,1.3422947818848943
0.40567630236205937,0.9125530828568001,1.40974792026782
0.4034798062474318,0.966761697468493,1.4721793801764336
0.33425912098982613,1.0062526256471618,1.5349469983948563
0.3187978187338807,0.9929256132387527,1.5207227810782338
0.3242482120546187,0.9653622782712453,1.483735889475541
0.34575196642095607,0.9442351050021855,1.452939146462774
0.39396127088289723,0.9345987038558138,1.4229832198073913
0.2734225769745912,0.7857029282616045,1.1706756733289074
0.30843973507371814,0.7719301016533915,1.1479101565685315
0.3117933192065791,0.7829571846749211,1.1633056864750735
0.38648721822064835,0.7871112283766477,1.152421760102553
0.3960051379803754,0.7981384401650258,1.158116042625861
0.3401759736441435,0.8105293918374534,1.1935951935239995
0.37388713064748813,0.7760839522048455,1.1515781012708624
0.46419124740787954,0.7490019228339255,1.0963429761436418
0.46559693301758454,0.7540563401078929,1.1055455149859525
0.49045426910395507,0.7439562507325909,1.0901443036286556
0.4472750358042586,0.7595653802654928,1.1214425941587955
0.35194085270727815,0.7806746795054263,1.1753353519134013
0.33112884405734533,0.7792928054418693,1.1880489878000924
0.2956193140953149,0.7843382861373874,1.2087995348877865
0.33825633930721605,0.7678109063864342,1.1805107886378692
0.36116577687043067,0.7517381512635701,1.1589165862163409
0.4684857921611936,0.698474467838427,1.0685328046745879
0.5496646620338718,0.6847107735756202,1.0196674138407626
0.5034032609207422,0.700319838725098,1.0558163280625195
0.5708976366959808,0.6736923643654739,1.012126359961735
0.5626136731532815,0.6410743545903022,0.9853394242831998
0.533960207644727,0.623610922825649,0.9783056291040821
0.60372312200052,0.5850382457377488,0.9125284314916009
0.6040437620579183,0.5671203772619106,0.8842482109156734
0.6611567260745533,0.5253295292913612,0.8226518876626178
0.6626122551476336,0.5225748482540007,0.8268299073052389
0.6598015036536283,0.5336018025086818,0.8519266845950147
0.6567193358401953,0.5336017381252577,0.8567773082866318
0.6533657517073342,0.522574655103728,0.8413817783800898
0.6572837477561976,0.5845924967935971,0.8991365101051592
0.6887160949878479,0.7991362860935158,1.114232539123921
0.5928667333641471,0.7403099360622535,1.0772397138901995
0.5068571517057583,0.7168645139265873,1.1046646745440794
0.4279246214110831,0.6686104952663735,1.0860740862696017
0.3821880451384853,0.5059753458014417,0.9345807826851632
0.30897732448397586,0.44118501081182565,0.8992494564061515
0.24782632389348117,0.4499110664388621,0.9982769315271524
0.26711262018062115,0.47519157606421014,1.0715466105241145
0.2609543497374321,0.3883731173991602,1.0289876944888428
0.23233400310190772,0.20507394796087935,0.8757985911333855
0.230181275615667,0.3382917976483585,0.9854657022565289
0.16014930367269994,0.1522043637115188,0.7177254154824311
0.14661915604694264,-0.013176615333802518,0.5685634142448168
0.19495096133793488,0.032777087638986596,0.6174290572589157
0.13978588619314458,0.08054060484601075,0.685218378571916
0.19740315487288426,0.33459366275429275,0.906031691629385
0.2635405618187313,0.551007320106326,1.2483896826917096
0.26534018420580613,0.6226789037829302,1.3566599883680133
0.25949648863633834,0.6047609065402435,1.3380810151753195
0.29777297218378485,0.5096791963577999,1.2449980030126804
0.28313013454489716,0.37920754006874546,1.108746511153124
0.19187251927854776,0.15959177876617017,0.8832908343290201
0.2753253657884349,0.02592874037935656,0.7165761720584906
0.388352711271067,0.3433984893189363,1.0272433031419221
0.5157527345768974,0.8225844727206973,1.5409194989719366
0.5415948095634193,0.829939076915241,1.52954823045786
0.5988080995348322,0.7936658141468266,1.5014047097883956
0.574001207334619,0.8170926009912417,1.5552832709118272
0.558440218151923,0.8193837852054884,1.5511080919945834
0.4763972558575861,0.8078755218653071,1.544259541233622
0.43351584388733183,0.7343584839250105,1.45840700661683
0.49027990366033986,0.7472313241337563,1.4319823177616016
0.4652022341687262,0.7807668741648566,1.5091165662698445
0.498763860781945,0.7697487294662322,1.4821730316157757
0.45698969336654877,0.7692764874704858,1.4791720060138294
0.41082797918016983,0.769267355997308,1.5052718818362067
0.4591855697557717,0.6939320840561772,1.3732386911308185
0.3846225784337554,0.4449167029827745,1.0974126764295034
0.30416668260753604,0.20692825717045563,0.8515341097737904
0.3471699805070923,0.3148996086828413,0.9727063555878095
0.3000271137026202,0.12607429853115318,0.7685087052508728
0.3721443767898972,0.4683437403830613,1.1318887287950399
0.36499173078405683,0.6222504485448586,1.363827663715357
0.30573816964853534,0.6236224864064838,1.4305707712545441
0.2683299697269752,0.5937504124960401,1.3966019496060638
0.24031842336124487,0.561587025604501,1.3765095542580608
0.23637278285155774,0.5574507924207044,1.3691480913292877
0.22830975763627087,0.5225330654025233,1.3241299264099944
0.20552641200982122,0.42283443779142765,1.1982781116870531
0.1657326133112724,0.2413633455337378,1.0118129349857419
0.10956480852093586,0.07137393648629686,0.8474378049893996
0.08858045075292104,0.022211058359362896,0.7863543939041555
0.13754141319297353,0.20596570687179208,0.8831799461355152
0.20943338507176967,0.4025842989585727,0.9602781670354514
0.2464145731000991,0.5316749790630964,1.0413345561033476
0.28224054708964463,0.6589373733320716,1.1750695673434886
0.30726961256869245,0.6754824992175308,1.1899635479837296
0.29883611863586723,0.6662917843763426,1.1782501699042631
0.32280357701596935,0.7522087123119724,1.2880338506716664
0.3604555487961335,0.8509894133665942,1.3926420947146019
0.3607761888535319,0.8330715448907557,1.364361874138674
0.35478296289393824,0.8385808425820527,1.360856458545049
0.36294504050733567,0.8367445387851354,1.3523236830263567
0.37391848934014293,0.8450170695361531,1.3621959851922858
0.3708363215267099,0.8450170051527288,1.3670466088839028
0.3662986246401965,0.8477716218066651,1.3677192129328988
0.3580867035634239,0.8574170239149103,1.3812765076512805
0.3723638930657169,0.8845257359987851,1.411568858923441
0.38345922782782627,0.9272525803218915,1.4567608722865975
0.3917930348339009,0.9520614917857353,1.4785232887654431
0.39763673040336867,0.9699794890284221,1.497102261958137
0.40910254868625173,0.9869793665643624,1.5089895355456762
0.4020747403631315,0.9828430689971415,1.5064786963085202
0.38471538304740543,0.9557342925298423,1.4810369687279767
0.3436827975733056,0.9249439075068355,1.4549283220470492
0.32496759811124976,0.8849716154542413,1.4152595364245057
0.4683891997408694,0.819771601495847,1.2960911408172897
0.3871106332901294,0.8491534958702223,1.3550055770462077
0.3496033661672234,0.8560354073850499,1.3745876487715036
0.34435172697458183,0.8312265603046302,1.347974608601041
0.34277431197219954,0.7995269277699019,1.3084768777611921
0.3548820300952841,0.8018268571567813,1.3073055651712728
0.3382366150856862,0.8022815444238383,1.309149481810188
0.3567800851550647,0.8156086212156713,1.3185230754351935
0.34235398498805064,0.8330629928683959,1.3468061367364992
0.27821320540981204,0.8707175458884088,1.4058916259991836
0.32020832836868385,0.8688901151587446,1.3906614676756532
0.3156706314821705,0.8716447318126809,1.3913340717246492
0.3726839175183079,0.8454720856986454,1.3397867605017788
0.37835588369509837,0.836744867680571,1.3280705416969347
0.4154428238338554,0.8633990212642374,1.346817728946946
0.39800659831933494,0.9231167404169546,1.4202956443367853
0.40207412475832405,0.9617072871728402,1.4629768184627858
0.36079294169275256,0.9910981825090885,1.5054926227547032
0.3244697849106712,0.9841983952206784,1.5090065622733895
0.32797228212108104,0.9506623936333805,1.4658266778575373
0.3152725052083425,0.9552533149564622,1.475032059174154
0.4080168875291376,0.9428712989902553,1.4280048982817033
0.2956402736470569,0.792139218726901,1.167164574535599
0.3204976097334274,0.7820391293515988,1.1517633631783017
0.28693598312020857,0.7930572740502231,1.1787068978323705
0.3709760725013276,0.7815933142795668,1.1432220619856202
0.499329669298076,0.748547621867414,1.0653953173550248
0.43528858388507136,0.7705839756480867,1.114431762971545
0.4297661480984067,0.7558838987321774,1.1110744241773207
0.5180725132209555,0.7306383054139356,1.054670834181272
0.38799259075710385,0.7765474490279592,1.1515752605454845
0.31433389383196597,0.8031747893873661,1.204966465535933
0.416524160685045,0.759556570709436,1.1232893515230882
0.38355458079734106,0.7636838690592399,1.1421988261951013
0.36528252704739034,0.761383810905512,1.1530713861682549
0.29675358338559205,0.7783656847732496,1.197755920131938
0.3247429355744266,0.7604565597255876,1.172479562385478
0.38202762898373877,0.7453109270157994,1.1411784311299604
0.40742718763487157,0.7361290826251797,1.1227676649988705
0.47654818284784045,0.7122563606641655,1.0700490675552747
0.49632560913424667,0.703992639469205,1.058330008025053
0.47038384722097426,0.7122562318973171,1.0797503149385088
0.446317941364931,0.6842290781895747,1.0670193825192789
0.5001271647120803,0.6236020488861679,0.9850030101599918
0.49174351424263035,0.6066022357336519,0.9682651128808357
0.5454032265022765,0.5694024943864036,0.9013222841291905
0.6431056254552505,0.5207297992844508,0.8152932654592224
0.6179774927748568,0.5409386588242633,0.8539501781927576
0.5688554967043467,0.57538377653975,0.92022038890398
0.6400240773672221,0.5418655237036424,0.8636457441252365
0.5743058900250847,0.5478204415722425,0.8832334973012873
0.5221947088561877,0.6323298463550602,0.9530636157402833
0.539400329774325,0.8330916140623918,1.1763446292615922
0.4984902547805875,0.8578913296696334,1.2290575452544328
0.46833143603820016,0.8509916702758438,1.2228702356409564
0.39704579517889044,0.7209657020364293,1.1048612958551727
0.42405584910019034,0.5776477664625608,0.9797929803704457
0.3107985016936508,0.5417932739796445,1.0093866166361687
0.2570451828729566,0.5077928680952074,1.0341183292485976
0.3052046390458668,0.5059655670046197,1.0091869252907615
0.3023002754600994,0.4457923844948424,0.9920725705656971
0.23999702635614764,0.26019283847462527,0.8740091526371918
0.29412392320404185,0.37414521460666045,1.033481997992468
0.1893966728332898,0.2261843417190247,0.8472307461305029
0.10896234888259955,0.017132594603921303,0.6032190505648947
0.14558642320831888,0.040585159304439476,0.7000635625201908
0.13315868475324072,0.07733888719601406,0.7730169506604349
0.18688015638666855,0.3194466136091716,0.9814442815894412
0.26427547847983685,0.586371761820022,1.2340404136231902
0.27761963172156795,0.6516240484305708,1.385783867775632
0.3043744031423144,0.634169934311543,1.3380983117078586
0.3008059310624827,0.5386241932449944,1.2886738005593597
0.27960060536058473,0.4917609415814162,1.2458215245864548
0.2540065082401298,0.40308926822500174,1.1450664871532894
0.30321020789361325,0.15272774389715313,0.8406127531086709
0.23512799365001624,0.03602034211572281,0.7095710223219955
0.4019561652681071,0.5933144997538202,1.3037532847937436
0.49871463704397445,0.7986936165801758,1.5306994057898626
0.5487229245386948,0.839592966662422,1.565511886270034
0.5770335316846767,0.8249017636859939,1.5554571664198995
0.5665032285639745,0.8543014668338427,1.5961262098496674
0.5079617602096784,0.8198295985330641,1.5596493896894088
0.4231350711567554,0.7403308921388757,1.4840024924475295
0.49454680395283,0.7545854776443301,1.454565415088844
0.4344519787749173,0.8018938534114155,1.5544651786085346
0.41381107979225706,0.8060214058060037,1.5539721515183662
0.40715375498991047,0.7761581414516167,1.5181565725055928
0.49501697440035425,0.7132403142345084,1.4112116369138474
0.44195292410221526,0.5721877136575341,1.2438528013802026
0.22592106988356989,0.2652550995532861,0.9541242894894645
0.29210880794782684,0.19681922947224828,0.8476809031640201
0.4270152072359922,0.338344909029484,0.9549826563085906
0.4003865470546333,0.24002763343672665,0.8552221812404674
0.36207881346168214,0.5643524442117326,1.2249660595069238
0.31865221237001207,0.6824144351980336,1.4118925179544162
0.299916673081619,0.6557769993585418,1.4573605476584572
0.28963496755238843,0.6249954221471358,1.4294051401153802
0.25952599227337636,0.6102866644420181,1.4181933113022145
0.26379227284046186,0.5965050291499764,1.3972745536550597
0.24167364578216985,0.5533147523871804,1.3472347573256638
0.21331862582784963,0.4678608895842924,1.2665519309183755
0.18050279198904576,0.29833519320515123,1.0876221126539094
0.1062838865794064,0.1237460541507999,0.915888360454172
0.0748460938894837,0.017156383551698684,0.7965543498283129
0.13322404231008564,0.18528484017501676,0.8221194895014606
0.20203385377706637,0.38190339057328654,0.9040683576251185
0.2337135632699762,0.4939943288870329,0.9635362028509041
0.28090504889024953,0.6327390085119885,1.0757056711035669
0.31335460521574265,0.6777659753722469,1.105174500801953
0.32341535761432544,0.7108472244368356,1.1513610905215785
0.3448422413690406,0.7765465476600202,1.2194839922281224
0.35976195043693987,0.81009110039745,1.2802196122972216
0.34163880735171026,0.7632279585071228,1.232516759696909
0.3562594556393578,0.8436271011125198,1.3233994949641452
0.3704874214036803,0.8996807003103384,1.4022182204103926
0.3759882737926009,0.8854440488558042,1.4037086874537446
0.37436163505224807,0.8826893034350194,1.4127373307879825
0.3672839832657526,0.8863621041791265,1.4152510107505163
0.38052597067911426,0.8826894322018679,1.4030360834047486
0.39085751967172017,0.905661911101946,1.425966971748136
0.3760110925205571,0.9566523478531647,1.4925792920247483
0.3945047191265603,0.9777885229563257,1.5069774048494435
0.4053784810326172,1.001679250329999,1.5268987454147516
0.41879219783865607,1.0246517936135013,1.544979010066522
0.4129485022691883,1.0067337963708147,1.5264000368738282
0.40066905475342646,0.977788651723174,1.4972761574662095
0.3539645031025362,0.9557254847182417,1.4828837295901263
0.3510810894171995,0.9033532382868904,1.4241344215085878
0.507794521923556,0.8266714540399095,1.287726579355915
0.4194881471496958,0.8519170508470638,1.344130176347677
0.35598927465014213,0.8748716531013315,1.390157074186118
0.35327759035748274,0.8491446219307413,1.3617029581021176
0.3587778271415959,0.8137721886519058,1.3196915472997353
0.35424013025508255,0.8165268053058421,1.3203641513487312
0.3390004008551897,0.8220359098468664,1.3314106068299572
0.36321583710135874,0.8266357686206252,1.3290679816501185
0.3715994875708087,0.8436355817731411,1.3458058789292746
0.2871889122560881,0.8808265092031918,1.414595456300571
0.2942167205792084,0.8849628067704127,1.4171062955377267
0.29670683201581527,0.8918537209915699,1.4202897388238787
0.35118016556479825,0.866599258095477,1.3705835017656176
0.4152710944411781,0.8367538060034764,1.316522536949408
0.4154428238338554,0.8633990212642374,1.346817728946946
0.389622947849885,0.9061169272644385,1.403557747057629
0.40131033898882057,0.9419529217498119,1.4407156934430168
0.3631611672000574,0.9635347831581567,1.4733563548436275
0.31219033739490937,0.9552532505730379,1.479882682865771
0.3469859226379838,0.9226443070153917,1.4318464933075463
0.3507820327575451,0.9502078351331721,1.454281513835388
0.42461245907536027,0.9502257100345263,1.4311855008424776
0.35011360066261477,0.7668847497247216,1.1174583620976035
0.3077479917701414,0.7944391481137802,1.1659932619456796
0.31877128406632405,0.7949025805534697,1.1708410449119189
0.3125072615127073,0.8105206484092771,1.1905913306945322
0.40648559763770237,0.7765478353285046,1.1224715183957827
0.3799517793476038,0.7917022775943497,1.1519258922870075
0.3185004874723009,0.8050113507179801,1.194096746288157
0.3693494337609748,0.778838568858782,1.1522507053198583
0.42409418192161613,0.7646111167502517,1.1227906429821648
0.34594762674768453,0.7861839771967233,1.1718299363197764
0.4201983848753043,0.7526657852551273,1.1104046608537024
0.4684575279749651,0.7352202875418838,1.0754242184964873
0.38922654697413156,0.7549566510411655,1.1304826073902574
0.3080476722757978,0.7687203470484286,1.1793480017219393
0.38505995333379656,0.7531200897105514,1.141352326638033
0.38256984189718973,0.7462291754893943,1.138168883351881
0.4829839347941345,0.7232835080691193,1.0805939737701997
0.49817382073065203,0.725583501839423,1.0745720374886636
0.49741003496114855,0.7058291364163949,1.0523109124688943
0.33236280027437304,0.7577020074550754,1.166956334644865
0.34267215026442743,0.7306019761604091,1.1445184733916456
0.4853798047622631,0.637838500212115,0.9980644370628281
0.4934199964463585,0.6015478828431088,0.9542119503469082
0.5516174055925179,0.5615935248419244,0.886596517546267
0.6512677030686479,0.5188934954875337,0.8067604899405302
0.5728005174886291,0.5583842209209309,0.8840799968583558
0.4511540793062913,0.6134840828650553,0.9926978082977483
0.4715235619695238,0.5983295118323618,0.9729446817897579
0.4342870914406409,0.5951026531826791,0.9692710521388153
0.44690875829094784,0.6350666507466102,0.9719816055927157
0.44068975346783873,0.7719655277945228,1.1259712455429391
0.45876305308969306,0.8266377679961779,1.1786986173429412
0.47180566664955365,0.8542014892642308,1.1865817667959317
0.3870576953203278,0.7512836571467857,1.1425207985025747
0.3935715645675369,0.7177558830480422,1.1411497647001974
0.31836309227518494,0.6548019841111044,1.1046499735523578
0.32080817117804883,0.5404120437503295,0.9735940156066898
0.31242452070859894,0.5234122305978135,0.9568561183275336
0.30675924497160423,0.4664568970530751,0.9598140445638929
0.24033986541609748,0.2923474801935317,0.8910976816578707
0.2777505442392765,0.40676270931443853,1.0990739232039397
0.24920099096755816,0.22345537764325568,0.8992253472923187
0.11123150718855858,0.02632318067826099,0.6246336760275952
0.12852006148916736,0.05344012286737472,0.6967348831600157
0.12807939467868112,0.10031104417897119,0.8202009574619072
0.18079516786021563,0.3171631444327699,1.0662333058998807
0.25436611564759404,0.593270584229297,1.3032858312276872
0.31487768152759754,0.6837876284723824,1.391324392048784
0.31255867975826324,0.6824061407093707,1.3749342857857731
0.2993227575285786,0.5992604827884277,1.3348890497130348
0.31431934444658355,0.5459785364169286,1.2967050198160373
0.2728940568202676,0.4908425643409728,1.258532319747768
0.3181022725006886,0.24415390514065546,0.951741641974066
0.3565985038338315,0.10450098391179954,0.7534237707588668
0.28160676901335313,0.1894731129166404,0.8814585327718889
0.33996389510450714,0.6479769037535436,1.4359374000196237
0.44088773072121135,0.8129210008163691,1.5650100848234594
0.5484022844812964,0.8575108351382601,1.5937921068459617
0.5535326574700407,0.8690011574492067,1.628587290793594
0.4970381548402464,0.8037479694707189,1.5447525683237904
0.42237128538725194,0.7205765267158476,1.4617413674277604
0.4366478551641402,0.7265494499971068,1.4485318637255236
0.4147021969493349,0.7522759661003035,1.51579096934246
0.3618050406596942,0.7669584917764357,1.5179912061693663
0.35085923628771065,0.7008043525193458,1.4577256352071415
0.4725326895541563,0.5666870967554456,1.255212706992769
0.2966921422902525,0.33648121081303284,1.0247495082570317
0.13816172635441062,0.16232901463568883,0.8682544418037424
0.35521017219118767,0.2786089913138351,0.9288538688718898
0.471672187913943,0.370053601676141,0.9732311210262513
0.4309332032848555,0.4003627507193532,1.0127373880336599
0.35919057404347776,0.641070105283814,1.3054806247926853
0.33179451285662326,0.6943599598434308,1.4097266290080277
0.323340059372056,0.6773683124127294,1.4396482112807485
0.2905200195257892,0.658068312339637,1.4434841213579797
0.2836417415927948,0.6305047198384327,1.425899724521755
0.28531822379652294,0.6254503669478896,1.4118465619878273
0.271311830888253,0.5882328846995042,1.3582985093394286
0.23333920424745516,0.507370006730894,1.2819704388082116
0.17635839735126224,0.3465711420692819,1.1438605814982918
0.11548117368335277,0.1526911571099296,0.9498628870855124
0.07506766674553626,0.03599250050113192,0.8218250226261613
0.14587335362121637,0.16736722923287536,0.7744367741590649
0.20193293152010366,0.3552500165690252,0.8271136632043662
0.2163031230400654,0.4324230731258301,0.8561152845212562
0.26798182755483674,0.5550864002157347,0.9291347658860059
0.29941838079395,0.6194044932096044,0.9614650665630706
0.3267388183847436,0.6952127607539748,1.0431424693268283
0.3409877437008081,0.7590672925413064,1.0803262344208877
0.34362800525294546,0.7636667006310958,1.1119379750823681
0.3475028427475153,0.7678110995367069,1.1659589175630183
0.38044662769929827,0.8849727795897354,1.327948283606206
0.381852933034408,0.9111629856663186,1.3806526774229138
0.37638095631592605,0.9097895922633826,1.4157726972747338
0.3744336775181748,0.9249527153184363,1.4530815611849
0.39625868925448754,0.9070434632483821,1.4375064543195302
0.4053340830275143,0.9015342299405094,1.4361612462215383
0.4001046428374241,0.9267978930548346,1.454916955647682
0.3843448995266317,0.9814612593170084,1.514341708503594
0.39775861633267073,1.004433802600511,1.5324219731553645
0.40609242333874535,1.0292427140643547,1.5541843896342102
0.4156103430984725,1.040269925852733,1.5598786721575182
0.420740096361812,1.0306244593610636,1.5511720011307533
0.38700673553026027,1.0149973905433833,1.5478203472851406
0.32701035541546075,1.0044159929548089,1.5506673642055862
0.36839060809520596,0.9382711113210611,1.454600664790964
0.49894070100658183,0.8510168042972155,1.3143424602517553
0.45440562556055564,0.8537624182448222,1.3314136927398947
0.3552975313465654,0.8973806995617203,1.4082401795632657
0.37053726074645826,0.891871595020696,1.39719372408204
0.3717712169634859,0.8702807970339022,1.3761010709268127
0.34112002877102293,0.8546537908551897,1.3678987898917263
0.3479262642380906,0.8399539714729772,1.3451389563310339
0.37214170048425965,0.844553830246736,1.3427963311511952
0.38052535095370954,0.8615536433992522,1.3595342284303513
0.3265942368516026,0.8877263608750261,1.4062308930902676
0.3201584849053086,0.8766992134700724,1.3956859868753426
0.34496598235395953,0.874408220661642,1.3853092912198783
0.37911966946460185,0.8564992331035993,1.3503316667167036
0.41721899296433407,0.8427264717510387,1.3227155280136391
0.4109549704107173,0.8583445396068459,1.3424658137962522
0.38940137499383237,0.8872808103150054,1.3782870742597806
0.37184326355000996,0.9125442158956334,1.4164452784523927
0.2975426631654288,0.9538715057124433,1.482895072243692
0.3436323385051229,0.9116172239938622,1.4164509634010045
0.3436323385051229,0.9116172239938622,1.4164509634010045
0.33477851758814875,0.9359625742511681,1.4430668442968448
0.42887873964244577,0.9364440747424845,1.4102667431953229
0.3162307094409372,0.7746849758410247,1.1291802658510595
0.2949983738068554,0.8068391668759617,1.1802231607130573
0.3201271262126537,0.8077660961387649,1.1850681029539192
0.3970895638072773,0.7999749371122157,1.1520969470697022
0.38049399226105474,0.7926205260679446,1.148916344508928
0.3322846926247692,0.8022569254698603,1.1788722676664536
0.3368223895112825,0.7995023088159238,1.1781996636174574
0.3470320525745864,0.7880204741439132,1.1658108407636176
0.4581980214482859,0.7545112205252225,1.0928375605500167
0.34648983966113545,0.7871022256703183,1.168820388541697
0.36491142380121194,0.7659749888900624,1.142874270969475
0.44932200152876034,0.7287840605877837,1.0740846918492504
0.44115992391536296,0.7306203643847009,1.0826174673679427
0.4013841182119027,0.7494474786278045,1.124286768604935
0.4600246537675446,0.7471653615033114,1.1072126953914176
0.38895575038010843,0.765065421205676,1.1537383087664956
0.4487804083407141,0.7490016009168043,1.1205960946017268
0.49753192089045056,0.7402834499884838,1.0876306236661222
0.5258917517744031,0.696647359898112,1.029049529641901
0.4655747340150331,0.7039838299131481,1.060176765389346
0.4402748719419622,0.6975474741921994,1.068538486125343
0.46949817552216877,0.6580475529022001,1.0221694787215123
0.43495119028339385,0.6304752152283629,1.0015812155579635
0.48104086200384616,0.5882209348181241,0.9351371093386686
0.5502117199828129,0.556539107567957,0.8773939787039563
0.4844941330634576,0.5836298212169979,0.9404836008458315
0.4269386430601223,0.6088842240912964,0.995040433477587
0.35441421059960593,0.6295389648310216,1.0373880272100438
0.37404149642179296,0.6235667462785164,0.99724066330878
0.4152944104754802,0.6309216723901809,0.9616162763366185
0.37825247841591947,0.7255483314875324,1.0771084502499313
0.3669307450648899,0.7930752777184259,1.145909637456226
0.4448779263853204,0.8027388105172659,1.1169684209173731
0.3949483566142974,0.7384203347117633,1.1137418693857235
0.379565171659267,0.6805384007996571,1.0876017120517987
0.34252806533257396,0.6460751523935753,1.0638300125978115
0.32477539096488267,0.5734849983262552,0.9828223731576723
0.30835822959982195,0.5270932544688449,1.0011786770216646
0.29359598493325106,0.4467104398181646,1.0036148938624687
0.22056304920378467,0.32174699368002063,0.946318603158203
0.28344470941861843,0.44810800149110885,1.132726453995702
0.2666606549354395,0.2560817462905147,0.9581198914478801
0.1454861165561636,0.0350675671244795,0.6666107459451728
0.12395410041642548,0.09294055922476792,0.7042989010309108
0.12166584173493859,0.13935640696876217,0.855024800843589
0.18673855035643397,0.3194629450528008,1.0747632406931953
0.2830262467626077,0.5450514818761893,1.301561331954123
0.309134292610285,0.6713872234096556,1.4061982354311082
0.3429882950946737,0.67919702993865,1.3578658940230108
0.3426946894240057,0.6180974976168875,1.2922509838325318
0.30822642190892807,0.5671060342197939,1.303248649617505
0.28961152909902754,0.5326513343471596,1.2970326805699794
0.37397645456742823,0.353043762660333,1.0505018452435377
0.3967135430125608,0.2891900034740919,0.9551105958500744
0.2002105248904677,0.03417497122905186,0.7222874989340641
0.19128169270121967,0.2087542096980471,0.9783286182512967
0.3303234793413846,0.5813595861015483,1.3514215443289779
0.5220215828633819,0.677876497361457,1.3819053398220236
0.5213082602826583,0.6714488224297169,1.398121550576962
0.4190453457152148,0.6516678351882453,1.3959525687249223
0.3836847312435612,0.6121502304027081,1.3581276997412939
0.4415566552968319,0.71920365535862,1.4580563748753077
0.3340198928828841,0.6245413143308968,1.383905610251912
0.26832873027616577,0.5514788348908085,1.3095982396572696
0.26366913265711506,0.5197790925828292,1.2749510854448285
0.32732113148016406,0.3020357067970007,0.9875830396955113
0.259415472362112,0.08288361277289849,0.747572627539074
0.24468611280900096,0.2974182932945524,0.9887685559123184
0.36790512095823075,0.4031079783664146,1.0589123626715016
0.4578381441237551,0.3806171234911326,0.9934801153497879
0.4124569647517714,0.5583890387041968,1.1829719452370806
0.3659193215863464,0.6920609927190022,1.3381385792279785
0.3648348957594445,0.6902244957718123,1.344157674784137
0.33055993691419083,0.6948149690276089,1.3873174271888578
0.31892300896403525,0.6723056650335232,1.388636816578178
0.337444899756267,0.6566960204332275,1.396143515580974
0.30847081349293676,0.6571504501665875,1.417389926986357
0.27165466994820286,0.6203875264184108,1.3753870383601077
0.23259761748050312,0.5376881515026105,1.3050780633850492
0.20279252871461032,0.3470348964260926,1.1244552460064463
0.14023882284297273,0.15820926435728336,0.9445107141275945
0.09647235149770003,0.05161931352957183,0.8445791747360986
0.13298089017688636,0.13751200183345455,0.7949819220814026
0.18368975756118897,0.3373399205361418,0.8745966872013546
0.188349960102409,0.39017540625691016,0.9527456493239835
0.21081142622065085,0.46552032473861255,1.0198739746740582
0.26231716601253274,0.5192668659408389,0.9755945312211383
0.3110331097415541,0.5918412870089453,0.9147769275771441
0.31687013520517543,0.6754418707370446,0.9421142562781559
0.3341304253195557,0.7393046326296153,1.0211068772324756
0.35627917574029033,0.8091564560968016,1.1947608246631638
0.381752006656848,0.884509604683743,1.3036980058734984
0.361139991585821,0.8730271261774899,1.3398154199358283
0.3708585205292614,0.8950895153474735,1.4124153584805095
0.3733492516912729,0.9231162183712464,1.4591006567410585
0.4116485687699109,0.8992428525759899,1.4548882962136327
0.4205030094122898,0.8960332911212999,1.4717742702921894
0.4248413324453021,0.924515067712675,1.4911997430419517
0.3895749594421266,0.9773333850052992,1.5390878540518473
0.4059213136714728,1.0237332876062095,1.5673910526110693
0.40609242333874535,1.0292427140643547,1.5541843896342102
0.40776890554247347,1.0241883611738118,1.5401312271002825
0.4128488153424378,1.0223519929934703,1.5364490752732072
0.39820114231937104,1.0209702476967617,1.5394614637766642
0.334580376652032,1.0094705389956249,1.5501686556646628
0.3660722212256207,0.9580254141051212,1.4817124170002067
0.4679910717592719,0.9033801767890859,1.3797891493892032
0.5072745080126565,0.8758257157610593,1.336104876730601
0.36498718461956703,0.9350531335891737,1.4442296312127747
0.3841227110657718,0.9414893605432741,1.4455691578600114
0.38617029239508094,0.9318438226898661,1.4417131333962006
0.3631389689025643,0.9134622642406413,1.4279876246205012
0.37053726074645826,0.891871595020696,1.39719372408204
0.414308550422981,0.869371615650061,1.357861366574131
0.37248515926961423,0.8978442607682583,1.4033867151462713
0.3101205529424515,0.9148262712533868,1.438369980604312
0.30681681468579364,0.8959900890483011,1.4179499297491522
0.350588109187972,0.87349010793321,1.3786175687433866
0.37539560181096726,0.8711991168692357,1.3682408765857792
0.41857483511066373,0.8555899873363337,1.3369425860556394
0.4179329352704622,0.8702899354853946,1.3500011722330978
0.37983361177073005,0.8840626968379551,1.3776173109361622
0.3823735666707122,0.8831445127477845,1.3757762350226246
0.30617491243276435,0.9106900380695901,1.431008517675539
0.2977414184999391,0.9014993232284019,1.4192951395960725
0.29184787946709606,0.8913904242970432,1.405740685603068
0.32249907007238693,0.9070174296035276,1.4139429648892259
0.3536924711783009,0.923562684255835,1.4191356981462329
0.28197733711131373,0.8082121678722659,1.1742069076312047
0.27285271839390257,0.8426662887301962,1.2240784907777473
0.3676945308343934,0.8128296431414541,1.1681707624759952
0.3964476639670758,0.8146748852612764,1.1651555332471608
0.31830111361879987,0.8362477439632917,1.2141948230869155
0.2910035071463699,0.8316478216783368,1.2213880737072993
0.31277867783213514,0.8215476670473825,1.210837484292691
0.29736721903956503,0.8004115563276456,1.191588747776379
0.39270139731088977,0.7793022588321683,1.1376959935196294
0.34762410895141266,0.7811296243061803,1.1577767737858486
0.3527538622147522,0.771484157814511,1.1490701027590837
0.3747998270817128,0.7512752338912743,1.1152638137171655
0.42700462034237197,0.737965965872915,1.0876448272930097
0.3970181410667553,0.7788473140314145,1.1552545716471825
0.4099394884227186,0.7930925105299941,1.1713198648773426
0.4049094220861295,0.7871197803990078,1.1699774975047283
0.4511708328505704,0.7715107117606174,1.133828576287258
0.4350676307544235,0.7728836475012693,1.1326629451480936
0.48828479772474653,0.7191474680355954,1.0586806397665758
0.5098383931416315,0.6902111973274359,1.0228593793030472
0.472430812945476,0.6814749122196079,1.0323924126289639
0.46999054497224446,0.6667748996871228,1.0241844501431223
0.411991909256804,0.654357068662555,1.0281999371791815
0.4143601347641089,0.6267936693116233,0.9960636692681057
0.4333737752810116,0.5987755826936345,0.9620834847181148
0.4024019470311502,0.6010664449907601,0.9821614242589563
0.4013175212042483,0.5992299480435703,0.988180519815115
0.33993764724381187,0.6336666459924581,1.0271937527366415
0.35551959597824984,0.6391763943677247,0.9897339713016974
0.39260592604291344,0.6446947556598628,0.9649792965815982
0.3368487945212969,0.6993491227046199,1.0408026848723673
0.32589754469104104,0.7411491021483471,1.076299132303045
0.4088532130709138,0.7278486436860445,1.0468333885145964
0.4026450991643495,0.6488392833323223,1.0092989916790143
0.3953513051768385,0.5257218030363522,0.890779933386587
0.3333079617503651,0.5459217242532592,0.9409848508676492
0.3291197888328834,0.5151484415305162,0.9499876754932154
0.31583463874463097,0.46094766374520246,0.9584688364659011
0.2553747658529056,0.4260288910875489,0.9959113283640193
0.20886897315576727,0.35159354029023293,0.9179189652169241
0.2382382208440415,0.4600278091749145,1.0827439835301185
0.2922811570659088,0.24460023353562513,0.9214779501359551
0.13930082137755542,0.02726650576811775,0.7179469536805942
0.11029116629351016,0.10901350749790482,0.7113412323775882
0.14498954850024268,0.1765659393405189,0.8473615263973643
0.2102622432990262,0.34657185028694837,1.0905037208905048
0.3207544766674728,0.5358698950192666,1.2637480710565654
0.3232175537173493,0.6217782100380247,1.360826645109124
0.3607464097687133,0.6438330164264136,1.3431114610103243
0.35886931426067464,0.6378521849570367,1.290258990394216
0.3250645258629452,0.6010974948030113,1.2900649646239402
0.3145624869284715,0.5937513782474034,1.323842594231809
0.3699491349293144,0.5648239779898124,1.2813239457166572
0.41219221853819005,0.48167943358067855,1.1539674361306036
0.23448065575316007,0.15867443166051437,0.8183916504244616
0.12662931106387323,-0.004888393484485562,0.7202609194263834
0.20344346254483603,0.053019318283723915,0.7893670275921726
0.2978324767642067,0.2436902795506932,0.9614457300826775
0.30840779761541665,0.3355713855949494,1.05501604082052
0.3411564147211614,0.33374376258724064,1.0543377553207691
0.26851010598265435,0.3199441862659642,1.0613656308602848
0.2783216410643607,0.3920709268871923,1.1326748165783582
0.22224807549280873,0.31441746610173876,1.054012697103358
0.1915740685723895,0.2275821609256657,0.9569398114972679
0.16094989771372792,0.1329377347433514,0.8548423831593837
0.23049060983675235,0.05439315539231492,0.7202926647703706
0.3581482550727673,0.19408223193042565,0.8433147843864385
0.3309628854767319,0.4821164373521977,1.1643554911897216
0.3968023390227666,0.48948004425307085,1.136585594236501
0.4383543138567056,0.4499803804967683,1.0708140920662022
0.40682939658008377,0.6672612771117605,1.2854256632351382
0.36973638160633837,0.7274254569152083,1.3189386463993462
0.3683306959966334,0.7223710396412409,1.3097361075570355
0.348211050375682,0.7196159079199107,1.3478684930409754
0.36586946847165974,0.6998700945192426,1.3431631054233817
0.33342115159697605,0.6971147052642156,1.4006979856737896
0.29357392315299374,0.6948141964265182,1.4455249114882618
0.26070342011794695,0.6621875058621379,1.4108834857907853
0.2691915684437798,0.5344791694987384,1.278308424239053
0.24942442299982487,0.30569886100053606,1.0550015850133585
0.21466131036326977,0.15133628767644844,0.9133806306590585
0.13156154964992586,0.08010989967700384,0.8621578901215681
0.11734909797907306,0.139811351769516,0.8374662227160362
0.17735555171785963,0.3741019429163794,0.984508307510242
0.20936444123286654,0.4659998310882345,1.1374432115105195
0.21496560439453977,0.45728077879197465,1.1723864722575528
0.21412309125002774,0.4609455425811156,1.1185394252849752
0.2641444139365988,0.5330567887432293,1.0334715439082736
0.3164078891175425,0.6933760706565122,1.063713435957838
0.35385986731880076,0.8022573761538297,1.1449179018251348
0.36454156000584303,0.8128377444798444,1.2196808657194893
0.3869100241064161,0.8381183184886167,1.2880999210248345
0.3585070305475728,0.8238809588164161,1.3429472486759737
0.35466231641544566,0.8463981066151952,1.4125404572966156
0.3546130926774751,0.8753429937291388,1.4610668314707025
0.38913849863910327,0.8739786100108469,1.4797882000120417
0.3925923894241195,0.8905232852123365,1.5286365464936016
0.4003839835167432,0.9144139482025854,1.5534085107505267
0.37256574582083685,0.9378324979639364,1.565478202022271
0.38859084026737994,0.9810144802380694,1.5785597661830237
0.3883908466884741,0.9911150846807651,1.5551559880073849
0.38969622564602385,0.9906519097747725,1.5309057102746775
0.4065625937862696,0.9878975506545331,1.5108306114592138
0.40456485179973833,0.9897339832182985,1.509662139594672
0.36991817480855727,0.9777798439115737,1.499122918328359
0.3553203452488659,0.968589000303537,1.4971107876321263
0.45805282501539585,0.9258890300992018,1.4124241258412022
0.45038310720076286,0.9364526841699543,1.4229718797772182
0.3735425596560386,0.9786981637469072,1.4912627239873255
0.38878229388158714,0.9731890574614267,1.480216265008243
0.3851080655707305,0.980079835937421,1.4931009785489657
0.4028379105278275,0.9814616525958682,1.485237943482555
0.44660920020435024,0.9589616732252334,1.4459055859746461
0.4102860458350967,0.9520618850645951,1.4494195237444039
0.32375584260454304,0.9566349314863225,1.4817209180539308
0.31909626220155546,0.9249352336959418,1.447073809156771
0.29801283481936697,0.9125263418665073,1.4395412931942313
0.3214644877088604,0.8973718343450099,1.4149375412456955
0.3504884222612215,0.8891083045558655,1.3886666071427658
0.42922702416066805,0.8606445977605737,1.331593253823099
0.4216071594607216,0.8633991500310858,1.337116481563712
0.3694023758513736,0.8767084145605326,1.364735460992154
0.33584074441249917,0.8877265610036131,1.3916789991440794
0.29833347487676537,0.8946084733906691,1.4112610726183035
0.2867679696671318,0.8932267924773847,1.4094228374301434
0.3082717240334692,0.8720996192083249,1.378626094417376
0.3457291525186556,0.8730268042603688,1.364068538393913
0.3414130236625391,0.8946175396081946,1.3900118187386143
0.2834550651869455,0.85552999702965,1.2237536768704325
0.3045883360325092,0.8601297905477566,1.2262616736332823
0.34614093541750857,0.8417659138496135,1.2039920229395238
0.3207413815920314,0.8509477564957768,1.222402785572757
0.35943276629424553,0.830284143561027,1.1867525763940667
0.4712406350081465,0.7820749417932754,1.1007207100030074
0.3888776427305046,0.8096203392204607,1.1656542417880842
0.30565118258226437,0.8330295661028174,1.218375683454914
0.3641199935708847,0.804102231973107,1.171006414746002
0.42567097719859376,0.7751749604823646,1.1187865188476165
0.3602740399879481,0.7843478021666546,1.15359591341785
0.329744737724787,0.8031751095600309,1.1807133435799912
0.3629857242806075,0.810074833337245,1.1820500295018503
0.3564509051329677,0.8358016713575627,1.2250560166607019
0.40611573384233346,0.8234105909182866,1.199278113145797
0.37504421866572146,0.8413196498380681,1.2294050910860175
0.35590869221951676,0.8348834228839678,1.228065564438781
0.42345228208141467,0.7793110648993127,1.1358492291596234
0.4264125639655457,0.7448568157106479,1.0956788942707787
0.4276963636459487,0.7154569194125263,1.069561721915862
0.39990639013627094,0.7021296494704204,1.0747399993657074
0.4222237713226593,0.6929477441852891,1.0611798639219479
0.38395271843024986,0.6800752902770886,1.0585008106274745
0.3894529552143631,0.6447028569982532,1.0164893998250921
0.38819679999478396,0.6162211447903022,0.9922133033837129
0.33749737927058027,0.6189666334599733,1.0189857902508
0.38684095784845424,0.603357629205007,0.9779862453417129
0.3494051038147589,0.6313671672895482,0.9944106994852421
0.37347039959670875,0.6382585287057625,0.9636397699343614
0.43129730591947185,0.6240311444695693,0.9293290909007647
0.3411150750883824,0.6855674874125781,1.0198839272252125
0.34148555860915614,0.6598405206254121,0.9865791874495953
0.3919418272001605,0.6093221936141788,0.93266913316245
0.39591509736743613,0.5555767729020761,0.8896372802307173
0.3675600922163512,0.47012295548901484,0.8089545008876383
0.3240386395821096,0.47471323210562616,0.8666661173714965
0.3209637722825658,0.43016640845091747,0.906260310464739
0.28733010320342023,0.39892114126612477,0.8928596147218907
0.277369037731588,0.3502216955788804,0.836623986602886
0.21367016612241452,0.38327691274307074,0.8592470903900643
0.236134721921427,0.5643007700039937,1.1438847169813184
0.2407903157626891,0.28547296179942794,0.976382573783856
0.14361757478473225,0.02681155747845143,0.7355055248124336
0.10735914859560762,0.10672193698311273,0.7446201534445336
0.14939867454837225,0.20503955021007947,0.8201275195952494
0.2310964509515105,0.39802623454525027,1.1231588346004207
0.32753306767371665,0.5790516841431268,1.291381506292169
0.3336703689138524,0.6580692137075762,1.3755753896753418
0.3728049041538273,0.6750778329272366,1.3904665225944917
0.36858784732471234,0.6599145811053346,1.3628589060675598
0.33100852808456827,0.6245330842256579,1.342096754391652
0.32430135981884645,0.6024789181825988,1.3113056945785682
0.3379144601296978,0.5942150647318772,1.309287875435867
0.4027697945009859,0.6052597668655205,1.320989890613823
0.28512057189694184,0.42191785979795,1.0751714364873775
0.19697338863025407,0.16555634317534204,0.8379737221497573
0.22028701195712555,-0.020943339833875998,0.680421324205705
0.12973912928863263,-0.0627699524435032,0.6650170081767043
0.09689081560482597,-0.0453241293242261,0.6757443390715481
0.18480450785536107,-0.094915269538959,0.6072767322587967
0.15272061301858278,-0.03657928433549388,0.6837670479181455
0.1495609572809506,0.02911135809848238,0.7440354596057481
0.13195299272244154,0.06218386547935093,0.7872181899937631
0.1754252312700239,0.08653847248777072,0.7780329406882781
0.17880100475412497,0.14763806919295752,0.8387972271871402
0.2537110433932477,0.2785823694953919,0.9489460120396191
0.43221762269066316,0.3920986432238473,1.03012207065314
0.4105325046819764,0.6447604607566106,1.30915141371825
0.4211348502686053,0.6576241694921785,1.3088266006853995
0.4919815514232728,0.5997522075266776,1.1935284665337895
0.4228544910266269,0.7104432593858934,1.2985072273958909
0.3859110064430073,0.7471801442553575,1.3169466529610303
0.36201682997964135,0.7457982058083762,1.3345109125393382
0.35903434909295884,0.7301799448022961,1.329312497831576
0.35146432785638765,0.7251253987614803,1.3298112063724994
0.31686873860504694,0.7476337370042027,1.4012511723574343
0.29312471225721154,0.7439602924258535,1.4472437293110707
0.29968779559107994,0.6814876347020787,1.3973463283303202
0.3429217077383307,0.5289794958655033,1.2217596382374774
0.26604157382319416,0.341989993436936,1.0600490821963424
0.25024287796557126,0.18855422060880322,0.932974317466138
0.1580388395675674,0.13844709681807255,0.8464863438741416
0.13585638690394947,0.21329523445007387,0.7754858521903601
0.22003635038380337,0.4365837964967562,1.0034552089769977
0.2929289246857687,0.6038352005625004,1.2410742227937348
0.36703325105028617,0.6994232475679667,1.4122317797987147
0.36456594869032416,0.7637406358330826,1.49791894807928
0.36734361026523327,0.9185494087852913,1.6189774579787035
0.4205191432311642,1.0329241312142463,1.5694031833073019
0.3830370457880604,0.8973812859908527,1.3645845434673758
0.3453136512673743,0.7774729618554297,1.2631339240019201
0.3588060913278245,0.7770263689484489,1.3128001334778363
0.3406841876934043,0.7724348046633531,1.352100990826318
0.3250025520322158,0.7825432529107423,1.3996098106606414
0.33198113661736545,0.8156244375919067,1.4506470240718838
0.34381805814642685,0.8280331371432966,1.4727314128582027
0.35106805905100436,0.8721413404625663,1.5440147798676043
0.35890949660700333,0.8882229051414875,1.56376222492484
0.35691175462047214,0.8900593377052531,1.5625937530602982
0.36233450348038626,0.9203776112438181,1.5760001302539015
0.3694337345440285,0.9456415318918401,1.5753533449135775
0.37576917983816727,0.9511510871168339,1.5524454345534846
0.3993420965187301,0.9493151052370379,1.5196595405767073
0.386271218772641,0.9584972036724418,1.518667804945616
0.3804491024803199,0.9695159278218841,1.5019557263751315
0.37137370388163754,0.975025162874213,1.50330093797098
0.4961023050517528,0.9199253670579691,1.3898325063378272
0.47827278140909973,0.9341617609788064,1.4077445340609431
0.3844163215620954,1.0025888911205803,1.5111840645526335
0.38949623618771534,1.0007525211957824,1.5075019092277016
0.38831211860840725,1.0145342226157048,1.523570046681096
0.40803970625709385,1.0140795979876158,1.5168755028527072
0.40604196427056266,1.0159160305513815,1.5157070309881655
0.37048259084515694,1.0287706095582276,1.5414820972755492
0.3365276595703805,0.9943074229188857,1.5128597688831598
0.30960053903155205,0.9639805329745366,1.486748277978998
0.3195886316516311,0.9336625804808644,1.449088780578381
0.32449681205891817,0.905180997039762,1.4151114367537678
0.32363333936266414,0.9010448282393896,1.402899350133378
0.3998319911877842,0.873499303789812,1.347667069229392
0.3939882956183164,0.8555813065471254,1.329088096036698
0.33675344084672376,0.862917842690042,1.3553647115903826
0.27012255284791303,0.8936814803986126,1.411266755380755
0.2847702276806006,0.8950632250411502,1.4082543655656017
0.3101697790932499,0.885881383267215,1.3898436046812968
0.30876409348354483,0.8808269659932476,1.3806410658389863
0.29152661968429294,0.8881725039702657,1.390519051204599
0.29093456330746675,0.8950633538079987,1.3985531181823678
0.27141938711695984,0.8954934803984157,1.265269221606197
0.3134643559520348,0.8858569504851953,1.2450145423340486
0.3372372662115035,0.8739203641627034,1.2356324265329104
0.32577144792862045,0.8569204866267632,1.2237451529453713
0.47114094808139595,0.7976931384159311,1.1107697484023866
0.5600892130441464,0.7577475969486286,1.0413075722288796
0.5406330465405432,0.7692292384703666,1.0682482661575707
0.40347547229019604,0.8188111828284973,1.1676663724843166
0.3634780937306832,0.8188021801221678,1.1840650009234606
0.4345968405814946,0.7930930221084754,1.1325148683486932
0.3724538005769593,0.8289111434369509,1.1927688312248477
0.3427879661843967,0.8518746213751559,1.2320983515052357
0.3760289575658728,0.8587743434079136,1.2334350339292381
0.40732204559853735,0.8597014014375653,1.228578728786866
0.40542399053875666,0.8459196373786753,1.2173612185229452
0.34328095535987707,0.8817377569626944,1.277615177901243
0.4028840356387745,0.846837821468846,1.2192022944364829
0.4234024386180394,0.7871201632106406,1.140873748359313
0.4879136944785682,0.7237386460201458,1.048483524567796
0.48589375348948555,0.6755025683891668,1.0019463031066478
0.3787232685888484,0.7053389568803262,1.077256527049332
0.3948264803363067,0.7039660176507618,1.0784221511927827
0.36666539392913916,0.6952299291821189,1.0734033204395617
0.39194306665096995,0.6515937712194103,1.0196728431112443
0.3881469565314086,0.62403024310163,0.9972378225834025
0.39132881127159225,0.6084121108623985,0.9823381604924065
0.41349604234245013,0.6015217117086351,0.9403497276733187
0.3796347352235749,0.6382586574726109,0.9539385225511273
0.3803985209930784,0.658013022895639,0.9761996475708966
0.46167707779250705,0.6286311320101764,0.9172852183376922
0.36732825332108265,0.6883309136225714,1.0187097739099158
0.32321412458461013,0.6786762512743,1.0409536023971455
0.39759157957116426,0.5505224200115328,0.8755841176967897
0.3443287751449288,0.4618420014824859,0.7718252139363002
0.3033965011486399,0.4365692068949828,0.7791693803325341
0.3338057766587131,0.4466949523373648,0.8472378038963565
0.2946785515839388,0.38513957035750734,0.8670902333831189
0.2445699519063492,0.33872263856252827,0.7988249204523057
0.2617563500298999,0.2969146186749222,0.7069677390908035
0.32176528042061164,0.6157483912160746,1.028017274310416
0.34531798039895434,0.9254234782398816,1.5676469351918938
0.2961235243667872,0.43571614845074197,1.1651560347802012
0.12864987177836062,0.06448347294910928,0.8102999958619289
0.1096571908131999,0.10030249215661129,0.802645220059732
0.1606429199752027,0.20320331079658652,0.8067441203849403
0.22283406668595784,0.3943449461622074,1.098238793544095
0.34785270687357384,0.5717062114217611,1.276652898983868
0.3590207038270146,0.6778322564309003,1.4056909977183385
0.38022601472567735,0.7246954627046517,1.4485432266270342
0.38643957409051405,0.6957507043575566,1.3903156050697134
0.3400346981196244,0.6479687380317288,1.3892779204677466
0.3486669558318573,0.6047872673360772,1.3373913597783444
0.3416594873350744,0.5873161135557539,1.2497437052146039
0.32314490117732914,0.5583790058630795,1.2769805527420963
0.28906868165693655,0.5105972516811221,1.2565403263094521
0.28457773925808616,0.3998638225217394,1.0346791292910595
0.2793598097099455,0.23035503703704546,0.9054126569057949
0.13261771129059918,0.11869221632765062,0.8630302083873085
0.15409382618490264,0.15544667513180505,0.8826267594518704
0.24116686446713986,0.17292766511406024,0.8908176705897328
0.22091988745861416,0.24367233852145845,0.9893923632693481
0.23023843336484015,0.285935943555148,1.0151847225914141
0.21009051390634892,0.31992663502618723,1.0602085288929668
0.2565950768039891,0.3520904047293591,1.0511971750955547
0.2723493746565091,0.40538115716800244,1.0875344406325453
0.3281010510685419,0.45868091231297525,1.1074730777303927
0.4541314452404171,0.5744794773225989,1.1960220092384064
0.5026793779291895,0.7472234159456385,1.3659203434432565
0.3884090518908167,0.7306600914972478,1.3983754907561543
0.4493168865762035,0.6741611940392472,1.2722104780821462
0.43912880279004635,0.7145797501033869,1.286466195558196
0.38186567900656965,0.7586621076942167,1.3196342284316365
0.39143283215557856,0.7407444288797386,1.276802129785144
0.3665040636773747,0.7297168986631519,1.2953609727156348
0.36287968295049067,0.7287985858061328,1.303221144185331
0.30850666741274374,0.7595706452438157,1.3863801697004876
0.30979108681855144,0.7513065377483098,1.403764852319968
0.3530976515058223,0.6621976030866794,1.3120242545941527
0.37581317032511946,0.5694071190193968,1.2147661035827664
0.2881319366952576,0.42192608990318886,1.1169802923476375
0.19149658064819042,0.29327286774306616,1.0123575994932539
0.21323977603378233,0.19310379738318995,0.7476872888073768
0.16539426535787735,0.24269577458243774,0.7530967876291071
0.2751023486759365,0.4255742682039162,0.9892167880334872
0.33260566318788315,0.6217620717446681,1.2529558149305189
0.4078388133844054,0.8193316360868138,1.5088317755725533
0.4667964027153875,0.9704931355951472,1.6897450650992025
0.44570876208725263,1.1083099426884457,1.864978282725145
0.4572171191990244,1.1620474742060285,1.8370974905827062
0.4048651520307995,0.9851509709555629,1.5665187343453288
0.33175832431050345,0.7545167430372421,1.338372641325241
0.3118374328176485,0.6993894292679846,1.3129050950360257
0.296426593750483,0.6993891073508637,1.337158213494111
0.300643650579598,0.7145523591727656,1.3647658300210428
0.3160551093721682,0.7356884698925025,1.3840145665373549
0.3069304918611709,0.7701425903143188,1.4338861488094332
0.33980099489621773,0.8027692808786988,1.4685275745069097
0.35602608292166665,0.835850658710136,1.5050129168433015
0.3505756896009287,0.8634139936776437,1.5419998084459943
0.34739383486074504,0.8790321259168751,1.5568994705369903
0.3510182155876291,0.8799504387738942,1.5490392990672939
0.3560482819242181,0.8859231689048808,1.5503816664399082
0.36524494190114204,0.8937324603664812,1.5408543145647469
0.36677189371474433,0.912105402409922,1.5418747096298877
0.3630694005126009,0.9557420093121437,1.5616508176190294
0.3464455647801497,0.9851334179713296,1.5653616288801544
0.49987683589416737,0.9185521737836204,1.4104006322434595
0.5350152577843638,0.918097872817109,1.3794529734548422
0.3971659443510371,0.9901888706139426,1.4969541622873992
0.38323220880844294,1.016370590796046,1.5272521985081713
0.3952402400047769,1.0342887168055814,1.536129924317631
0.41755762601682095,1.0251068097759937,1.522569785376015
0.420639793830254,1.025106874159418,1.517719161684398
0.39205838526459325,1.049906849044813,1.5510295864086272
0.3455754088825833,1.0466797981170854,1.5619078295814641
0.30994399600728567,1.0172709641502296,1.5473386632857702
0.31852640241445285,0.9818985946006474,1.5004766274800747
0.31672741455601805,0.9313628451164859,1.4357082238423777
0.3357410574857486,0.903344757626269,1.4017280375434584
0.38318657617818624,0.8739539910568689,1.349510985868307
0.3595631963088434,0.8624632824453773,1.3438195440703768
0.34178350718331274,0.8688905728210284,1.356707078962997
0.2808245859644995,0.8909269922934676,1.400892903511293
0.27964047321084706,0.9047086919689337,1.4169610374668307
0.28920823764036335,0.9079268050098694,1.417630799915985
0.30185816867689885,0.911144982870344,1.4134499395479865
0.29029266346726523,0.9097633019570593,1.4116117043598264
0.27251297705616584,0.916190591351454,1.4244992372849021
0.3025629471723264,0.9198478324898228,1.2754864723139654
0.36492755762008633,0.9028658289830088,1.2405031839845875
0.38561830006612186,0.8909291782770928,1.235971691875066
0.3676668863735696,0.8707112516475266,1.2185640312722916
0.49076884397767634,0.8128567121549543,1.1141242464712333
0.5029264055641361,0.8073475432305057,1.1079284146816246
0.54070508900647,0.8114926503537835,1.1085924965544878
0.4989315413164785,0.8321561971606528,1.1490933259269382
0.4335346137571442,0.8413290353560303,1.1839027135014584
0.41380702128280195,0.8417836617285755,1.190597260827704
0.38273550610618995,0.859692720648357,1.2207242387679247
0.3282123356272568,0.892756287961864,1.2754549704056097
0.35437567039658174,0.9033288124831851,1.2793053362900022
0.42635788511799155,0.8817558250143216,1.2399672938334816
0.37425278843539417,0.8794468929211124,1.2575372348625449
0.42327571730455843,0.8817557606308972,1.2448179175250986
0.4688231857628711,0.8385832282581508,1.1813833520881698
0.4601681189739933,0.8105563964675295,1.1443993012108549
0.5304011844746879,0.7306385629476325,1.0352683394148043
0.49070224697002196,0.66263918157072,0.9780179976814136
0.37282972955600535,0.6952300579489674,1.0637020730563276
0.40920273703994553,0.6943207443093652,1.0551636090911667
0.41206333199732603,0.6754846917433561,1.0250423126017012
0.41529503020088493,0.6520574611927968,1.0051181313110156
0.39566713430460454,0.6368938874537737,1.0017636332421687
0.3883180661986812,0.6295396695597755,0.9840311596065434
0.3379110213456474,0.651113109457065,0.9894148397196019
0.39839915842360124,0.6492860624112616,0.9450809339995843
0.42202253829294406,0.6607767710227535,0.9507723757975148
0.4705530977120327,0.6543582919476153,0.9360380870384585
0.38532951047701025,0.7007397419408097,1.0310929153130006
0.33549357210037195,0.7076213959219404,1.0700774818047643
0.42525485622190773,0.6584853292748097,0.974350049481226
0.31367275156828683,0.5753049062961189,0.9028868132642274
0.2813505266303681,0.4567781343071321,0.8129756763701659
0.319999377329349,0.39937686564628366,0.8170935294235968
0.2979594735254683,0.33276745269300434,0.7986396779183466
0.25532121780901057,0.3070232600725842,0.7399246878502757
0.30211331154233034,0.4871048954846328,0.8487884146575615
0.48006507470714144,1.0503800550474665,1.4812712531384624
0.4730987484391188,1.1418384215159434,1.8129924489240221
0.3993940113655735,0.5441601736492462,1.2602256111106747
0.1358998726829381,0.10859167626837905,0.8815833628713303
0.12640291247495303,0.10536539706951432,0.8342541199958348
0.17813022840390785,0.1779480709377729,0.8152453957442054
0.22601530170073678,0.3575910251203602,1.0398372764787016
0.34319248952911846,0.5188706803111661,1.1985038897970297
0.3326856300137011,0.6406145201377307,1.3715454468321213
0.3586003671915544,0.7113683250183068,1.4440202636893589
0.3787698659271923,0.7063143549393965,1.400863352010016
0.3504868935907229,0.6631239528986647,1.3605248100595675
0.366989472770588,0.6204140159810929,1.3649961355798985
0.3722109886007869,0.6185613163571223,1.2679950246490692
0.3183068944084434,0.5657166382686643,1.2207965690361489
0.29516160419459203,0.48946975387825675,1.2499966965079845
0.32006085938444656,0.4949715296819814,1.1513255644463125
0.3134743375972173,0.46510009960577975,1.0688505058816622
0.194895182511559,0.42558075995670097,1.161992483567406
0.22727269637112538,0.4283443149335426,1.1511170828688753
0.32075928759710515,0.40677994212600677,1.1244841506250558
0.2897874593472437,0.4090708044231325,1.1445620901658973
0.282117751183922,0.41963445500497243,1.1551098371061999
0.27417662670117243,0.4191710869487072,1.1454114304483434
0.32337066523760927,0.4269893811166372,1.1194854501340383
0.29204931301871623,0.46280814279044236,1.1312331690983095
0.3678492123111784,0.49773540657594406,1.1161970452896965
0.48031635928688876,0.6139887232360489,1.2017392697450087
0.5360686554243264,0.6884242671836375,1.265179761817253
0.38019651108863933,0.7191697048028771,1.3684309305001392
0.37526613167880085,0.6975787780492348,1.3570395247281457
0.39814730505578694,0.7182518426298276,1.3423367361285163
0.3454717216221988,0.751770485255393,1.3698076457532715
0.38260727542483297,0.7283439594335875,1.2965265968590853
0.3446790519410621,0.747626150733206,1.3109360795810046
0.3562944006140709,0.7411987333351626,1.3077497955694748
0.30478198003370444,0.7531347402068365,1.360787524595166
0.33915661615439735,0.7329260738172968,1.30757874078678
0.3915103200797777,0.675053722062338,1.2213843417891583
0.34542670389169117,0.6304896760632879,1.2355682915856612
0.3536723294610407,0.4761442866720292,1.1193575105925542
0.23264250314064064,0.36079274277035683,0.9520387043901828
0.2505895925272685,0.23306015127101473,0.664933350305127
0.1980641592092109,0.2642872877652123,0.7208325573052105
0.2881449622357971,0.4531379894719691,0.9970999374864777
0.32833814316998816,0.5932721294314783,1.1868708626288793
0.38367259122489566,0.7857868936880239,1.462648033574019
0.46561167023633043,0.9631390464679972,1.6623113440803434
0.46348782666172295,1.080746865254635,1.8085888963559846
0.4489343951071345,1.1717010420360878,1.8973142648529653
0.4320157046018946,1.0977213442571923,1.7484064629705305
0.3525721921366504,0.8193059835086466,1.4561645703617416
0.2986957520564421,0.7085796934252034,1.3585728389568115
0.2862451948734077,0.6741251223194175,1.342655622526052
0.28094371221739084,0.6571253735503256,1.3210671015552788
0.2783040703906582,0.6736617542631521,1.3329572158681955
0.2931234728064021,0.7016887148206219,1.3602400193622766
0.31637636915497125,0.73890639021928,1.3992362009358241
0.3319595573402187,0.7866877161997778,1.4487801294496743
0.34305489210232804,0.8294145605228843,1.4939721428128308
0.3388384549986178,0.835387097503598,1.5098663812602962
0.33245254651569905,0.8165508517873165,1.4942969558456818
0.328828165788815,0.8156325389302972,1.502157127315378
0.3402939840716981,0.8326324164662373,1.514044400902917
0.3186905403657823,0.8693777872301811,1.554890184063992
0.39912782829716403,0.8859322359946346,1.5291324143091471
0.5136689605808712,0.8923867867896024,1.473421558624298
0.5134191235385901,0.9102964895436261,1.4550422996483487
0.5874698784359927,0.8868789055336384,1.3702132530023494
0.4857215323211764,0.9258977752718345,1.4154279921685264
0.38175448555846686,0.9690527598942058,1.4777054257710869
0.4077184464742908,1.0108616776608383,1.5016538684542378
0.4282098150668252,1.0301614202002336,1.5172204531434745
0.39260059817804416,1.050825097518408,1.5480200386305478
0.38438867710127156,1.060470499626653,1.5615773333489298
0.37854498153180377,1.0425525023839661,1.5429983601562358
0.35437938874901004,1.0301435452988794,1.5403164661363848
0.3205463421971216,1.0301346726677405,1.5470138498156873
0.32269299605478785,0.9837351559312615,1.4896069082322991
0.3731486425075597,0.9120810409896409,1.3921950007196855
0.3924829230818608,0.866145085895814,1.3299345955937667
0.3835072162355846,0.8560361225810308,1.3212307652923796
0.39302513599531175,0.8670633343694089,1.3269250478156873
0.3042984366501304,0.9258449954028289,1.4216579020338278
0.2884666496669974,0.9382449502177003,1.4407384253672868
0.29041454819015333,0.9442176159652625,1.4469314164315181
0.29549445799011764,0.9423812477849212,1.4432492646044428
0.3168985242232906,0.9368722715746314,1.4225015608655187
0.36261771966145273,0.9203449553348741,1.389362189175056
0.34958813646778725,0.9239931318911453,1.261598681363049
0.3357042492142241,0.9423657520174645,1.2868721948862751
0.3524493511505725,0.9262928681277518,1.2749792398479807
0.4279340606695643,0.8711838799438183,1.1924613147245362
0.4102042198330646,0.8698020702636854,1.20032432691961
0.48013885393022354,0.857874611925459,1.1648423283003806
0.4747383040728609,0.8776288485816385,1.1968047007033835
0.4876596514288241,0.8918740450802184,1.2128699939335439
0.5193232229822624,0.8670741363227039,1.1747089490155544
0.35351219770032766,0.8991926436828127,1.2670932496696126
0.35718642189058697,0.8923018582285039,1.2542085590002265
0.31087517490125427,0.9157200225615378,1.2953819941706015
0.38788745837208094,0.9001197643514326,1.2573863173377666
0.41868817695466976,0.8923194755961613,1.2505150407737842
0.4740249814921374,0.8712011736498984,1.213020911458322
0.5343918427148827,0.8560556053235343,1.1768691565111875
0.5163905855589551,0.8436467770052961,1.1644860151081025
0.5198432368931618,0.8179198746015542,1.126330651640868
0.5633209112477052,0.7343203663980691,1.021383390938194
0.5363715917063253,0.6539209662589751,0.9499031504374255
0.4278452743106699,0.6708938356759269,1.010986309342396
0.38212608611099125,0.6874211492989997,1.0441256757860735
0.4976081693638402,0.6323211655658519,0.9452091257213421
0.44685891482757256,0.6428757490579381,0.9770061247924053
0.42069558005824764,0.632303224536617,0.9731557589080126
0.4024451055854436,0.6589398877750181,0.9858952135033755
0.2568756094409345,0.7282678413007743,1.0754668416196496
0.36037186773848445,0.7053222391361516,1.0130413100952795
0.4597513782719026,0.6727309764573589,0.9564609768700676
0.49666658901798233,0.6727399147802642,0.9449129721225407
0.366758395946808,0.745294273655049,1.0721125904842912
0.32730323030074604,0.7462035194223144,1.0855016711453558
0.44441196194525917,0.6938582776210389,0.9775564707506725
0.40263903398067236,0.735657613230524,1.0615591550975199
0.3435842269732473,0.6846574690442221,1.064702330863552
0.3757246487313675,0.5528298069025604,0.9744291452665342
0.33324383952373227,0.48024734190117363,0.978886044846755
0.36879714706040256,0.5542111015152997,1.0053711226043964
0.45678874955652277,0.9208182883599197,1.3099026050238003
0.5140446773526631,1.2194589009859298,1.7292697756453121
0.43425783334677887,1.1859293293846769,1.8637162157017808
0.3875799085644683,0.6029597730952169,1.3270118268953595
0.1971524226574179,0.14765480614313298,0.9030124606775838
0.17044624784761958,0.11502822165068782,0.8586697640647686
0.19309916120977766,0.18254773656125908,0.8274546416392178
0.1975323454366728,0.32450122403341164,0.976094949356901
0.30026185382089365,0.474298529484813,1.1611777293543248
0.348316812137421,0.617179377910141,1.2855592842273773
0.36039811559917984,0.719632496897237,1.4217849573782617
0.3885592020063473,0.7283685853658799,1.4268037881314828
0.3634298202238329,0.7063058707893732,1.3784569979119372
0.3784264071418378,0.6530239244178743,1.34027296801494
0.3763067792260046,0.6204060434095511,1.3037847849531707
0.33182092751794895,0.5942067702432142,1.2723296432672235
0.32881686735411964,0.5496517878450053,1.2652643339372522
0.3412452255346025,0.5340338487560463,1.2358128007714049
0.3252626551137129,0.527589475073729,1.1829631238164648
0.23062083504571393,0.5473255166558895,1.2622746311683197
0.23920385936866498,0.533088936563094,1.2589144516487178
0.34891493369792426,0.5234701981742064,1.2252650538311025
0.32206047535042726,0.5565425089158896,1.282999648298255
0.3164881961003873,0.5496515303113084,1.28466682870372
0.3350808899077364,0.5340337199891979,1.245514048154639
0.4229663083207316,0.5211884029668344,1.1839378621595003
0.3318701512559195,0.5652618831292707,1.2238032690931373
0.33670084373900744,0.6024710065055686,1.2452437132645096
0.5103748713771209,0.6153707904498787,1.1744737627834667
0.4906196440932661,0.673707021839584,1.231561571910295
0.35859244283166314,0.7347792885086613,1.3657748621846733
0.3798752513058362,0.7159517844760996,1.3532092961016697
0.37242648662185107,0.7242157666936696,1.345525867861137
0.3540757054968918,0.7453348377521108,1.3248125058814817
0.43093722153961106,0.7108902959985295,1.2148866749499931
0.35145640349649643,0.7485363622518348,1.251565804867814
0.36642533630236623,0.753136027875321,1.2637750507628263
0.3384858324025626,0.7632360528671988,1.2840268858117403
0.37118398631952737,0.748081739368202,1.2448712645372817
0.4192720294032269,0.7251268117079007,1.223097478161212
0.3370369882385641,0.7003081928089734,1.2710905577250107
0.3427144095249383,0.5836268526011693,1.1636123135315501
0.2978826053266739,0.41959394831302055,0.8975593208887293
0.2704384415541967,0.24592405315685523,0.6500566661974252
0.18724147609674152,0.27485903270712836,0.7828904303603442
0.2475063035614875,0.48896472371731614,1.0700590070774771
0.2843729102950014,0.5390543379567807,1.1505392314784342
0.33122403575694376,0.7301875310732928,1.4196275906080063
0.4572280197668805,0.946139233315481,1.6455734468011871
0.45764351136685044,1.0416930792093326,1.7465080681888936
0.4366549475913727,1.1427558973884475,1.8681903854453465
0.45300068209531413,1.168020011186742,1.8529917290301716
0.3636183031607892,0.8909777149456964,1.5498829578989848
0.2891784520221197,0.7186882704394411,1.3963804114079006
0.2980821164024691,0.6865338218708072,1.3647400113123707
0.2882429368599389,0.6722886897556518,1.3438240943905937
0.29354379979055106,0.668152649722128,1.3219107603869698
0.3298171106964293,0.682861536194094,1.3234213418169012
0.3232324480854142,0.7163974725257397,1.371451848175442
0.311296459355007,0.7407427583996213,1.4029183527628994
0.32357590687076876,0.7696879030472618,1.4320422321705182
0.3199515261438848,0.7687695901902426,1.4399024036402146
0.3233549537401209,0.7719875749004442,1.4502734143470668
0.3196308860864864,0.7866874586660808,1.4681826242161422
0.3257958414387572,0.8078233762355451,1.5019832318073054
0.30619013971937264,0.8427323144357229,1.5439974868329218
0.2936620946121392,0.8739684501473377,1.583498058398148
0.4079822689395429,0.8827226745399445,1.5460183883877041
0.4704183045406527,0.8868682932417032,1.5078774737319178
0.5122632749711662,0.887332369515635,1.4642190197819873
0.5058983260399895,0.8762970563888667,1.4070146340151855
0.37394130806809917,0.9162253685335134,1.4510665897632895
0.3855283925548795,0.9465437708389268,1.4547717195736591
0.4151665817815599,0.981461910129565,1.4658354487160867
0.36870580198927355,1.0283073702688106,1.5220824432344588
0.3788157781258269,1.032443732219456,1.5197426587799978
0.4595521268374603,1.002143591115942,1.4638377738270159
0.41578083716093756,1.0246435704865766,1.5031701313349248
0.3463884183900574,1.0374892764261703,1.5356425804271465
0.3518388141236231,1.0099259405864345,1.4986556870755254
0.36922519617476834,0.9580173197450453,1.4302022908853755
0.4056252235684719,0.878090610541211,1.3277687066473782
0.459334769640182,0.8330817743715474,1.2558013656917568
0.4123317721087891,0.8790089877816543,1.315057911486065
0.3342572642264398,0.9428452583670863,1.4044414317227365
0.3138877791503795,0.9579998302720081,1.4241945599796557
0.2987477354708233,0.9478907386264908,1.4251919779359667
0.2930757686908258,0.956617956862622,1.4369081971780429
0.31221129694665145,0.9630541831625512,1.4382477225135835
0.4171630843172817,0.9373538999605682,1.3800002106318345
0.35710831424098316,0.9368567762432887,1.2661244920218153
0.35656610132753225,0.9359385277696938,1.2691340397998947
0.3566657882542828,0.9203203311470382,1.2590850014005155
0.3624374461834795,0.8959749147618516,1.2373197406984353
0.38551861313937136,0.9065473748997486,1.246020730274445
0.37239850682965603,0.9446743621935524,1.2935553723152968
0.3726200796857086,0.9635104791429855,1.3188260451131453
0.4228769695975562,0.9442285471215202,1.2850140711226152
0.5333289961651275,0.8831558297684735,1.1847551466895558
0.36103237547352357,0.9120562880349564,1.2716190603283786
0.3401206798968402,0.9262926105940549,1.2943817346144488
0.3522283980199247,0.9285925399809343,1.2932104220245295
0.3985396474220852,0.9051743747756723,1.2520369851052262
0.36956556115875494,0.9056288045090326,1.2732833965106092
0.4991032707091557,0.858801412421414,1.179388517924476
0.5194229099090129,0.8514559397000483,1.164659910616175
0.5403346054856963,0.8372196171409497,1.141897236330105
0.5426529875296259,0.8174653161013457,1.114785487618719
0.5212261037749106,0.751765992878161,1.0466625859121752
0.5610794167051927,0.6672481648398317,0.9495754826877703
0.4771888432372325,0.6552848349098732,0.9699867714290221
0.40725421879138485,0.6672122897591872,1.0054687630525383
0.5475438139698517,0.6098213079842403,0.8961755068387722
0.4287579707448944,0.6460851173623555,0.9746720217886994
0.406982802471957,0.6561852711210818,0.9852226094543796
0.37489827455765384,0.693385459663387,1.0182110653689922
0.25818160812388896,0.7489404551973973,1.0947184188613392
0.41523850182842786,0.7255491005997105,1.018900958954814
0.41351217616132446,0.7384125518015815,1.037978640688431
0.45664156599764566,0.7306125205800073,1.0117048693579807
0.43686413971123944,0.7388762417749679,1.0234239288882023
0.366287605773879,0.7655036482622551,1.0719645136848905
0.46019390425860296,0.6892674215536095,0.9635004674913673
0.4594812014032842,0.7039755354244851,1.0232185332207029
0.5423155939279484,0.6773565556816218,1.0019349402051374
0.5391902868628444,0.6194830415361146,1.0030517606609084
0.4580402774785797,0.617636704897591,1.088527629509996
0.560076793457103,0.7476714826930622,1.204689811931487
0.6366812902421134,1.0738596173997461,1.5289198956519507
0.5353773196389002,1.1928223021309527,1.7116796973583326
0.46165388970797777,1.1326394765695162,1.7594702149842951
0.4289547085474576,0.6447690127789705,1.3267071511204254
0.25505137144610773,0.17569083379035647,0.909046012040904
0.1713103380195847,0.14030020543750188,0.9143837361873739
0.16119305724854488,0.18071059577982698,0.8819799741115464
0.19942978077104873,0.31714719928968593,0.9438106046464246
0.2767098870407615,0.4839354474430348,1.1523286699746278
0.3796597436334608,0.6102973376284647,1.2756784598853155
0.37099985111171535,0.7113604133412766,1.3779582823753003
0.41262510786239043,0.7563957390736223,1.4395347205507125
0.3672265500687989,0.7550051877097693,1.444393873414176
0.3833561668262715,0.6534790623689009,1.308162518812536
0.39857369722361297,0.5978974476331319,1.2517473137347037
0.3543598815603899,0.6038609819075161,1.2840401806213129
0.3566782636043195,0.5841066808679122,1.2569284319099265
0.36563177144804415,0.5441431339879506,1.2202635126147072
0.31601678620205365,0.5487251161158988,1.2410168969299222
0.22046101062012968,0.5509982547610286,1.269638938320327
0.2795224977109809,0.5363158595962009,1.2577374576080433
0.39058941418656995,0.5395606367926086,1.2383151178324283
0.29715390587477486,0.5955874888940479,1.346927240825352
0.29039689414567776,0.5813424211623167,1.3211607002119579
0.32245314822244103,0.5808880558123808,1.2950636651149579
0.4252570459038374,0.5593157104333031,1.2072193822444104
0.3574131654621897,0.6194710771917815,1.242579115777198
0.2991653027785616,0.6460987412127657,1.2717172058074178
0.4200917238197827,0.6502537489213994,1.188073920562786
0.4700495481257231,0.6778264085123575,1.18440906526825
0.34450794227378945,0.7421167242750607,1.3241427425578636
0.42011454254773895,0.7214620479187599,1.2769445251337896
0.4322936834113455,0.7448896003864404,1.2726155879663905
0.4286902622362035,0.7517722201189345,1.238840799083899
0.45983258454853004,0.7338550024556529,1.1620543187204644
0.4135422995237672,0.7650740985059719,1.1615927917897233
0.36885768403630387,0.7912470108764748,1.1937375888726451
0.3877722573518607,0.7999829096837575,1.2133082976964304
0.4148273386549796,0.7779457798130817,1.2224793293836005
0.48604638250663496,0.7577542174682618,1.2043820203795645
0.39155408870816455,0.7540629571381244,1.268619993003688
0.3637412964705306,0.669527388198658,1.1849276658825298
0.3193088734765817,0.46415748971190385,0.9221803447495389
0.2680775165607811,0.22894069323650254,0.7169365035101265
0.1683354468664806,0.26384795921210696,0.8850669780156414
0.23446492945243635,0.5036725800544947,1.1491795675732808
0.2726147161409485,0.5032265091932219,1.1600407646449236
0.3221762864447409,0.6778151558750928,1.3705795299097017
0.47241790570339803,0.9484392270857848,1.6395515105196508
0.4502944432609271,1.0343388613153341,1.7287755945532683
0.44713540724869966,1.1211652925519264,1.8325458612152683
0.4755894796011304,1.1698651245397163,1.8596777471845711
0.37984339118623817,0.9240590927771336,1.5863683002353763
0.30301249581230755,0.7081247486244494,1.3761314170843642
0.2954424745757364,0.7030702025836338,1.3766301256252875
0.3187944381256514,0.7035338925570201,1.3620754138250588
0.3846837447863727,0.7030883976576529,1.3292809906764356
0.3821936333497658,0.6961974834364958,1.3260975473902836
0.36073971520832016,0.709515561010912,1.3518697764501464
0.32128454956225827,0.7104248067781774,1.3652588571112108
0.29398694550265614,0.7058248836209943,1.3724521059826664
0.2984747989257942,0.7108793652783858,1.37680402113336
0.3102618769914804,0.7310971631411035,1.4039129291193686
0.31487161634392047,0.770605958370584,1.44358455546729
0.31617823475227963,0.8124143610698229,1.5063379876833765
0.31462363365219786,0.8519230292769112,1.5557108649123883
0.27026028518602113,0.8813138593575074,1.6030772911469946
0.2785940921920958,0.9061227708213512,1.6248397076258403
0.31215572121814245,0.8951046252504987,1.5978961712228432
0.4540719503113065,0.8404683906407928,1.479574275172696
0.504178685281968,0.8234779664951516,1.4173340073046938
0.3572533542296126,0.8799424018189282,1.492678572132183
0.35867999939105955,0.8927977516824088,1.460246150622306
0.37628127350977275,0.9254077958643528,1.425821712802776
0.3239983750123375,0.9832719810252687,1.4653566304995918
0.3473004975117051,0.9915447684377551,1.4558264361501243
0.36719980972741334,1.0177353608148834,1.4794270878171303
0.37050355039689903,1.036571542147741,1.4998471369233617
0.35067627823428965,1.0526443625262576,1.5165907174022013
0.35553461759102917,1.0319718765242547,1.4876378910283492
0.3666071336251824,1.0034904218500007,1.443959299820502
0.4131669806188145,0.9198909762854836,1.3341614119283538
0.34863290120467394,0.912064196223074,1.3376810346467238
0.30335623537245393,0.9451279562507396,1.3778598943350935
0.35585401819761814,0.971782430443185,1.3723539605036275
0.3451021422208634,0.9823460166416008,1.3877523311355466
0.3072021889553905,0.964882386057192,1.3952703956632455
0.3100634036381758,0.9671821222937987,1.4086509541481773
0.3249824941870842,0.9795908857924988,1.4258847183684151
0.34865571993263006,0.9832724952204345,1.4265516392177273
0.3333852474448898,0.9409842642544527,1.270482088623264
0.34980908959843515,0.9216934600379627,1.2433674991865002
0.3454209231020476,0.9010207817579152,1.2289665456364276
0.3315868793118597,0.9115843035729069,1.249215539959964
0.3478119673373086,0.944665681404344,1.2857008822963558
0.4230480792648288,0.9497379735796655,1.2718074081457562
0.4086219790978146,0.9671923452323901,1.3000904694470616
0.40867182256118995,0.9593832469210622,1.2950659502473718
0.4759446158290648,0.9139196591009175,1.2261053163444524
0.341747318637193,0.9290473560148397,1.2853530912802107
0.3265075868244723,0.934556461428092,1.2963995485103648
0.39703427488562965,0.9157381541243608,1.2528834846622947
0.35563120589075614,0.9106747358885203,1.2600795777569844
0.3848545142966184,0.8711748128540646,1.2137105668552968
0.4745665746801836,0.8509836333208776,1.1665095087058457
0.4550605647132052,0.8702743731539435,1.1984747218342262
0.43782308367546985,0.8776199137476459,1.2083527124466238
0.5245021999835725,0.828483782717091,1.1174759038147026
0.4435220842389907,0.7898752949319707,1.1027413628753728
0.4955329394531099,0.6998483049470181,0.9994584418527861
0.530428209210107,0.6516211656389441,0.9413732156441109
0.4681134494642058,0.660794068217746,0.9713319795270142
0.521181086044403,0.6304851836860559,0.9124232317445647
0.5000478176116671,0.6258853892957211,0.9099152332327863
0.45985106519865315,0.6571127798347033,0.9464119384706884
0.2931987662230159,0.7351676285891843,1.0719529021009633
0.3224442736314296,0.7457402157494732,1.070952640795882
0.44194404951120375,0.7370398735946265,1.0197417770611272
0.44778774508067154,0.7549578708373132,1.038320750253821
0.48433185258057293,0.759557987144769,1.0165756303075144
0.46529601306111873,0.7375035635680129,1.0051870652608985
0.35467225710087014,0.7719310656602986,1.0751507976964199
0.4485791753109989,0.7168306277542688,1.0101886064772938
0.41963335323389717,0.680539237784172,1.024543604060778
0.5335392609351733,0.6360111991215273,0.9731330331049919
0.5363290721800592,0.6171833052995079,0.9896712021759765
0.5668656749571095,0.553809238634847,0.997297341415461
0.6017303336966293,0.7559609817441261,1.2593748222935732
0.6683749851579942,1.075721255346622,1.6143730018352533
0.5188610951930909,1.1831845506771286,1.7835868717247636
0.4580295089810938,1.131721163712497,1.7673303864539915
0.4591080818315726,0.7596227908735778,1.4286564791268044
0.3343543852615567,0.19821788566340426,0.8943318605397644
0.20119775009385554,0.13617284270427382,0.9003248852069776
0.20770492478067157,0.1683276131900287,0.9077121668444224
0.17993107543855685,0.29189118682978177,1.0105193643050936
0.23508648946630056,0.5023074881185363,1.2212577967224068
0.3817571725467426,0.5928427084420433,1.2667978933504782
0.3440727209215756,0.68103352688584,1.3518467984668523
0.42645853192717365,0.724696428456015,1.3757838712527792
0.3746746950273794,0.7256054166895836,1.4085754466803115
0.3681164374263786,0.6589881669099251,1.319208974293762
0.43815012907357215,0.6103067266353397,1.23017608929647
0.36183021587021047,0.6245337245709877,1.2935905104797685
0.3634346556080118,0.5772159597970278,1.239193117548924
0.35416595316516114,0.5271432564520104,1.2083762390271682
0.30553569716801066,0.5491799356387168,1.233159573181317
0.21700773956051822,0.5555893683621548,1.2642924468131642
0.2840319452145011,0.5703071080355483,1.263956314445156
0.3896262545635653,0.5510426646148919,1.2361520696114174
0.2846252410421367,0.6056878358030469,1.3429259574161814
0.2880280489129682,0.5877700317106328,1.3097951131486365
0.27069089059979357,0.6107337654380784,1.3297221351646997
0.3688075610045507,0.6153433316469206,1.2576240139422168
0.3586188574929889,0.6346260989084447,1.2283778764438695
0.31334156590329454,0.6465540723140648,1.2250548855301633
0.37373001605449796,0.6603452218909173,1.1907700182095249
0.4046021573776088,0.6736725562164474,1.1807411170680624
0.3183655670562065,0.7393451323432528,1.2786574163212834
0.3831704382387146,0.7370631439856082,1.251882095724532
0.4254579484278371,0.7540636688451926,1.2152631025288505
0.44076910056825197,0.7696821873849695,1.2010590224701447
0.4600751169563245,0.7604920519945993,1.1456900311661251
0.43156451623143677,0.7852838594137234,1.1323409728406206
0.40465958504384847,0.8050294831530314,1.151598238528779
0.4439941138627291,0.811937497929996,1.1898931496235676
0.46981522929750896,0.8114911695350263,1.2201568414616786
0.39438035841623675,0.8587910611520883,1.2976502508832906
0.44883211098030357,0.8045998690133238,1.2460771403252286
0.3078340244846948,0.7264732578858705,1.232322749802257
0.32801377960823747,0.484375216212883,0.9541398992985017
0.26834831315480423,0.21883192307199212,0.6936808021338883
0.21636633220100698,0.2932488856450162,0.8335741713046866
0.28235358903132346,0.5119540491284174,1.1475038649916829
0.28455070487135575,0.4788812233193402,1.1285742600574664
0.2683718888304592,0.6093522776750665,1.3133320289016888
0.4741940748338767,0.927766677572586,1.615449309586344
0.47704984405838957,1.0380205325100098,1.7245918864641787
0.45475527194864607,1.1184107402814143,1.8270226334746555
0.49882017694714803,1.1570102897436292,1.8533051791615123
0.4278047129564568,0.9957397625370888,1.6685386830250928
0.3109758192976086,0.7586606268754595,1.4311985733388273
0.2961065734184894,0.7384427646293176,1.4089402890444356
0.3703074784314226,0.7127336744879621,1.3525395397737647
0.433164460742086,0.7044790168938427,1.3195712211170687
0.38673133023627915,0.6934428667825594,1.3254249433412877
0.3835993189594708,0.7012519007104631,1.335300086232594
0.33085231278536065,0.7136429202552276,1.3659286204348293
0.2996589116794467,0.6970976656029199,1.3607358871778223
0.2938152161099789,0.6791796683602331,1.3421569139851284
0.2889070357026919,0.7076612518013357,1.3761342578097415
0.29551451704166315,0.7453336144670506,1.4169743560222046
0.2946018157817829,0.7701423345250782,1.453288647073758
0.2910494775208256,0.8114874335514759,1.5014930489403715
0.2626896442240452,0.8551235245140759,1.560074144713521
0.2616274155900739,0.9033595384158016,1.6114619911779824
0.3062621821852994,0.8849957263191398,1.5843417172298389
0.4173062699553525,0.8170321573839039,1.4760487223211538
0.4430763024759477,0.7821233496950307,1.42433322341016
0.3041419345440614,0.8312420565082008,1.5043516791936726
0.36674907498678816,0.8408971034125613,1.453004105058884
0.38166085969479613,0.8978526196403455,1.4354943236232973
0.3119903438160036,0.9653538550157338,1.456478904690132
0.33822448401327365,0.9759182129430121,1.4136697892737191
0.3318109286567033,1.0149635766050311,1.4484936344043293
0.3477646003627244,1.0370179357983629,1.464732823142562
0.37447015045832815,1.0485087079210509,1.4655736394999468
0.3984141703850693,1.0420815480567043,1.4429848607219495
0.386035035942557,1.0287546000317194,1.42391001971371
0.3933114466828045,0.9727096154952289,1.3577964044801643
0.31915975816935843,0.9694738211393252,1.3656707848235337
0.3232266648829428,0.9869285790925951,1.3648501039751373
0.34378945621599927,1.0273559447127918,1.377259064086894
0.33888127460229833,1.0558375285900081,1.4112364087859715
0.3329163128289333,1.0246010065778484,1.4008395793704471
0.3181972170653446,1.0020916382003384,1.4070095924513841
0.32971288001801685,1.0112824169888366,1.4138723459647695
0.3513883613642037,1.0168004598527662,1.4133707966984685
0.32031436728597285,0.9501663635620847,1.269490354741101
0.3393280102157034,0.922148276071868,1.2355101684421816
0.31343608935297845,0.9226027710608803,1.2519059579048761
0.3277132788552715,0.9497114831447552,1.2821983091770366
0.4556963897184183,0.9423927583919968,1.237676306070987
0.5239046981484738,0.9433287512556415,1.2212719891853745
0.49596519424867025,0.9534287762475193,1.2415238242342885
0.45591796257447087,0.9612288753414302,1.2629469788688352
0.41651264039178426,0.9543290227973675,1.2713115403302102
0.40558903502235216,0.9382473937350223,1.2564147189645918
0.4378446629526166,0.9065566351397749,1.2102196070688334
0.47458815395733034,0.8799203547130067,1.168376403328055
0.4605325373110899,0.871647759578565,1.1633547248537432
0.4496587754050331,0.8477570322048917,1.1434333842884352
0.4467483369842773,0.8744021830822286,1.17857919997759
0.44383788891221015,0.901047337448478,1.2137250226624587
0.45064413403058917,0.8863475145773532,1.1909651821060525
0.4826283456414257,0.8436297373440005,1.1245239166121352
0.4411033955429059,0.8041120037916146,1.0964002950117409
0.48852671040713647,0.7246487287719262,0.9988144972378398
0.5406096080871823,0.6768851506703902,0.9358758066121698
0.4788869047181073,0.6791672034114591,0.9578005035173042
0.49390506126194766,0.6548219819210017,0.9214833752382299
0.5433981798812587,0.6157856792431394,0.8654102657343604
0.5300066427751486,0.6428856531322067,0.8926987646706236
0.3837238312883995,0.7057859291095381,0.998486598295051
0.31921257060221503,0.769167448044489,1.0908768255844243
0.41698702649808267,0.7627581595925843,1.0451920268178034
0.46714422465752414,0.759094425938231,1.0214290947245088
0.5039597484768533,0.774721560883792,1.0199301283763613
0.44157294626502536,0.741631051579177,1.0095446618623474
0.32969303508519765,0.7475768414635117,1.0552322978564896
0.43970315539147325,0.69110346781683,0.9914357377765275
0.46015074570430947,0.6313939787693515,0.9597666782469482
0.49812880300014445,0.6043026926473178,0.940332683321053
0.514161202081174,0.6029379226284806,0.9881577940120944
0.5549087266749603,0.5703535919192154,1.0703988063551058
0.6451767773082906,0.9016045671553781,1.4310884137032895
0.6553053468627146,1.1271749313872574,1.700384976152956
0.44291228523590764,1.192820370628226,1.8571984081068422
0.45765902546032006,1.1574481304996636,1.800635126229609
0.4984587348180163,0.9034216492324011,1.564580310232419
0.3986392618357879,0.24509015204908438,0.9159348233262721
0.3304141902101419,0.08612753377879027,0.7912083792180886
0.34745290746846963,0.13115417872192767,0.8449303273745599
0.29679727467527545,0.21290889548955977,0.9189384514647497
0.29393185398502725,0.36083485555900185,1.088323621321515
0.4120217433995575,0.4973058413149758,1.2106760011460693
0.3600330871879898,0.6374053414946733,1.3593276717652627
0.3900141113540228,0.7044781155259037,1.3874799527997066
0.39573592099418864,0.6879417991965012,1.370739214795173
0.38584689798828314,0.6815057653926737,1.354847817073085
0.4665327786854809,0.6378789355423283,1.2604655998432526
0.3645412804374652,0.6291249669389622,1.2785427715893718
0.3457041950461074,0.5546983613142791,1.2035542747696006
0.3478514674227644,0.5294346338165299,1.1896491890350738
0.27044710393795424,0.5418250929040737,1.2590826657060352
0.19392719233003108,0.5661526970268737,1.2990933122115518
0.2715032803818629,0.5804074549445473,1.259955031035985
0.37514969120777125,0.5551703457763285,1.2259577951380152
0.2909606863362755,0.6111973910280406,1.3200180470560883
0.3045233138070355,0.5896068505749438,1.2795228991343928
0.30501568325711115,0.5983341973598665,1.281537870556003
0.39995049892168466,0.6185618958079403,1.2243394114245163
0.4470963322828103,0.6148899320483481,1.158767623470962
0.421446326515303,0.6208456869014631,1.1152972686559919
0.405143750565655,0.6534550158874265,1.1342297143155862
0.39392108853656854,0.6842279836713628,1.1494799852767676
0.3069207124456628,0.7301461943751403,1.2251351595102191
0.3975676682660041,0.7352188067231267,1.1869885634036779
0.4028901104737629,0.7600194880817318,1.1669421240222635
0.421133900037485,0.7990653659389165,1.1629609778710093
0.4365447391046505,0.7990656878560377,1.1387078594129245
0.4676876770217845,0.8022842520170574,1.1054232568952238
0.48948442457186864,0.8211208196504601,1.0967395638517532
0.42576520901576054,0.8675108860494386,1.2044995058368537
0.46320168277486057,0.8606371367675131,1.2315769066677213
0.33923686737424885,0.9354912980067851,1.3673064633206435
0.45454785543679227,0.8748818825821232,1.2815965657392006
0.32968123522355897,0.758636516010561,1.262116392533494
0.32545224543110857,0.45635667891092463,0.9541140805898299
0.2497334203449037,0.18437722319935781,0.6874648330863626
0.2376713300264202,0.32449389529611183,0.8663773618140029
0.30208056178026105,0.49036363395325644,1.09730746269104
0.2585134716901071,0.3525373125751467,0.9772778700328907
0.21493795993371595,0.5151623872980473,1.2227797410538488
0.4689922791046104,0.8951487321808382,1.583811750216192
0.4619596353973112,1.0201023456059632,1.7205647913420492
0.4281494111926207,1.0913017706638426,1.8161327769689628
0.4756177437873589,1.1331193048362593,1.852786333362672
0.4746317654363981,1.073393033661182,1.7617526805706574
0.3236485690621002,0.8330871037332945,1.5158883175418323
0.3213572117535897,0.77382400746421,1.4491049424825253
0.3821444096117953,0.7251423705504393,1.3746239215643703
0.4504517755918854,0.6893243814777249,1.304668718300695
0.4059167001458592,0.6920699954253317,1.3217399507888348
0.3808377912034361,0.6833339678512005,1.3118704893482835
0.3111745734257049,0.7062884448275322,1.3675986415656718
0.30846288913304554,0.6805614136569419,1.3391445254816714
0.3147269116866622,0.6649433458011346,1.3193942396990586
0.3130005860195589,0.6778067970030056,1.3384719214326757
0.27837672775633393,0.7370609566936409,1.4168033047373663
0.29487261237580603,0.7600335643605677,1.4300329456975196
0.28261536386259567,0.781160929907672,1.4462778158865077
0.28601879145883186,0.7843789146178736,1.4566488265933601
0.3594288907924981,0.817932854617722,1.4718820725757567
0.45303674822237516,0.8096870065796594,1.4370669965547678
0.48928786012570197,0.7743233828568808,1.3932088283880928
0.4643086381100294,0.7499691586600938,1.3732903285481624
0.3825377022092138,0.7706237062495461,1.4301897933554701
0.3981701237837431,0.789460141627188,1.43120734069952
0.37340578006373004,0.8496245789643326,1.4453178290972604
0.2926122796349931,0.9322805719804867,1.4715036893430358
0.3154645744273571,0.9685636740041208,1.4201904358451072
0.33489247674473166,0.9938278521858397,1.4001411557383152
0.3560971703308174,1.0195552687847471,1.3994915279236853
0.4011246152269193,1.025537001622063,1.3844352668571556
0.415672606148891,1.0425369417969714,1.391471913255221
0.3583879055010954,1.057682577123444,1.4227730497575237
0.35930060193532004,1.032873858809873,1.3864587622038271
0.33303757903283054,1.0379195313473215,1.3926574355932777
0.3390523842695709,1.0613469550481536,1.3980297458091124
0.3447459291203012,1.081556458640265,1.38818042206371
0.3435119723000665,1.1031472568451162,1.4092730756561693
0.34403260714278466,1.0751287834904681,1.4043966323814163
0.32438313136615055,1.0310284885773728,1.3991752401275919
0.33848859328538716,1.0314919847463155,1.399172398090518
0.3344931081059108,1.035164850309961,1.3968354552358988
0.3215699027801473,0.95751228696742,1.2502645962080832
0.3163182635875057,0.9327034398870003,1.2236515560376204
0.3223114895470994,0.9271941421957034,1.2271569716312454
0.35123635448528684,0.9556845987040589,1.2544369326510203
0.3985329625130034,0.9708569158712582,1.2607952935493347
0.4681967903648279,0.9690382311864549,1.2485690033020571
0.48792438283917017,0.9685836048139095,1.2418744559758115
0.45840745428567303,0.9469840007599715,1.2226285671805903
0.40176466071656236,0.9474296853206989,1.2408711122586493
0.4754732059307311,0.912993244905508,1.1824553845706547
0.4546113441661117,0.9194204726421912,1.2001935466527487
0.570093437070272,0.8643204854201308,1.1012769895923036
0.5027486109877818,0.8675206578679463,1.1298933861025922
0.48102328617821966,0.8698117133153446,1.135419454568583
0.41552666204082345,0.8946027516222905,1.1802778875381958
0.4495812778295227,0.9134477425112048,1.1988511792801342
0.46854508453436144,0.8932387507156313,1.1698955069341195
0.46307187248566734,0.8495937866857785,1.1180117939658085
0.45754881697359795,0.8137579209672534,1.0711526001971867
0.4758485151843725,0.7581763706149086,1.0098867714277373
0.5519751197179101,0.6883674360263706,0.914310263624691
0.5512113339484066,0.6686130706033425,0.8920491386049221
0.4732143188159121,0.6667586326269178,0.9260148673477512
0.46850551226212617,0.6640038228227089,0.9398941343736064
0.520931249002122,0.6483948864400795,0.8940439727686154
0.41415345627612127,0.702576814849905,0.9814181995365754
0.31565961261585296,0.7893767582682709,1.095579372476641
0.3582467943643789,0.7806584768286455,1.0723151454264133
0.3894395757448882,0.7760679426783373,1.034006023709023
0.4339248173788504,0.781131423553146,1.0219593034248595
0.4468738091956375,0.737495011545653,0.9876313278587233
0.3004973711401592,0.7291951559918947,1.0512080399618808
0.39100086657970734,0.6708767316312069,0.9758748345380458
0.44750019494236937,0.6070400121062617,0.9204456836405498
0.5097435319477486,0.5767394864466586,0.8936445443351265
0.4413437836753944,0.5836289198490588,1.0083923325284694
0.5392486702909184,0.6093987615587336,1.1197745208116385
0.662338000221325,1.0022213144732202,1.563631928031385
0.6819394718049685,1.1175380813013724,1.7043834188367493
0.538666795317037,1.1381750062897988,1.7649763913769292
0.5702583244045484,1.0711116856488674,1.6864711160620225
0.5911034229735774,0.9066578325055343,1.5276021929861325
0.43379988272853576,0.2947083612773175,0.9303559141342616
0.3552210750087374,0.06270072423946195,0.7373297945625523
0.3480948073086711,0.1164542305728668,0.8318717411971013
0.3638491051611911,0.1697449830115101,0.8682090067340924
0.41902970405076234,0.23773651360590403,0.8545467364660938
0.4503185860759639,0.3888892679416046,1.0324561596654187
0.3881719649412945,0.5960689232574838,1.3189777599175905
0.3853834124498407,0.6571683877069098,1.389443286803973
0.4111756439729873,0.6723320902127813,1.3830965374895858
0.32774918542018555,0.7058419232822899,1.4124142044786339
0.34358035147149996,0.672306180100917,1.349831827045242
0.3622006993909841,0.5988067577838214,1.260285770704151
0.4038018979628936,0.5303622069135754,1.1459878943597657
0.3804997778763539,0.522089418628861,1.1555180869603048
0.25261759097793923,0.5560615252364233,1.2769947633646976
0.2009550006531513,0.5702889945940945,1.3016041514487078
0.28117073053171576,0.5680073717989416,1.2505757559602244
0.4140121807516022,0.5400161610441804,1.1771009264803227
0.4502854916574805,0.5547250475161465,1.1786115079102544
0.3706834170617799,0.579052585511066,1.2234727746095313
0.29162354572821897,0.6042983754684931,1.2653245005264422
0.28133577501531126,0.6603351281552885,1.289629256401871
0.3871215338579855,0.633245254979675,1.1634815332646886
0.4974948233992369,0.5955916703277099,1.0316366938745343
0.4644471496338377,0.6442738901817002,1.0624620717010855
0.35525065856044086,0.7126925309400822,1.1434952376011271
0.3092102105779591,0.7260019242363775,1.1614129696463351
0.3971461018310457,0.7264832942163892,1.1383141124301908
0.368514844976354,0.7590923691575684,1.176649059851966
0.42081264025468196,0.795847445612139,1.1477393434725398
0.462015710844994,0.8110114700351317,1.117139475700068
0.494022121458382,0.8183662029965239,1.0960669598027573
0.4807518698587918,0.8587846946772393,1.115173300970424
0.4466203762199869,0.9267662028972539,1.1955196591945816
0.478013780556118,0.9332108496179529,1.224116163631514
0.379747579761235,0.9520285783430942,1.3112878424530654
0.4304536757432092,0.88360055206675,1.2757570541375833
0.3462053840292596,0.7448633039740309,1.2684546196717483
0.2791975292270608,0.4062832029648165,0.981504686367478
0.21701367974917452,0.17059479261131202,0.7247535362065071
0.26911519755133134,0.3442652325080989,0.9334512020256429
0.2610984346692855,0.4728999411659938,1.109676155282677
0.15588488968344621,0.22939338810632104,0.8691497615848819
0.2047781355081317,0.5188351254031864,1.230144048205856
0.49661114294701564,0.9029665756647989,1.5918401357432055
0.4436377381839852,1.0256113857635634,1.736461870514892
0.4143645911404034,1.0729204053648906,1.7878553971184128
0.47285621603132416,1.1152013719769969,1.829356736478361
0.5106120903970132,1.0481381766140014,1.741150206784507
0.3588374541410766,0.8459594932580706,1.5234179945279225
0.37309182491541343,0.801859906344585,1.4648397412290795
0.3983694976372442,0.7582237483818763,1.4111092639007619
0.44056337231138465,0.7040241364765131,1.3322791755530046
0.41548446336896155,0.6952881089023818,1.3224097141124531
0.4042894416801016,0.6681794612019313,1.2872667391486758
0.30133539388317476,0.6920433127123768,1.3466827246438946
0.31586118097693944,0.6589707444369967,1.3083506249432102
0.30256935010020247,0.6704525147255831,1.3255900714886673
0.34338035789259413,0.6824067845436129,1.326428048869603
0.3048108639453377,0.7375247093059953,1.3973979657476643
0.3048829064112645,0.7797881211894122,1.437742196144581
0.30029536123572015,0.7903518378991327,1.4434393228911235
0.29018538509916686,0.7862154759484876,1.4457791073455843
0.3876890347497001,0.7899149611500059,1.4233500169509148
0.3706731362193286,0.816096615204229,1.4584986733654473
0.5022085877562605,0.7674327905528447,1.3657722666438559
0.429783851873806,0.7724693311810015,1.3980708149812202
0.4852203336867128,0.7357328361009952,1.3505276542620925
0.4185396064469756,0.7743055705944943,1.4114542141915294
0.38305165093643617,0.808287774426598,1.43407165939929
0.2967861791162285,0.8895703805820165,1.4953775157510842
0.3101205529424515,0.9148262712533868,1.438369980604312
0.30994151891528765,0.9327278082855956,1.3733312420764856
0.3213286098231622,0.9731468150337049,1.3536325937112164
0.3591288749554705,1.0062286426768836,1.3561635684573607
0.36541509651163867,1.040683085015821,1.381782032271354
0.38958068929443246,1.0530920421009076,1.3844639262912053
0.4039569459980713,1.043446768759511,1.3612053841895893
0.3652157202453098,1.0719194791333606,1.4018801108190408
0.35734663702207303,1.1137195233966264,1.4325259354325657
0.3636820823162118,1.11922907862162,1.4096180250724726
0.3641744538265861,1.1279564288957,1.4116329850584144
0.35307973612637583,1.106365370104109,1.4099428385425556
0.33397247386639967,1.063183323446552,1.4017118980734198
0.3366619597597146,1.0388378442043407,1.3847972641235813
0.33239505946722436,1.0314836906937666,1.362214166796339
0.31779537279161746,0.9588854841670401,1.2296964597412465
0.3188077573590065,0.918458568794699,1.1833331329137067
0.3252933527686758,0.921676617888325,1.1888535199289418
0.35108620643005495,0.9579761083245839,1.2260086238400234
0.35389757558916624,0.9680849393833615,1.2444137129603132
0.42324014848384334,0.963048332627324,1.2169657848167093
0.4138939581167936,0.9786663360997073,1.2415666942909396
0.4174462963777509,0.9373212370733096,1.193362292424326
0.39836061339492135,0.9230759118078815,1.1869982465773998
0.4073861637045728,0.9253757768113365,1.1906775576790976
0.4169040834642999,0.9364029885997146,1.1963718402024053
0.5326077492245128,0.9001391183270876,1.1227259559398088
0.5699432869547415,0.8666119915514988,1.072848692216975
0.5109322678783259,0.894621075463158,1.1232275052061098
0.4161402976947964,0.9166486231766866,1.1741107151826364
0.4130581298813633,0.9166485587932625,1.1789613388742533
0.4483959256250608,0.8849578645814391,1.127915603286878
0.46778005931404854,0.8312128076873717,1.0606306719655563
0.4947840480516713,0.7747132020117047,0.9878225198993351
0.4698048260359988,0.7503589778149177,0.9679040200594048
0.5162157575392543,0.7113226177314563,0.9166815482385791
0.5823542911681632,0.6718316277865372,0.8587645220957946
0.5704964100873597,0.651621995645634,0.878315093661663
0.5177992377253136,0.6562039203679831,0.903919115659922
0.45824538601004233,0.6621589670034317,0.9138056214527388
0.3430340896999051,0.7071501840609816,0.9894664771369458
0.29802883898069904,0.7512409631628666,1.0498914912979387
0.3906735319619159,0.7544771446915437,1.0129133705537956
0.40403678557917483,0.7641229974837583,0.9925162994308586
0.4061557958299019,0.775605093178623,0.9855026160825621
0.43676321333367946,0.7122228607923922,0.9464692573387873
0.3075744080269056,0.7043865647007157,1.0051925015270935
0.39363988868103533,0.6332045621157647,0.920482865250732
0.4102138809501112,0.6116222517679067,0.9217965731892968
0.42782307530811836,0.6208213254811822,0.9656175597457893
0.36590892244543355,0.6309288079772082,1.0858857349543676
0.5050451245348755,0.6351168613842438,1.1597766556345925
0.5968696306188461,0.9902665365656217,1.6015989541748124
0.567298662245822,1.1267017236401478,1.7701433059252643
0.6153356127640256,1.0692843201748552,1.6663903357958034
0.6407129627612955,1.0100299690784036,1.6026108270638206
0.6280180332968751,0.8855309750479992,1.4725523192727819
0.44684187656299157,0.30113629374275463,0.8947372086128552
0.37884383515267545,0.05305564404833803,0.6995193813860855
0.40101293280136513,0.10957263399733523,0.7880365370222938
0.38616712537560677,0.18169885955116952,0.898150712273303
0.3802662624056546,0.21613671989060587,0.8498527257414374
0.39253902501233456,0.31076440563383223,0.8877349135931647
0.35135456714251584,0.5170343765142489,1.1899711142783376
0.47864718171764714,0.5744963238336219,1.2505359788092245
0.3735249116436326,0.615822966763391,1.3654920033954445
0.23638891184477645,0.6943416342581069,1.4667770078422568
0.31098126475588095,0.6507065081746423,1.3354365549459244
0.38057244006768537,0.5854886193148936,1.2393641723316189
0.47918691572947925,0.49087141709675386,1.0735190111335569
0.4947472896861578,0.4674443917122395,1.0341922740207667
0.2958676124895177,0.5404441845918798,1.1990369462184711
0.25922381806286576,0.5514622649070798,1.230831104564157
0.31845643444988053,0.5422893398457681,1.2057230044413665
0.4369425778665588,0.5317443385108295,1.1138717637066067
0.4796300614415844,0.5285436509956202,1.1240603567292538
0.39711692869972326,0.5583805510652609,1.1605655841432885
0.2964536184859021,0.6203717100421753,1.2432630897234176
0.23914065606470572,0.6722631641998766,1.2814556382986908
0.3655673187156958,0.6410457368852187,1.15580093875382
0.49880020647738393,0.5951285024000316,1.0073863932704896
0.5545008192778547,0.6139657712732758,0.9453458256278054
0.4722308193665702,0.6915755166623037,1.008988634453325
0.29401301518129935,0.7682486845035003,1.1326913628954398
0.4444630448594439,0.7283207569149426,1.059535661499777
0.37674834533027335,0.7783836884414522,1.164958659755794
0.3615806583963072,0.8261562048658935,1.2163493456339367
0.4393776896012072,0.8381112437961012,1.1589798317197553
0.4882504683548409,0.8427116176372539,1.1178322170069805
0.41601903149089914,0.9033300984072133,1.1822928589598058
0.4504164863395482,0.9543297310150339,1.2179546797224232
0.5364044790694787,0.9488384352474838,1.1886628314420473
0.5271862398154081,0.912092422393754,1.1963232886949995
0.4564957539599482,0.8808545483296855,1.2877895568034319
0.35831248242693936,0.7260274445582945,1.223781452107432
0.27838389999418206,0.39433793585311633,0.9642680805473985
0.18135462197298025,0.19906759268018365,0.7605776679232312
0.27695725483273503,0.38148258598963575,0.9967005020572753
0.22122170258826526,0.46507367442652175,1.074390784970254
0.1290346299417945,0.11223997984704227,0.7441186041782325
0.21316178597758162,0.5358349385557024,1.2468819454850122
0.48344119799958063,0.9489026595254745,1.6443992934858904
0.4737467134629974,1.0403201434686808,1.7476736993280577
0.41572043328673314,1.0857839209501856,1.802082455160413
0.47394064185822604,1.1170378689241867,1.8233376409222022
0.5035842820738929,1.0440018790467809,1.738639367547351
0.35289469137026297,0.8647954814406553,1.558389914709005
0.3549416570947648,0.8340141617629461,1.51103201239946
0.4162710678664212,0.7862507733227705,1.4335414437032261
0.4387373597175307,0.7325057843010397,1.361405895686001
0.41607651974578774,0.6883972590646488,1.3143756471346841
0.3947216784569993,0.6649613477248811,1.2865969758250575
0.3044175616966079,0.692043377095801,1.3418321009522776
0.32160518961965673,0.692506938302339,1.3369786365352831
0.3192369641123518,0.7200703376532709,1.3691149044463586
0.3307027823952348,0.7370702151892112,1.3810021780338977
0.3249809727550691,0.7536065315186133,1.3977429160384316
0.2989395190893904,0.7774883223138376,1.4292122648491232
0.28446357545900103,0.80275179227789,1.4625198453501183
0.2624176081792127,0.8229607170733547,1.4963261361409648
0.28690446315763735,0.8385875936129907,1.5142296628103566
0.3561971925889392,0.8413600851682813,1.4918062538664423
0.4228779294799878,0.8027873471858696,1.4308796869412916
0.4436178956639939,0.7619058093660099,1.3778218206576835
0.48203785922112447,0.7302151795376111,1.3219254613786913
0.4365402438774984,0.7655786101101171,1.3803355006202171
0.3439177450731774,0.8124149405206409,1.4626823744588235
0.278221749495108,0.86844237120067,1.5276388824782663
0.2838149882968899,0.8831342823947647,1.4843367417206137
0.2749310469316565,0.8808180933621088,1.3873384495182888
0.2969697083705444,0.9051559212957283,1.318788613071618
0.30364799151821903,0.9428201186757424,1.3129692326066678
0.33086810765362207,1.0131107486503264,1.361193771731198
0.38689120400432453,1.077437521125062,1.4013785598038115
0.38543567493124425,1.0801922021624228,1.3972005401611904
0.34647287451280934,1.08982879624101,1.4126045953044897
0.35194546683609873,1.112337971468247,1.4209864532984038
0.3674781938928648,1.1467926104466144,1.4320530346018778
0.3685127762563914,1.1564382057051321,1.4310584582454087
0.36671440872656824,1.1270382448055292,1.4097919091448767
0.3571749076293958,1.0870743081358654,1.4022307434350276
0.3317531590238159,1.0461836390608845,1.3752727534110296
0.3202867210155282,1.0080479727223284,1.3198836248490933
0.3120230999626717,0.9620951100051545,1.2079598619710727
0.29725354040709606,0.9262590513544138,1.1756525397145343
0.3056870349431282,0.935449765977545,1.1873659173567686
0.3314798873980934,0.971749256849918,1.2245210221423146
0.3387791120406415,0.9869125730552443,1.2472780149776295
0.3204572136209016,0.9924216136489583,1.2631750950249365
0.34455076755701036,0.962567157542286,1.2255127560244778
0.45169904862944044,0.8826582606008381,1.1048337859830437
0.3794460421396631,0.9143400164897558,1.1674275263179457
0.39604161368588575,0.9216944275340269,1.17060812887872
0.4542396211945286,0.9028758618241259,1.1464945764795718
0.46104648603831233,0.9093118277556167,1.1672365908975628
0.49233895434557207,0.8891030969826529,1.1188784307807937
0.5182099132437272,0.8808476702763552,1.144117603419215
0.5000591256976739,0.8918661368921006,1.1468080196151988
0.44213190307144407,0.9005759324372465,1.147665889069491
0.41877931979612437,0.8789764536612443,1.1187187458953225
0.42400814232110845,0.8325770052334607,1.0564611700591129
0.5023534516231364,0.7586319627390619,0.943821944948346
0.44884266933083405,0.7512686133718858,0.9521893471350985
0.46580872439783033,0.7328960576289903,0.9220652099202556
0.48351698389688474,0.7053411424278372,0.9123353145386406
0.5239635733521798,0.6562040491348315,0.8942178682766881
0.503964574209721,0.645631653380359,0.8806662550090613
0.356868133490093,0.69658666224599,0.9692174828134092
0.27699463774930894,0.7098871833472604,0.9938325994123839
0.27457656877862885,0.7452596810095202,1.0309933865231493
0.36776347467329656,0.7494141110117922,0.991005718000927
0.38729106597772034,0.7590600960600125,0.9609073880590873
0.3689187055756144,0.7512424457263246,0.9383271314572225
0.43508549373944055,0.6750056395668611,0.8735186984882521
0.3117902254052111,0.6772782389173861,0.9457964081052311
0.34868385687414416,0.6483504558481625,0.9323815087354949
0.40567618406359784,0.6143768684218431,0.9224691772382927
0.35756780115356107,0.6506666522952469,1.029379778940947
0.3906665716050535,0.6364469152245619,1.0805335619964493
0.4201643860111142,0.713652949607432,1.2719200059341003
0.5705573851848,1.0242570957809,1.6563240008638853
0.5575099458920718,1.12578328201628,1.7877047247781945
0.6030069415102932,1.0692840626411584,1.6857928305622716
0.6102335039615098,1.0210481781604521,1.6247037380262723
0.5707831640483155,0.8928675164242844,1.4988289453200367
0.37863355848162467,0.3002003043680226,0.9111415324941812
0.28782576643484453,0.05257421317381452,0.7274688692895606
0.31939089791395925,0.08566410133910075,0.7863605962518493
0.32910398551972453,0.21568061618821607,0.9547225303180958
0.3115169901642688,0.2565540526696854,0.9562702933582098
0.3342689729774663,0.2873195559711591,0.8715042470310647
0.32716491618095644,0.39114554282657027,1.0114149057386885
0.44964902247231603,0.4614708315745631,1.0959080286306007
0.35443798920999364,0.5593060638927315,1.272124247599724
0.30381123067712146,0.6254507532484349,1.3827428198381255
0.34883744577372516,0.5891609049916069,1.2806828418270884
0.3983515046421557,0.5579255418810829,1.1829747859624582
0.4354648349876918,0.4844264639636184,1.0643249474031697
0.4495198319085275,0.47156327029544437,1.0258447709030845
0.4101865521917676,0.5069268296347987,1.0745535627613765
0.4104363892340487,0.48901712688077503,1.0929328217373258
0.46485986796057566,0.4715717579343801,1.0482511319968766
0.47590475433714036,0.5009719571560255,1.054965856649535
0.4126772981570145,0.5349535780483984,1.1212389080861347
0.351789803297965,0.5781176192932965,1.1622671054335583
0.2586965094950594,0.6451633260554829,1.2444659059706207
0.24905063862235327,0.6865001305932176,1.255712075668591
0.3280816212186253,0.676864373281088,1.1772499120970388
0.46343352682205313,0.6424292275126958,1.0218216877053672
0.5329681641100892,0.6507029815487735,0.9395321397305733
0.5488929519044771,0.6883673716429465,0.9191608873163081
0.37230241101061934,0.7889310719630872,1.0773368239007253
0.42754014834674103,0.8045667554420958,1.093393587959039
0.3919813898210845,0.838557124996014,1.1626705127186767
0.3395064245174625,0.8831109502370432,1.2570470519956107
0.37227662572600967,0.9102200468770072,1.2582356576202125
0.463736591053825,0.9061021375340781,1.1938238123593536
0.4372243423895618,0.9501933046809646,1.2251450878685013
0.4231909247458728,0.991993219741268,1.2654921589907961
0.5067386495025719,0.9718019114412323,1.2279923482245785
0.4835657199798207,0.9534366844356368,1.3075857985526336
0.4291489165110642,0.9051995157753584,1.3435091868446873
0.29663962252123965,0.7205003989880355,1.2406816298128764
0.2990956019919596,0.3902022177367135,0.9181016280856895
0.2813699671629228,0.23859471175053176,0.7431989119390664
0.3197377404254293,0.42834624294735674,1.005598365124652
0.190348936714094,0.4306105530428323,1.040917834635176
0.19256115655348327,0.03140376559778943,0.6476984305477819
0.2935997084376034,0.5735252215125984,1.2646260777687743
0.4795460206786736,0.9580931168329656,1.6755151663318246
0.5235118584758297,1.0334466517204521,1.7553486053924579
0.43382199709481595,1.1037103414483842,1.8479184131385158
0.4609202273009169,1.1395466578508786,1.8608232410658185
0.5308320426701197,1.0564109005152915,1.736470637875585
0.422458832295337,0.8785949933785075,1.5562126628611064
0.30690346230009613,0.8491599893674633,1.5277812760779834
0.3820669120362849,0.7908330808567523,1.4300417165560695
0.4510660309712631,0.7325060418347367,1.342003400919533
0.4315372022763285,0.6805884826704423,1.2850980094769098
0.36078893894629077,0.6805706738969683,1.3033434022760597
0.31139552655635283,0.7039887729743498,1.3493674593891232
0.3377804341817303,0.7333974144451041,1.3784884980713643
0.35400552220717924,0.7664787922765411,1.414973840407756
0.35272172252677625,0.7958786885746629,1.4410910127626728
0.32650854429407605,0.7931152623646697,1.4422651660779697
0.3076936579052697,0.7687611669347312,1.4126454188548052
0.24932453143057215,0.7820703053140139,1.4499656509132666
0.276351341308979,0.7967789977634793,1.4660281016691208
0.2945243278575838,0.8358330413424786,1.508706435069744
0.3393308244486935,0.8441144442885208,1.5118813526819064
0.3534861280216845,0.8367688428003066,1.5068539927568392
0.3964936319287037,0.7945144980066436,1.4452605102291614
0.4824089624673028,0.7256240015530606,1.3321225765774711
0.41809646073487045,0.736633336695628,1.3609128685958327
0.29164091417224713,0.7834607949111271,1.4499571269882054
0.23820217072662975,0.81836085873571,1.4986687621952675
0.2615757147601054,0.8477612696651112,1.4859809441427845
0.2629020520629832,0.855099027784746,1.4200957069323537
0.2801316044165273,0.8711644607125107,1.3319722980651827
0.2839480531560119,0.8853931330533027,1.2692705041409038
0.3342487201411438,0.9451204330548251,1.282694175243654
0.3622824655094256,1.0273563301411088,1.3481553201882637
0.35332895525287317,1.0673198778932986,1.3848202412324115
0.3405294917149875,1.0875289957300076,1.404074660729791
0.3510321503748659,1.116010901088231,1.4137988860963193
0.38834004781579373,1.1403653855446727,1.414314878203801
0.4254762141053492,1.1380746511421673,1.3845356895307972
0.3765031262867324,1.1279566859932828,1.3922304894174822
0.37404127697605544,1.0843199485795116,1.3821556437450997
0.33769592239783647,1.0273476506602428,1.340300832792715
0.32319716003949095,0.9814028216269347,1.2847378087227064
0.3165398364435583,0.9515395568364337,1.2489222288354689
0.291881872401068,0.9304032536205952,1.2442253647057038
0.29646941335416355,0.919839538437274,1.2385282410197862
0.3233466916360307,0.9579755262568369,1.2696642502491735
0.33762388113832364,0.9850842383407117,1.2999566015213337
0.33291445485913307,0.961193639733887,1.2703340135727916
0.3217692766336484,0.9262758937221085,1.2301665194093248
0.4073141212386461,0.8831123649279198,1.1503333272821803
0.3835412109791774,0.8950489512504117,1.1597154430833188
0.40543764751631084,0.8982673257503158,1.1409827002048003
0.38716621143146623,0.9171030529100466,1.1953571265880194
0.40008693906202475,0.9102124606060106,1.1679205648437827
0.41910119930433226,0.9033301627906376,1.1774422352681888
0.47819157513247235,0.8730377349805124,1.2021511922105461
0.4888437641824766,0.8780923454047523,1.1968018599780061
0.4166399717793586,0.8808292176686392,1.210869233134535
0.42300306153432116,0.8284571643875603,1.1375680539781459
0.4880066964962369,0.773802990493076,1.0471927946125257
0.4869714944073056,0.7430216064319424,1.0046855159945978
0.5039873929376771,0.7168399523777194,0.9695368595800651
0.4777243712416016,0.7218856244790541,0.9757355320950516
0.5317551674448034,0.6800947121250805,0.9189898325336132
0.5393029896788232,0.6350767479711517,0.8731223743960832
0.4890953283306017,0.625413791134217,0.8584079707146698
0.42468313967141874,0.6520413228994402,0.8972473011324105
0.3151438095380721,0.6883053219389158,0.9611919380117732
0.30414271141878524,0.7379144014384272,1.0017129081399971
0.4091659308287196,0.7333417421897178,0.9403077549983146
0.42420566664970666,0.7379332420913894,0.9058575213414499
0.4021590724060301,0.7370063807009228,0.8961619624046846
0.4394730405104234,0.6745425290442926,0.8444177970639278
0.3724494645594249,0.680960625307798,0.8882558349683995
0.36404485247793433,0.6561598760766114,0.9131529094770995
0.40767392605012903,0.6125404358580775,0.9236376491028344
0.4327318754408101,0.6134755308426953,0.9751420708955734
0.4507626362337757,0.6314101170627082,1.0676375084255532
0.5191457589116235,0.7646702657107907,1.299037688276515
0.6537063525831855,1.0665385774604002,1.6590203506908978
0.6407862446780318,1.0945649585670518,1.7299587674095318
0.6428830538659088,1.0559745405780148,1.6775763459002972
0.6344987836710542,1.0178389386228828,1.6173365936467443
0.5614147746787144,0.8584130097019228,1.4780611051976602
0.36662552728529074,0.28228217835848746,0.9022638066847214
0.24020852317538524,0.055319762737997095,0.7493907254693173
0.2083738419546745,0.07461024503736614,0.800758433364166
0.28224990830436403,0.21704474237281102,0.9554036565432247
0.3565444350603707,0.26253578550700135,0.9412140322916803
0.2815435557318142,0.3286472934191401,0.9039996688597957
0.24706922303305948,0.36447415992024806,0.9672574980632745
0.4380816580864683,0.3966817842534314,0.963564228519249
0.45642699375315515,0.4835168318958076,1.080039608891807
0.33273362395217354,0.569398051929643,1.2360153557135272
0.3224525381483477,0.5597522635208526,1.251561803144847
0.3800572370864182,0.5055529281427835,1.1484785492747955
0.3693257009360007,0.5027816581280968,1.0787401045801301
0.39928390637407757,0.49864613316196665,1.0180217810435703
0.47807297146230404,0.48350911685796255,0.999425763498611
0.49696598480333687,0.46330828729529133,1.0171295637087598
0.5170357869609129,0.4738725173279494,0.9840216974245095
0.5121774648202365,0.4945450478475507,1.0129745691136427
0.4710673769449706,0.5294453748753133,1.042283720922271
0.33834782230569754,0.591890895713251,1.1510782546036868
0.27499178563587656,0.6571007476180334,1.1907899102828814
0.27772504438002715,0.711764501925209,1.221110924486948
0.31655927868388245,0.7333561421303758,1.1791454432819606
0.5295155127758824,0.6764298839525154,0.9776875031978074
0.5227302368605568,0.6989306359242411,0.9588123764063124
0.45520761620171213,0.7623039230094968,1.0093937443375693
0.3646542821244444,0.8284314439370563,1.0897514654632372
0.4355244217324728,0.8629035697715316,1.1068257908570283
0.3775984482083638,0.9138849394329964,1.194687363264401
0.36544150152165317,0.9405298989045169,1.244385053526264
0.4680250609721507,0.9423930159256937,1.218273811304519
0.47485349544176975,0.977765706738226,1.2408827273404333
0.4809181441418854,0.9933840321277302,1.2412305183565784
0.5251319694564198,0.9874204943644335,1.208937644474256
0.495173764018343,0.9915560193305636,1.269655968010816
0.475675058685851,0.9663000068706593,1.3363647276694848
0.3983475782030706,0.8918640157280138,1.306878608434273
0.2911159514043628,0.6635287514452091,1.150320558198521
0.3169454695815472,0.3626309745810882,0.815052762164652
0.2884913972291165,0.31393114259329846,0.787920876195349
0.3726275824292722,0.4582104730531071,0.9686545887631706
0.1692919215804034,0.31804847248540946,0.895988334680761
0.1792477463995996,0.0139488144942469,0.6630709824710295
0.37070685551514077,0.6713966733110422,1.355845234154932
0.49041978258473035,0.9819838442066388,1.6954365068971327
0.5516729352316859,1.0421827436780076,1.7603674431413923
0.46062785142974716,1.12071870662326,1.8822120478198472
0.46227606944724664,1.1524101734361736,1.8750502991078184
0.5124104585300433,1.0775381372955475,1.762416755447807
0.41456755127596273,0.8703225270109145,1.5414897370035603
0.28431466479427997,0.8473148760144894,1.5210952579235837
0.3743473604095879,0.8092058297499203,1.4456139826960615
0.45799415236763275,0.7522605360246133,1.354563278556068
0.4468988176055234,0.7095336917015068,1.3093712651929115
0.39787588873635915,0.7072248239917222,1.3220905825303575
0.3230829176952884,0.7398247674597233,1.3865254057745107
0.329740242497635,0.7696880318141102,1.422340984787284
0.39525905598627126,0.7949695071908216,1.4228513084099914
0.3736556171060111,0.8317148762103089,1.4636970880732096
0.3898578864035039,0.7935879550443856,1.4113118258385975
0.32904787946865344,0.7710612894718832,1.396922235190035
0.3384439132990785,0.7476341876881722,1.3672968065161155
0.27987603510911246,0.8133155072431542,1.4682169685988036
0.2543275718253281,0.8670604331898029,1.5452031429310384
0.33560675679505886,0.8588143280541575,1.5297905625509816
0.35575528632764347,0.8459594288746464,1.5282686182195395
0.4015741614540727,0.8138139186289179,1.485080213376483
0.48112516278689993,0.7550238978511822,1.3582397489323879
0.38216597923763074,0.7540790954314808,1.3764908231822934
0.26927306979707877,0.7793160097049705,1.4250399266572573
0.22261898254138235,0.770579532755212,1.4491248336814175
0.2155413298500764,0.7742523338264046,1.4516385142997992
0.23777998456626664,0.7884895574263568,1.406492456247383
0.24960898585603414,0.8243092274464153,1.3503314206576793
0.27593612565814507,0.8849379307188519,1.3062315770349247
0.31267292330887964,0.923984194440468,1.2731466878595044
0.33491219684566426,0.9593572071701214,1.2715024854373334
0.3495820688712824,1.010811462661575,1.313858846530483
0.33939460300090907,1.0723658081825014,1.3716164202926262
0.344275140404464,1.1017658369546857,1.3880323342658727
0.36557951971088637,1.1118750573670515,1.3773336689263278
0.41087776482025307,1.1077480187315147,1.3390217038601675
0.36947469823820744,1.1026845996234462,1.346217795205929
0.3528575462084242,1.0663934676231606,1.3411702988974092
0.3403571435017159,1.039747991339545,1.3302776131020078
0.35142966280258164,1.0112665397183345,1.2865990095840278
0.30231310892363134,0.9377575356799607,1.2571072142124802
0.2903549211906727,0.9120303113590975,1.243204969203331
0.29629830368689103,0.9143301119791286,1.2517349039966452
0.304681954156341,0.9313299251316446,1.2684728012758015
0.31950135777849886,0.9593568852530003,1.2957556038954183
0.3356039425620688,0.9368481598375047,1.253419378311257
0.30041505386385076,0.9239757716210705,1.2458897039485592
0.3110672441202689,0.9290303816091965,1.2405403708415548
0.3516560617440311,0.9010127448029491,1.1726058187013166
0.36788053210437394,0.9129583373209277,1.1655892946276425
0.4123448073006398,0.9102208838615221,1.1951775496291919
0.4105175573162751,0.8964309575699744,1.1373005483777252
0.41254480087954565,0.9001202794188263,1.2185813278048307
0.4902992932555569,0.8753376643673919,1.200979879620627
0.41101784906594335,0.8817473373753857,1.2175609327396897
0.3478396117981324,0.8867840728982713,1.2353076135000594
0.3661393148345626,0.8312025208014704,1.1740417812327535
0.4218964463561791,0.7765481537567132,1.0982183929419842
0.43918376120597846,0.7613935183405955,1.0833158901256106
0.4572840855632519,0.7370483612335622,1.0421481381549191
0.47392888084744506,0.7154578851638896,0.996802366541607
0.5637400180836674,0.6585127167165185,0.8960504080226659
0.4957526531329483,0.655277055488604,0.8942235497274431
0.4374327576347048,0.6396413041372588,0.8830174023650327
0.3604703152144256,0.6474324649082644,0.9159885617471063
0.36540069462426406,0.6690233916619067,0.9273799675190998
0.43622038069482383,0.6901688235161817,0.9059769501424697
0.33360917401814544,0.7461873202346908,0.9824814532226988
0.39836358201187355,0.7305786413857583,0.91722879685124
0.45754572040687297,0.708078980443332,0.8536433138895327
0.42625263237420846,0.7071519224136802,0.8584996190319049
0.35621831135029897,0.7346975773745624,0.9040306560505136
0.4003895957756459,0.6919963821404661,0.9115058593338378
0.4066615426891539,0.6529673507943045,0.9700009750559101
0.3230934781061176,0.6864935153074424,1.0926376011487122
0.38797770604035026,0.681928183051332,1.140950050483453
0.5772656608309612,0.7904066215048317,1.2868400574632866
0.698412556999107,1.0693023829931136,1.6287424412344722
0.6535857061046929,1.0743558414935426,1.7107043494424647
0.6240189437391319,1.0605653322620199,1.6964829728512196
0.6028844358555865,1.0136939602664539,1.6069712643906469
0.5616855712727374,0.8483042395374124,1.454805403821422
0.39121206677763815,0.2822908591476959,0.9101182967036626
0.2780364303556896,0.030519982747331205,0.7015284331680939
0.2912291940310807,0.05579219788401616,0.737839879996413
0.3334915322907073,0.2152175056656476,0.9256216288937716
0.3488458429854157,0.2887094669896824,0.9151513380794849
0.2976388334680699,0.3506853211688426,0.8269198984942743
0.25468178309851935,0.40626635994270605,0.9269907237923732
0.43521375849460125,0.46006458911241066,0.9589419784784261
0.44058791814518483,0.5404635839573617,1.0643766318847228
0.2577333498720549,0.6566453538777662,1.2423028577496098
0.2527537467242458,0.6639993142380676,1.279437826151703
0.3277959302565372,0.5923538809578834,1.1898804104069587
0.3810838950900536,0.5386094868916556,1.0692385714136408
0.417035326487724,0.5289646642342286,1.0120256634707059
0.39060119512437597,0.5285009098774179,1.0314309989625516
0.518783691905163,0.48994578751820733,0.9668109103131018
0.5321967889857973,0.491782541999094,0.9413893199904753
0.4974012016561634,0.524391537052164,0.9894255688554077
0.5175713297685174,0.5404733522869569,0.9897705051547483
0.4800141998796135,0.5551643690909376,1.0143771100711605
0.28421002418488894,0.6938467691945336,1.183129433656449
0.37081164774313685,0.7104013467258354,1.1476704165183707
0.3723103353705106,0.7655201084727329,1.1555822254054107
0.47274538781919734,0.7503753736419713,1.056372355471542
0.5232946487765591,0.7499213945925807,1.0011715782248398
0.4916028130368924,0.8114671230535521,1.0462240369647282
0.35138464542460324,0.8899857261648438,1.1523596651031576
0.462672507113559,0.8909307878629429,1.1147060811532592
0.38292150737617037,0.9598214148278307,1.2181427709195718
0.4054106207205931,0.977284719569847,1.2348778354111625
0.40466903601393966,1.007602867830721,1.2579854485523314
0.5238475521109107,0.9956846053490966,1.191552950419107
0.44495941017002705,1.0475756105672847,1.263699868333556
0.5223926427632353,1.0195750751890729,1.230876785750883
0.5528295606738336,0.971819208636225,1.248551951954078
0.511726177010272,0.9410369875905765,1.269102781327171
0.36325776032544,0.842237640777966,1.2457980380744063
0.3013237404882172,0.5886395049755244,1.0074261233572799
0.3311217368268775,0.3630863126607017,0.7683904190160601
0.3097675152634937,0.3607861901235497,0.7841136026808302
0.4386369103123673,0.4288119357852085,0.8406742960129594
0.2196736614022445,0.1407235556853831,0.6277266065670056
0.16824665310596842,0.06355789224930207,0.7035919491013967
0.429762892322064,0.7646683985914882,1.4397057753334077
0.49936722524477795,1.0288386272248788,1.7110317510204194
0.5862691442084313,1.040810194237901,1.7324293321308541
0.503586141250107,1.1074092454546278,1.8691449324705425
0.47372030845298296,1.1404733295799847,1.885070678073148
0.49884783105928315,1.0991286777486442,1.8029119033695022
0.3857429954027583,0.8473496618102907,1.5476625908098747
0.27825001609416433,0.831696550624985,1.5207474669074388
0.3875893478229495,0.8055331577726617,1.4333990553502942
0.4563176701639046,0.7573148889151564,1.3686164410899955
0.4408563679079592,0.7439878765067475,1.3543922237733728
0.40253547155217445,0.7389245209098748,1.356737689678589
0.35033067829151526,0.7522337889282341,1.3843566761027448
0.34786276585745984,0.7954153849018217,1.4265419824131995
0.3999180190766819,0.8055334153063585,1.413996560583826
0.3813967480098549,0.84227884870927,1.4499917165554272
0.4279787988316941,0.8087519115950415,1.3855625747620288
0.35814323193588093,0.7839253845079964,1.3674936800074824
0.33323605238613513,0.8018345721946264,1.387919410564469
0.3017442053997186,0.8532796979573581,1.4563756509778534
0.29932613642903844,0.8886521956196177,1.4935364380886182
0.3096576854216443,0.9116246745196959,1.5164673264320057
0.36829760607753714,0.8882067668481309,1.4558913947462346
0.42760038129971795,0.8578898453614745,1.3406219200286742
0.5422110812683302,0.8220646598077107,1.1512478519718166
0.38127935730770496,0.8413116128831017,1.1730443641509065
0.2917384090042401,0.8670122180022061,1.2070387575745707
0.2681013742176418,0.8031738245082308,1.2777258226591162
0.2342257871290952,0.7664272900449073,1.3241912931908053
0.2283820915596274,0.7485092928022206,1.3056123199981116
0.2384638076305495,0.7893914814346368,1.3101639264942124
0.2721406352639885,0.8785101914036874,1.32729841148148
0.3000734542547103,0.9340927075073956,1.3158048848766746
0.30808538295899107,0.9345479094057322,1.2788438111081897
0.31927978492244624,0.9405207683035671,1.2704849310975699
0.3091920059788235,0.986456917201838,1.318193466460334
0.32245619209313314,1.0328567555283525,1.351347288929789
0.3406285598211437,1.0507750099776505,1.3505237667001668
0.3540915036318658,1.0448026692002526,1.3200776448677178
0.3607980521721829,1.0457210464406959,1.3073668497064044
0.356089245618397,1.042966236636487,1.3212461167322593
0.3716003916902469,1.0484841463721826,1.3304458245359327
0.35939298628788263,1.0618024179693446,1.3416661658384907
0.30739301872359565,0.9359211674996192,1.2534250623854049
0.288456866130892,0.8982485473002075,1.2319874589394098
0.28359852828216986,0.9189210327570677,1.2609402842201816
0.29873857166012263,0.9290301245116136,1.259942866482487
0.30707237866619724,0.9538390359754575,1.2817052829613327
0.31592620078958533,0.9294936852820375,1.2550894011910283
0.30749270685676017,0.9203029704408494,1.2433760231115616
0.34181812165231035,0.9290391902930252,1.2386936117283334
0.3874370080254893,0.9069942827455362,1.1721014252117814
0.3466980378733688,0.9373034265553796,1.2116076817256192
0.33695978470839855,0.9497116754227998,1.2676464363532574
0.39759682762541787,0.9033215463848533,1.1647371215576308
0.43079527535234957,0.873483616180425,1.205841873209468
0.5159696388494015,0.8560470533011745,1.1593134191090124
0.479917281074171,0.8390384949760258,1.139571655502532
0.47969570821811847,0.8202023780265926,1.1143009827046835
0.502162000069228,0.7664573890048619,1.0421654346874585
0.39844416650279757,0.7705668750922793,1.0793202951629084
0.410281088031859,0.7829755746436691,1.1014046839492273
0.4690705439035333,0.7361303702936642,1.0257551911665308
0.5306208981545263,0.6860673134892186,0.9300334472894614
0.5919004751141188,0.6461130198714582,0.8575673907972032
0.5355284588364086,0.6364499412455003,0.852554248490451
0.4989338881477272,0.6185231344467568,0.8358220326620499
0.4422412511152412,0.6267779173188119,0.8590890969397985
0.359629041520723,0.6933688063026368,0.949145224723323
0.39942704622673475,0.7246142022542779,0.9528446730829374
0.37565413802756475,0.7365507920659269,0.9622267774484072
0.39750072904102424,0.7475782613880017,0.9485185652052471
0.44452530584956385,0.7305877693700238,0.8911289140331488
0.425068519620556,0.720933622089146,0.8745677529874427
0.3211014639115936,0.7640886014776592,0.9368452129591971
0.3360488222659723,0.7397515439645602,0.9471875607341432
0.40981575296851375,0.6952308270611456,1.0054945817612102
0.3226233076585934,0.7278386787172643,1.1359913793237086
0.3937715581464427,0.7076552786053465,1.1645535428758362
0.5363327671092676,0.743998038114713,1.2506823688851234
0.6810310006808294,0.9921210963310698,1.557931964057322
0.6275941007280453,1.0904285322329828,1.7371491755556099
0.5199804797666143,1.082592683336363,1.7619180469068836
0.5685590234728641,1.0049577395420497,1.6116536740249465
0.5814131540957683,0.8478496166537797,1.44811086349089
0.36711851646077115,0.31214531394602607,0.9477806330807287
0.21956700446732025,0.03831152632996956,0.705395843404752
0.38604338027009066,0.08383717957123335,0.7323254361528841
0.4279844513452965,0.24004454433117384,0.9048855271196687
0.3256367249165447,0.3305010231778982,0.9233908007247533
0.24572703992458253,0.4039583361957506,0.8766519102674613
0.23023871293321801,0.4696487210960301,0.9563228167215317
0.4248256811295383,0.5105837496192461,0.9497939177788368
0.3969810532268529,0.634155530881728,1.0992606348598812
0.2372076524109703,0.7609097692266859,1.2858878300528331
0.26287800162405667,0.7416191568521262,1.244221366917826
0.3991000655378787,0.64563763006575,1.0922469400759163
0.3606074397894167,0.6139290592081164,1.0642972139835944
0.3955747520123405,0.6079653317834594,1.0465562181718362
0.3028303672787175,0.6203473486218943,1.093583380813215
0.440901257688694,0.567092474752808,1.0013528419071696
0.4960164649155624,0.5271380139561975,0.9385879997253628
0.5069400850882299,0.5432196884083696,0.9534848681551908
0.5147316791808536,0.5671103513986187,0.9782568324121159
0.41648706319383133,0.614864791048662,1.0672954217315005
0.31172920592619924,0.7172828075566936,1.2012068540849852
0.40718527495248175,0.730627821888849,1.1826338075276066
0.5039467132850025,0.7435096648039243,1.1398104902332344
0.5194295948180947,0.7857733986044623,1.1559016021720665
0.5034476589258451,0.8004648591145874,1.1465538272557327
0.47444530847628635,0.8376651085514043,1.174691652483015
0.33913594099668887,0.9088379170242094,1.2903517917712282
0.417996433651093,0.9148285220565502,1.2685981461509321
0.4065029709073862,0.9557102530266824,1.3071041413596893
0.42985493445730116,0.956173943000069,1.2925494295594608
0.45419163690736747,0.9740923265433009,1.2820246606024526
0.517912091914285,0.9699738377495539,1.2612684285661466
0.4359417821599682,1.0218647785843178,1.3382659701722124
0.4557690519097497,1.0057919590780293,1.321522391442301
0.5110344337066953,0.9635460340509653,1.287185886704319
0.47740076462754977,0.9323007668661727,1.2737851909614706
0.3443209880073317,0.7834292317759385,1.1808585796540143
0.22305406475982978,0.5334864725002192,0.9341419920510129
0.2876206240189732,0.3543417330642106,0.7409652201733334
0.32233933865042536,0.40855928599880875,0.7918486753344203
0.33809908196121774,0.3538959197366347,0.7324239224785085
0.09630511321157756,0.058461169036417106,0.5726563644026049
0.1563833169155813,0.15130238229812887,0.8189045460558816
0.46924087669608205,0.8349674518215832,1.515187299243347
0.4869604366901305,1.0733932911948791,1.7423501858041892
0.6183253982851946,1.0403558288879655,1.7063322970338541
0.6311260991626653,1.0624182894196876,1.774081589015581
0.5929769321995579,1.084000149083576,1.806722246918335
0.5596854824549574,1.063773734815074,1.7669082252217685
0.4119844474729984,0.8133672648279147,1.5395970166769655
0.30601779060129064,0.7949513103723461,1.4702004398609867
0.4016862638472693,0.8082718292835142,1.311648958145834
0.47627986103483894,0.8069082790608245,1.2673122117004385
0.44629277580572607,0.8266538419061102,1.2914200712131634
0.4121883069023403,0.8156179528174363,1.2778713056666278
0.3742378940673292,0.7848276304333976,1.2469120317962266
0.3850119690466355,0.8243365544297264,1.2768824107609138
0.44037097258665453,0.8532907626782084,1.2847570310420582
0.39649998633206995,0.8914089421604116,1.3341384339450597
0.47161359743053904,0.8408911302165722,1.2414233901249785
0.39546416451773386,0.8394917692966624,1.2481293003527345
0.30247056488006235,0.8909192768195084,1.3202790572436327
0.30740094428990083,0.9125102035731508,1.331670463015626
0.33270080877579955,0.9189465584218712,1.3233087405307005
0.2969420621000997,0.9630375304559721,1.3691818831796103
0.421299554595174,0.9125289145867918,1.2455163402827665
0.5051888789610134,0.8822206704004313,1.138101348588434
0.5304881213086796,0.8675212373187643,1.0862377728780395
0.46686674315441923,0.8348857371983271,1.0534431045448558
0.3153821331730467,0.8651680730175245,1.1275933708613193
0.28735024250785257,0.8463395397221588,1.1926378040244978
0.26883565635010737,0.8174024320294845,1.2198746515519903
0.25906789834168525,0.8242849234312442,1.195801110927197
0.262692898190767,0.8463390253089361,1.23144279486913
0.2835055283757255,0.8688566875209378,1.26223101264514
0.295735132428112,0.9056109304799063,1.296379411252448
0.28552546755518726,0.9170927658060881,1.3087682354179846
0.2814579417194051,0.8785022188321455,1.266087060854752
0.27174064689976296,0.8987114007251931,1.2804908560046664
0.2928961146366538,0.9533837052012438,1.3283676038944354
0.31523569573040405,0.9942743097837717,1.3601762173914347
0.32398983092704164,0.9855471557130074,1.3436093740205093
0.3310176392501618,0.9896834532802283,1.3461202132576653
0.3452948287524548,1.0167921653641032,1.3764125645298255
0.3708661095577814,1.0342555388509291,1.3882969956430586
0.44518890532567224,1.0430007605372063,1.3672159540717586
0.31170976368587516,0.9354662222627514,1.2709836396384933
0.284290272490557,0.8964119859695934,1.2428571781871856
0.2772126197992511,0.9000847870407861,1.2453708588055672
0.3041895859126792,0.9226025779106076,1.2664578289797273
0.302784518821965,0.9386839498753703,1.300757145986278
0.31158849748197776,0.9221476974932781,1.2791657834156631
0.32256132900220824,0.9092844385694516,1.2455362288582663
0.357329267371631,0.9345571043901061,1.2478933098452667
0.46780287804200466,0.9024211066847322,1.1495012765365602
0.48743015627317904,0.8964488951102968,1.1093539081953412
0.42408142217754596,0.9171119912329517,1.1838091218404927
0.4830210281647508,0.867975280751579,1.1365879264331247
0.5175248548492323,0.8376741756411581,1.1534424003522543
0.5455856249529332,0.8408926754187536,1.1250084215261706
0.5205067160105101,0.8321566478446223,1.1151389600856192
0.4587840126414351,0.8344387005856911,1.1370636569907535
0.5136776618154862,0.7756481682294742,1.0490281890753081
0.5437139749031669,0.7269577252485594,0.9763939325171596
0.5374997958129254,0.7347666947930387,0.9911196991000831
0.4403174107708509,0.7342851281738417,1.0287704203953651
0.45706189298179467,0.6970764554815133,0.9733756103826737
0.5183414506387646,0.657122168841578,0.9009095678818426
0.5262819553961093,0.6364497480952277,0.8671061195653019
0.5644305219364347,0.5937320926508984,0.7909635926967237
0.4423631370445432,0.6612322308909011,0.8944088081370262
0.3308981073905921,0.741596074377559,0.9975292035487641
0.3523742169435765,0.7783505139759572,1.0171257196455528
0.4290652430444279,0.7595323345668463,0.9639084066653203
0.45971581151148616,0.7540235519429432,0.9286088327260096
0.42950714930572353,0.7549329908604813,0.927446042312223
0.4334521700900059,0.7379334352416621,0.8913056502665988
0.3148374413579769,0.7797066693334667,0.9565954987418102
0.3390811466160301,0.7475607066593123,0.9473614562422156
0.34103758716418336,0.7512581942299786,1.0753017152211983
0.34208009388760124,0.737492825998142,1.1525525403694146
0.47145461401002337,0.6617450369837092,1.1501097491361634
0.5429456939065113,0.6737162820796104,1.1957604487046833
0.6096180091313227,0.935594940198209,1.5003653454586405
0.641649097648881,1.0775653385648087,1.6986689990555246
0.5528780075370804,1.036201976592055,1.702664348833667
0.49736886353284204,1.0095392709860287,1.6663614241814804
0.48980366802913855,0.8753948174417798,1.5275962593551038
0.323690685569603,0.3879357238381832,1.0477033745837132
0.2629173474342893,0.0282118232552129,0.6608908898977531
0.32759675380705483,0.16283702912905726,0.8250634649519732
0.3848273977455288,0.3057261910366457,0.9815525812378423
0.39113457885343905,0.34798156596509644,0.9655360846996484
0.25864900288535325,0.4393393145186317,0.9362190813433557
0.23987789889684238,0.49399445765388134,0.9538349554676703
0.40008961536766235,0.5340023707423357,0.957012962487627
0.3941420416672164,0.6819283118181804,1.131248803100219
0.2899270080921871,0.8064003603685644,1.3056525690192151
0.3099752309726164,0.7880278690090934,1.2706778081127552
0.3813425802405552,0.7021374288916897,1.150503221067286
0.30864641838736145,0.6961469543706537,1.1625556228022051
0.3549576629638663,0.6727287909098479,1.1213821893807587
0.36748571772241106,0.6414926517093207,1.081881610819819
0.3994207055952771,0.6277197615899116,1.0639667194999884
0.4508617034351215,0.5946561316374367,1.014086615051777
0.43756987255838453,0.6061379019260232,1.0313260615972342
0.4447694102741821,0.6369194147540052,1.0641320928319282
0.3354516529968879,0.6920195307429139,1.1533474025091395
0.26716647878086575,0.7779100326270574,1.2686713606162061
0.31835888144206637,0.8050276821616095,1.2874157053919113
0.5188159591641217,0.7637275270500663,1.162068774527626
0.534620100480017,0.8092091811773817,1.1933815208649274
0.5376025813666996,0.8248274421834617,1.1985799355726894
0.5174042083707396,0.8454914396743005,1.205126399103821
0.3685315985206331,0.9171189980531305,1.3177798278414754
0.40729502086311825,0.9387187987462537,1.3224738525575592
0.4948598088700264,0.9437913467108159,1.2891778801426348
0.4132599826364833,0.9699553207584138,1.3328706819730833
0.5026009397738701,0.9543553192097771,1.2754725086248522
0.5403796232162039,0.9585004263330548,1.2761365904977158
0.4320250255619144,1.0021185144996803,1.3675149483959372
0.4105212736084048,1.0232456868965116,1.3983116896597763
0.5259036795858145,0.983763896297107,1.3094441709987106
0.4821594146447109,0.9272464783590537,1.254881404735926
0.3031166779662102,0.7259936297477144,1.124454737477692
0.25264785668646567,0.46825958267859746,0.8544682413737079
0.31777882303595584,0.3401056036553846,0.7036506748124125
0.3488448927542955,0.43015066343642056,0.7692857152650948
0.2920628399861989,0.21697961672688118,0.5675759261820197
0.08548057134268248,0.005625543201343612,0.5042086378971578
0.19669713692664728,0.2836192355295823,0.9569914489146119
0.5008275800507259,0.896994038684085,1.5759458972957405
0.5274495746256256,1.060993848394603,1.6844646668165453
0.6224421484621543,1.0500014885299072,1.700487096985768
0.7108993027282611,1.0436001709050884,1.716013645348018
0.7081882381610064,1.0390089285371136,1.7310613842384146
0.6329514920311146,1.012800852792545,1.7014530139081878
0.5369130277450525,0.7481668698023437,1.4495323737130215
0.5059104564073437,0.7026603965924633,1.302494307178174
0.5177531126143666,0.7908277514950054,1.1699547647059942
0.49276782541501696,0.8532918571964201,1.2022964282845694
0.4565167135116902,0.8886554809191987,1.2461545964512444
0.4568871970324639,0.8629285141320325,1.212849856675627
0.4125508660632227,0.8133019495206247,1.166321164386325
0.37181190073675785,0.8436110915860117,1.2058274174023063
0.46667591338621406,0.8638469557559002,1.1952884378226964
0.3785911114684064,0.9079286695124875,1.2769627076123071
0.477156373043541,0.8422563509193789,1.1596439135926184
0.3971117628098288,0.8500474473069604,1.197465696666309
0.2988173002415451,0.9056109948633305,1.2915287875608312
0.3062876345513657,0.9262837375268022,1.3010791174192868
0.30174993645843845,0.9290383546168525,1.3017517223427468
0.3239177884611149,0.9432837438295907,1.303265143623592
0.41589838501240656,0.9111473624403558,1.2339768577113728
0.5137934825611111,0.8969208116997648,1.1366080636910412
0.5420037830549379,0.8767120165433766,1.0931005272658891
0.5198851559966459,0.8335217397805806,1.0430607309364932
0.3386128284587658,0.8523132347322806,1.1212208142739288
0.2725524181628415,0.847249300992932,1.1672218960270904
0.25510129828025613,0.8123477576579343,1.2300746083506118
0.2675013922745104,0.8334756382724323,1.2075144890066638
0.2840693193599092,0.8987116578227758,1.2610883603637344
0.2995306228222686,0.9120386697950708,1.2753125768058926
0.30520258899905905,0.9033114517769965,1.2635963580010483
0.2968189385296091,0.8863116386244805,1.2468584607218922
0.2857236037674998,0.843584794301374,1.2016664473587357
0.2692499163409583,0.8706846974833632,1.2338055573068853
0.28424104784777604,0.9253568734106226,1.2913835530171205
0.2976049214920432,0.9561385148964244,1.3144883366499645
0.2989607633367694,0.9690020305907482,1.3287153949105805
0.30399082997496196,0.9749747606127062,1.3300577620645788
0.32253430064754746,0.9883018371864821,1.3394313552523522
0.37730124177867064,1.024146897453267,1.3553400468835866
0.395252655471223,1.0443648240828332,1.372747707486361
0.311438967091852,0.9455749924272616,1.2942393410147317
0.3017493179394476,0.9079025653781228,1.2582498664938857
0.2896914420733245,0.8977935381160294,1.2543966607585797
0.35854164913716763,0.8840295832667272,1.2249337585699727
0.3074717473050181,0.9125020378513361,1.285010983463749
0.31119643468405744,0.9189379428883153,1.3106036285690705
0.321377213835728,0.9230661391171457,1.2616043645627326
0.32889739160892395,0.9359297834692895,1.2661301752214986
0.4431671051603754,0.93135731649838,1.190173167687419
0.518081344465642,0.9120759012890094,1.1175561892304275
0.4773706412651071,0.9056392201617823,1.1501710398601785
0.5030698707705848,0.8707385781947238,1.1451150205010616
0.5356257989319104,0.8344648073367406,1.1557765033559602
0.5084494610762056,0.8431834089490308,1.1547876084502464
0.531037638856617,0.823892733499389,1.1179717716302486
0.44137543158773845,0.8362748112323356,1.160148303584297
0.40623638032082604,0.8155933268851441,1.1475941143942303
0.4789097234460635,0.7503755024088197,1.046671108088308
0.5258130243993946,0.720066489110281,0.9974636076890927
0.45516445764741864,0.7044304802252388,1.00565995509315
0.3996559333685851,0.6989035634218284,1.0128588854153608
0.42678180803550997,0.6768582713182503,0.9753704445463673
0.45698985051586793,0.6548130435980964,0.9330313799857566
0.5594010753252504,0.6088951513225277,0.8331230802985065
0.44480402474317954,0.6970680322260019,0.9461186255972647
0.34404102760260796,0.7746773878255719,1.0388651695767728
0.31526024724374474,0.8307137594454355,1.0922736596640916
0.4159451319090569,0.7976593236051064,1.011443052204029
0.41286234437021907,0.7765234704190664,0.9727918209212487
0.4256113522594117,0.7429876593653568,0.9150600601837604
0.4094582970485782,0.752169696906249,0.9189189552399994
0.2878112512049748,0.7861337656866171,0.984034902960353
0.41518011634005525,0.7356333770879343,0.9021782102397521
0.3599016972909603,0.7466674025459735,1.0563950882702762
0.39808768217690355,0.686064545001977,1.1386102660289918
0.5048740148676029,0.6296074349260984,1.1729833186114516
0.5552528051857195,0.6447798112433533,1.1744910453245787
0.6311710041254255,0.8855228737096086,1.4210422160292877
0.6854197869026216,1.0339295634137329,1.6158347725817919
0.6767431408365971,0.9769660102309824,1.5769838270822671
0.591497344947712,0.9732749535183445,1.626669912755916
0.5281744078482985,0.8726490747273246,1.5202262742501982
0.36669398346915927,0.49590707535056894,1.1688756203977326
0.22005937391739594,0.04703887311489242,0.7074108148263623
0.28888317492794496,0.13342813012460608,0.8153449210362
0.3523508166846166,0.33971662148507553,1.0459788753101493
0.40450031137231685,0.4421705739677739,1.1191464334742995
0.34453854813934276,0.4917377929789685,1.0039799814111532
0.31388004978167916,0.520657549560453,0.9610341379701548
0.3963877615198146,0.5987748100925439,1.0202909690175186
0.35423889492487043,0.774255234678925,1.2333604185285998
0.31855280983729506,0.8817454076171153,1.3630796469860562
0.3230905067238084,0.8789907909631789,1.3624070429370603
0.3906340917600507,0.82341843472298,1.270190711155759
0.3425737027884863,0.7884917503882962,1.241571221739819
0.33791411997267096,0.7567920534701436,1.2069241145915874
0.33438880644713276,0.7191197551878529,1.1612333926875074
0.4780818195705245,0.6649467616120203,1.0623111541763073
0.4888835390106546,0.6465740771022765,1.0418882643446983
0.4139908906941447,0.6947922137040209,1.116372118992517
0.29591899460097126,0.758619485072036,1.2221542746640461
0.340996287786104,0.7567921178535677,1.2020734908999704
0.30955428426306275,0.8004281453049717,1.265505212113665
0.3410191065140602,0.8280004168509283,1.290944095470974
0.5023422735472012,0.7908274295778843,1.194207883164079
0.564407815976226,0.8207000185557218,1.1893717152796237
0.568696295545863,0.856990893458425,1.2138217072290756
0.5290915995096752,0.881327434159674,1.2422843454892085
0.3457938855244401,0.959836970181212,1.3696692257583987
0.4006598950633231,0.9589280445866115,1.3320270231413927
0.40748832953294223,0.9943007353991438,1.3546359391773068
0.3986843520793434,1.010836987345122,1.3762273008734576
0.4404080563059596,0.9979825388495803,1.3407509907006967
0.5088871613300383,0.9888097615487145,1.3010909724388457
0.4593940523620385,1.0278460607376643,1.3571640749470018
0.38871783632358314,1.070091662103151,1.4157536946452125
0.48999477736572156,1.030146376425089,1.3268890202073806
0.4676816118381074,0.8891025819152591,1.1576834203137296
0.25293602172451696,0.6373132319567212,1.015845166459233
0.29439983475062176,0.41865931099068654,0.8121005103833343
0.34865158408447144,0.3745687267835304,0.7371236286453472
0.3717537105921053,0.39294211951094055,0.7041896578691693
0.22186223727757814,0.109925911542359,0.48704972228236926
0.10639226691936587,-0.008610779357755005,0.48144596361108777
0.29579495994949756,0.47704498041693477,1.1151908538514435
0.47357437399622665,0.9925391359163913,1.6738766453604093
0.5324796409622147,1.0669665785255897,1.6858070341891596
0.6088290578026143,1.058265338491716,1.7025049091327558
0.6532434867701479,1.063336988577252,1.7371176753961828
0.6666356436016627,1.0573728034908003,1.7533310314343165
0.5881954634544405,1.0178461385933344,1.736755428572876
0.5189123903145296,0.7568938302867213,1.480651087284334
0.47478847804195173,0.707242765020957,1.294143949343687
0.5690445800640852,0.781191416476514,1.1351482178568513
0.5065526454672343,0.871673222495372,1.2305738081351194
0.4917554420540418,0.893718772132647,1.2486597542376454
0.47045044422862864,0.8624737624815515,1.2158565637283287
0.41104611325217194,0.8450015176719288,1.2106695189177905
0.3605676553099274,0.8454473309995048,1.2192108166126157
0.43326380751180976,0.8514378090094532,1.2071584218734102
0.34631327970993486,0.8895469196574465,1.2777890734093156
0.44764007386675986,0.8417925321791442,1.1838998727760808
0.33058056113456163,0.8651928886109322,1.243318702494534
0.29773287441464324,0.9037744979161406,1.2975478831169898
0.2936881654971963,0.9363922505937295,1.3437373144364573
0.29309610851716317,0.9432831006495196,1.3517713818514583
0.30996247846702973,0.9405287408751091,1.331696281724298
0.3592063628796696,0.9405379358594831,1.300745780461375
0.43564754711258424,0.9396294609488521,1.22914921200305
0.45796430857356796,0.909311766861105,1.1720872215848934
0.4074353874425434,0.896430889697393,1.1421511835050107
0.3331624351380278,0.879876569699788,1.1582077058766216
0.2851525069424156,0.8582765767286202,1.1680655539843172
0.26028089621338485,0.7948931924188232,1.2163434172496932
0.2682934434366564,0.8164841835558896,1.2228841993300696
0.2724822348731289,0.8683932555173625,1.2573832305533648
0.2915901162553029,0.9327110911955924,1.3091160264341295
0.32196988993795894,0.9373110780820284,1.2970721525593607
0.309839972812323,0.8849386385004043,1.2528747155526734
0.3018766517398498,0.8344027593771661,1.197807557549282
0.2790170552271827,0.8426664170609307,1.2143772425200492
0.27297460371999765,0.8771206025203422,1.259398202412207
0.28757243388289594,0.8863114459103218,1.2614103326712074
0.28715210629554005,0.9198475112268729,1.2997395920837465
0.29543606983823945,0.9524655210020446,1.3265265277622817
0.33868734741348355,0.9791198026983884,1.3355724663173627
0.3743686043553634,1.0007195381358593,1.345117112976135
0.3680547383383714,1.0241467043029944,1.3698919179584375
0.3147427065549237,0.9644111741962332,1.3146593909954272
0.3058666866353981,0.9386840142587944,1.2959065222946609
0.31849442228862385,0.8918296806161818,1.246356909706663
0.3100110824795956,0.8904480649585497,1.2396680525758144
0.304339116302805,0.899175282976624,1.2513842713806587
0.30855617313191996,0.9143385347985259,1.2789918879075903
0.36142443827144394,0.9152660426399192,1.2401812151749707
0.40758615728347863,0.9152751723686408,1.2140813358547362
0.48634634811138316,0.9157481834765655,1.1588748701615657
0.47268341398846786,0.9318211317497024,1.1659172015082429
0.5043254062647593,0.878084501600059,1.1258892619680438
0.5254155161432018,0.8248108532061355,1.1246634712354031
0.47691384063574643,0.8156193013804325,1.1760082011469575
0.48670255698949666,0.8165377430043002,1.1584467822940272
0.512323059119966,0.8050562302494105,1.121804840982102
0.40796332571333416,0.8238656644858888,1.1720182876350103
0.3480167914747378,0.8054751677137588,1.169840783606838
0.4494432677326576,0.7421025853572568,1.065902548072081
0.5115862980858815,0.706284467517694,1.0056485921916396
0.4471519104241471,0.6828394890881724,0.9991191730127736
0.4057488462549293,0.6777760691078756,1.0063152626096068
0.3725078500477975,0.6708763488195741,1.0049785836834613
0.3989419910624569,0.6713400996874722,0.9855732411959022
0.46655761373897026,0.6580311570751467,0.933701143309375
0.3310488772315273,0.7604403570488069,1.0694593558984897
0.2957326559393209,0.8210677743972152,1.1223719896059314
0.408967784714418,0.8068497130400163,1.0474095601772488
0.4822553852793318,0.7848135524098607,0.9838212250544957
0.4249700721446149,0.7788233963170333,0.971620501335616
0.4478290465190495,0.7494239507028811,0.9115489631393802
0.44361198968993454,0.7342606988809792,0.8839413466124483
0.3129892297615715,0.7581158069632487,0.9403534692781998
0.3883748720792175,0.7397608042045866,0.9113864375285315
0.3871278786100404,0.7301397026223555,1.0523594639763005
0.42509290624473856,0.6718365099532271,1.152805846782902
0.4600681428275536,0.6424618190382156,1.2133102524758297
0.5003363179810896,0.6323620515800347,1.1736559226604477
0.6251549594378757,0.8198238724035452,1.3286661958646588
0.6896854477443024,0.9990121393190755,1.55141415996024
0.6965919898635254,0.989829912116823,1.5621071429745654
0.6856474249423513,0.9659473504649643,1.5888452819611343
0.636750588009952,0.8478671000212198,1.4541185821541112
0.4452560450462962,0.5698881061877757,1.2207709955120372
0.2592437429694347,0.05623839751213737,0.717277435541536
0.3152230574211972,0.04155593970834178,0.7102265820187259
0.34611443859182367,0.2974530808348103,1.0153358922964661
0.42052727979830945,0.5487599680395809,1.262733609622453
0.4947129558168649,0.5910085936815498,1.093343912316808
0.5116710906445672,0.5960470084073234,0.9849743507259424
0.5265126920628626,0.674146479159538,1.05762590381663
0.4268575592025537,0.8459364195062741,1.2767258117853804
0.3288567119562493,0.9625994958954943,1.4364038058746682
0.33420804048846925,0.9717901454810302,1.4529678058968232
0.3928978046077373,0.9405631394981371,1.3873673550113628
0.40071642343578023,0.8854364051796977,1.3182441954975945
0.39864663898332225,0.8450094258600465,1.2767314932361356
0.3054092698998745,0.8275283053664867,1.2782418259836503
0.43812883901611455,0.7650827792951802,1.1694472818086643
0.5092974196789899,0.7315645264590726,1.112872637029921
0.46488423016226577,0.7687644539787682,1.165263580715288
0.45472441056233714,0.7724371903394511,1.1726278843694387
0.3174671445595838,0.8376373330646939,1.2820950325934206
0.32844059339239107,0.8459098638157114,1.2919673347593494
0.41388636838321513,0.8395003213190222,1.2656850377549098
0.5600196494798385,0.8000273402756747,1.174970761729551
0.6354767290149734,0.8027999553644448,1.1428460949088324
0.6354989280175248,0.8528724655591896,1.1882148445054388
0.4987838701025668,0.9189908585024836,1.2946724484491983
0.3531429536303634,0.9671911880752103,1.3874016993940241
0.3552121183574167,0.9864823785922459,1.3854125466810856
0.34231296759117696,1.022309693160639,1.4147160047964604
0.40253030083662433,1.0305914188960306,1.3936378056994663
0.4620336941887712,1.0113096800248378,1.345273960634085
0.5347292363165601,0.9961643657432582,1.2897197039247694
0.4507113411123369,1.0577008374531154,1.370573292865983
0.3958669108506007,1.087546484439845,1.4100823901051989
0.4924842690769237,1.0159015018436304,1.2865706085191355
0.4302727825398312,0.838094722691112,1.0802127506865655
0.21577703911983317,0.5683956664896379,0.9567537488123048
0.25223359488599384,0.4149773178788898,0.840537336930509
0.34608398472366547,0.43336851937977383,0.7893579733551811
0.34793640232753376,0.30473368544394297,0.6228342744770945
0.2114370665418988,0.01575329936673489,0.4219077089198552
0.12007802347104621,0.04652458271392523,0.5632742486014665
0.332528175263684,0.6874527785620687,1.3083736029265045
0.44955223676857037,1.0435212172844353,1.7083813641557088
0.5232331375219154,1.066966385375317,1.7003589052640102
0.5852561411220515,1.0601013203715122,1.735290803109533
0.6375113879201794,1.0601187463333535,1.7461491594557983
0.6566469143663841,1.0665549732874537,1.747488686103035
0.5358909929183421,1.046773599745437,1.7744234464006974
0.5665794963399868,0.7463391754333858,1.4537046979134607
0.5291116501163233,0.6842798038946021,1.21600944302822
0.5710423220506164,0.7793549839127485,1.1363166897213932
0.6424048504113431,0.8225544495543216,1.1554059725453674
0.5429754867632385,0.8629548140333546,1.2170108319659827
0.45812177297489626,0.8624735049478545,1.2352590584947967
0.39168963367531934,0.8408649625710111,1.2275611744471024
0.36937225248893096,0.8500468678561424,1.2411213098908618
0.4341771333227504,0.8477648760095852,1.214345982298397
0.3334922390061269,0.8808193153388267,1.2951765967541733
0.38369928545459925,0.8693464816286893,1.2663891419633326
0.3027413614740855,0.8808105066549982,1.2970233558673945
0.3046892599972414,0.8867831724025604,1.3032163469316256
0.3607898478913846,0.8854192367515537,1.287983344384861
0.29724112468997227,0.9161829399338336,1.3390347666697766
0.3083856831900521,0.9299648971429962,1.3357004058588466
0.37027949863922754,0.9331922699878448,1.3005690442279247
0.41996591145139567,0.9497379091962413,1.276658031837373
0.42790579648333577,0.9079296996472751,1.1993527285464352
0.32956025100086744,0.9290307679097418,1.2114366286918528
0.3112875795858106,0.9055949244425553,1.1788073222549402
0.2896403603655537,0.8633310583860119,1.1724174691350109
0.254166404049894,0.7870839653406467,1.2210201454332377
0.2704407158133134,0.7912204560581403,1.2089791135955426
0.28407538575000024,0.8118933274884602,1.2088281960707643
0.28064493221193104,0.887692740523061,1.2923523100090695
0.3046609958110129,0.9235289921060174,1.310107760753525
0.2983249307914694,0.8968836480784077,1.2895138161392208
0.28966986400259165,0.8688568162877863,1.252529765261906
0.28382616843312386,0.8509388190450996,1.233950792069212
0.27524376202595663,0.886311188594682,1.2808128278749074
0.28032367242912787,0.8844748201962837,1.2771306756106
0.29492150319523325,0.8936656633682061,1.2791428054323688
0.3020711962412415,0.93225627494363,1.3169733567412163
0.31738296931347504,0.9690105818499085,1.3462711307824435
0.3297122602926121,0.990146628186221,1.3703704909903727
0.3237688777963938,0.98784682756619,1.361840556197058
0.3005159802414107,0.9506291526036461,1.3228443754979744
0.2946722846719429,0.9327111553609595,1.3042654023052804
0.2970405113856617,0.9051477555739136,1.2721291335197407
0.3179522093751729,0.8909114321425868,1.2493664574847423
0.31546209793856606,0.8840205179214297,1.2461830141985903
0.3051527455356838,0.9111205500883243,1.2686208772007381
0.36174569805424706,0.9184839629666967,1.2554028495734402
0.3968841247700991,0.9180296602557287,1.2244551872869662
0.4836845072820991,0.8822120539946472,1.1253962348778754
0.5538899283219698,0.8601758289808229,1.0666585418781214
0.46972857756260916,0.8583212622375498,1.1103255180041844
0.4821143969142033,0.8059656691669486,1.1206420505683157
0.45388251714322986,0.7972377429312077,1.1622826923712584
0.47388089656028387,0.7866743498830646,1.1323324506644878
0.5424098353964266,0.7696924777597834,1.0876479201986613
0.5058152647077452,0.7517656709610399,1.0709157043702602
0.36340605126475645,0.7765387682387509,1.1437207705265435
0.4026894971694524,0.7489843037218119,1.1000364908722273
0.4502845414263602,0.6961662439628845,1.0327458850958642
0.4563269911239244,0.661712059157644,0.9877249265154027
0.45238135061423723,0.6575758259738473,0.9803634635866296
0.4127046121121228,0.6396489547916797,0.9684818714498458
0.48502966106782675,0.6502306107861786,0.9462323615118606
0.4036015738782722,0.7030397966056249,1.0202203483441339
0.2635551320394186,0.80820361628602,1.1566511711034937
0.28978989075567946,0.8399037634520281,1.157343911535942
0.393999471633953,0.8233858362191459,1.0787021692566339
0.4881489243121749,0.7949224513412196,0.9973756790474998
0.422651680449374,0.7985777008455497,0.9987322570427155
0.4353508448751913,0.772850988103168,0.9460250155049168
0.462575786743462,0.7140517105743184,0.8549856812621471
0.33141081872730366,0.7369885684385366,0.9144073482081211
0.38334480574262847,0.7337880740736001,0.9100440701559173
0.36032264400051395,0.7342671262500953,1.0615676842693664
0.45525110526172113,0.6576003805444011,1.1154913014219812
0.4137064350622688,0.6525532920077335,1.2160063501225684
0.442087845223368,0.6378539233094908,1.1592921507205571
0.5361118139786197,0.7462977099678955,1.2689135510616718
0.6523991337520444,1.0035943789807207,1.5527650495089869
0.6747675978526174,1.028874952989493,1.621184104814332
0.636375259453688,1.0026839812896442,1.6266872092884554
0.6185998004638986,0.8588855666369651,1.4568089983500947
0.5614749086358523,0.6135598782085194,1.2380106802463409
0.3900887077065283,0.07235521613237415,0.7296378606822781
0.3419340698648681,-0.05490741297538461,0.6153053677407094
0.4164970537852667,0.19410794540310458,0.8911313589099201
0.4937158014502675,0.5634777928344523,1.252696186304858
0.5414619006472025,0.713216782820428,1.1984738428839614
0.5250799817177385,0.748109459194259,1.1423184887450126
0.5753092223431067,0.7867091374233225,1.1588997870486357
0.4183970405343094,0.9157631019737742,1.358907557476607
0.3329740818586137,0.993380944340052,1.4740604608009789
0.32843638497210037,0.9961355609939881,1.474733064849975
0.34172821826166516,0.9846537898331735,1.4574936165555894
0.3829595578638613,0.9630719928082531,1.4200023314633616
0.47282052891214765,0.8983177295384667,1.3142258607404445
0.4203221203295091,0.8505274687239761,1.2762299439698348
0.4744748121133243,0.8431908664531791,1.2548039486099103
0.5868747275527402,0.788090818336607,1.1607380222367956
0.5614253350895435,0.8050817575496421,1.1841733005718615
0.5462354491530258,0.8027817637793383,1.190195236853398
0.40049485057972767,0.8666002882302646,1.2929735226997459
0.3578578301934821,0.8831276662367615,1.3212622654518063
0.47501702502677523,0.844109114926774,1.251794400831831
0.5381952574689305,0.8390723811483444,1.2340477235693175
0.5761948940419122,0.8409178164184397,1.2164806232656322
0.634414502190623,0.8510359686119997,1.1942339400615976
0.5789281576117182,0.895581568981159,1.2468016339718422
0.3686540993496842,0.9727091021722916,1.396601397510957
0.3518591539499605,0.996591084373332,1.4135188717489406
0.3697102609903575,1.011291418822938,1.3974737157766974
0.4200385736427272,1.013137109882274,1.3605041172086871
0.4090873189868156,1.0549370910704576,1.3960005681372216
0.5821969491858936,1.0168461111130591,1.282871405344081
0.49931332327194755,1.0724099814587786,1.352681379529447
0.39966240124475727,1.0939742237550096,1.3890155556586434
0.469944695309078,0.9851115013767128,1.2313582161906496
0.4488925127942094,0.7434595150605579,0.9471648279354089
0.2759001333096301,0.4843414692746396,0.8499625679728584
0.22175351636080337,0.4048597381583226,0.8191283929185635
0.27792551975698515,0.42462342820480137,0.800737771041104
0.24979629571910938,0.20778000525129858,0.562559905626358
0.23893342102878848,-0.032018970871466004,0.351114516509192
0.1100629085283758,0.1558599316440575,0.6948288680238484
0.35770194539999,0.8096605170169772,1.447457899334977
0.44146158189569495,1.0664851441621537,1.7137565150969214
0.5333431136584686,1.071102747325962,1.6980191208095494
0.5994114446950425,1.052755718883298,1.730263443184466
0.6630604866127493,1.0275096035198374,1.7126648287299264
0.6532933302335232,1.055527890265924,1.7320931561964932
0.4772006042480136,1.0568648186701703,1.7965220458096176
0.4883326248625886,0.7623944471888097,1.4692911816717678
0.5079494977719542,0.6952900404051086,1.1768910033639435
0.564164044117622,0.7517913914115439,1.1187322928851688
0.610077180015152,0.811981796266152,1.1612568540442088
0.4900075371097918,0.8776455019423891,1.2658705413490527
0.4464350015613654,0.8477732992650968,1.2416029670838062
0.41995039735792605,0.8339828579059108,1.2225309737966579
0.3874233531082338,0.8546465978630527,1.2484799320942572
0.43839419015186537,0.8629281278314872,1.2419535988253287
0.34079146364867496,0.895982631544153,1.3179335895894881
0.3141357594292743,0.8766827602379091,1.3120682522834852
0.30143598251653575,0.8812736815609908,1.3212736336001019
0.35201351489860955,0.844073880191459,1.2591814372847157
0.38616719788865467,0.8261648856551018,1.2242038356528782
0.33840041941341387,0.8523377318977243,1.26119925292956
0.43363492040929946,0.8468466275359903,1.2173555300764762
0.5034200144650213,0.8583464676206599,1.196947096052029
0.528199242901788,0.8928012962601429,1.1934618177163208
0.4124451139527951,0.915738476041482,1.22863036620421
0.3276129722031162,0.9441938909647953,1.2487454926020185
0.32776188528066513,0.8996308063559677,1.1901700782796245
0.28936956377153056,0.8734398285505222,1.195673170511249
0.28351159597223036,0.7820383567505081,1.2099708474777056
0.26292053804011756,0.7783568117059966,1.2044533029367763
0.25872567900714016,0.8132660705149535,1.2222144368809154
0.27657740697935584,0.8491021933310613,1.249671135008605
0.2881152665217516,0.9083654831865325,1.301902639867525
0.27600754749385664,0.9060655541267387,1.3030739531132924
0.27356727982222856,0.8913655414852251,1.294865990408835
0.2842693129388151,0.8886110533800801,1.284492138539373
0.29551417929746415,0.9079106023330887,1.3146105934289969
0.30367625691086153,0.9060742985361716,1.3060778179103045
0.4165685490388366,0.859701594587838,1.2140268577120148
0.3614533270087329,0.8996560099946218,1.276791652829612
0.30705203883986,0.9671738921885601,1.3668420982879173
0.3179756442092921,0.9832555212509052,1.3817389196535357
0.30813646466676187,0.96901038913575,1.3608230027317587
0.3065584311453888,0.9161749673622916,1.2778234160430486
0.29726208303530033,0.9239838729594609,1.2973998071920534
0.28910000481869597,0.9258201769744352,1.3059325831479778
0.40712205201963153,0.8698020058802611,1.205174950611227
0.39442227751972075,0.8743929263311148,1.2143803301789151
0.33222939887746594,0.9180201442264618,1.2796588087569025
0.3396997331872865,0.9386928868899332,1.2892091386153586
0.43027464171604535,0.9015020890989591,1.2107183156097567
0.4883717345587383,0.8560301424067271,1.1096500732298111
0.5352245723232893,0.8123944386169006,1.0219652370558885
0.5043524310001785,0.7990671042913706,1.0319941381973508
0.4217469159660533,0.7999754486906969,1.1132919505410528
0.3729744342132635,0.8008926705184168,1.187892388824559
0.33287736872700013,0.816501864434743,1.2143400556630817
0.4090760157264645,0.7889563417296218,1.1591077782569525
0.5226600535708442,0.7200745904486715,1.0489737109325867
0.42338023961548793,0.7370476530158958,1.0955049987627061
0.4163524312923677,0.7329113554486749,1.0929941595255501
0.4562777673859538,0.6906569462715876,1.0362513006894893
0.49420536149300875,0.650238969658266,0.9783399699888867
0.49080193389677257,0.6470209849480643,0.9679689592820345
0.4747485752640009,0.6405848223773883,0.9617788089431809
0.5205398059296062,0.6663209206377324,0.9689836728964203
0.40291045030010025,0.7466846318686294,1.0818053086956787
0.3046375597704798,0.8311849034338129,1.1777352994591956
0.33967629473392563,0.846348799089957,1.1568366790699576
0.3733591923766974,0.8486491774163497,1.1217109971408628
0.4381634534851121,0.8252313967671768,1.0514338145740008
0.4227015239127493,0.7907686025342219,0.9937077378430261
0.38654947921076827,0.789378240831729,0.9840150126359248
0.4438834060093624,0.7452877175190847,0.9041875002106073
0.39199925280610154,0.7406791170616057,0.9035262660588351
0.33816783045640075,0.7512336361702677,0.9401738888215153
0.3678422020483051,0.7259949817996231,1.0225916399537354
0.46844263360690014,0.640601025054169,1.064799015430169
0.4356238290908455,0.6635725956079938,1.1556386583275315
0.39860831169261046,0.6580460651051284,1.1337338465000402
0.450173054637971,0.7228441151325898,1.249679018172248
0.5768928304789388,1.0297666510058938,1.6334160905037922
0.5810108201067079,1.0816838882530673,1.7145746004045004
0.562445151034778,1.0182843012664893,1.6598322571828878
0.5496498956155796,0.8882677220339498,1.4963209468082583
0.48638348688862326,0.714150203836016,1.376094480658742
0.3143061623811273,0.21659037702287526,0.9293066214462244
0.23799527351647856,-0.04849825154587206,0.6706914173884215
0.36703157962677946,0.17526263957489435,0.8968111996174934
0.503404230454485,0.5588786353005347,1.2016819368854827
0.5757812478462477,0.8087713334430334,1.2460515966681676
0.5184184509079289,0.8684718911459206,1.2892686380739364
0.46806187889498646,0.9033720180455855,1.333129646965989
0.35085345549806707,0.971335458213973,1.4511238892579081
0.3343797674683187,0.9984353616140192,1.4832629996432896
0.4249546784099054,0.961244562950817,1.4047721748887596
0.44100803704267705,0.9676807255214931,1.4109623252276131
0.449391687512127,0.9846805386740091,1.4277002225067692
0.46953960697061814,0.9506898472029698,1.3826764162052168
0.41721292778065694,0.9295448016492401,1.374975691432145
0.4566681030780302,0.9286355523930623,1.3615866037753668
0.6303974389404139,0.8257721123474021,1.1900301017103048
0.5967361060978219,0.8524084606465071,1.2270226887551796
0.5229056846056623,0.8523905840006967,1.250118698250233
0.43962937616839115,0.8836089109388374,1.3078646626146093
0.4737830688097475,0.8656999129135676,1.2728870539870583
0.41292382848561526,0.8721181379439213,1.307023844508296
0.4086575479185297,0.885899773235963,1.3279426021554506
0.3974355014942507,0.9378085228442008,1.3866947509623668
0.5387098259215577,0.8978722381280121,1.2814314445875343
0.5371546099217268,0.9162451157880283,1.2873024633442927
0.3643878187825986,0.986490737464333,1.4175201551581118
0.35072488465968327,1.00256368573747,1.424562486504789
0.38694773237678154,1.0039458817181481,1.3875957321600132
0.46126990841926774,0.9915553146018097,1.323012835614316
0.403094093027222,1.0604463887617546,1.3924951525435965
0.5481645323997458,1.0480736304188898,1.3096668631987494
0.5051563991160105,1.0691921898988497,1.3277584977477437
0.4052839062930664,1.0719203187348048,1.3388219896434228
0.42826959715532625,0.9478852774448522,1.174806285779258
0.40028929118378936,0.6864787934496633,0.878053031323151
0.20460904216639236,0.4622696214804988,0.827715650077834
0.19504734895262274,0.37223317636079084,0.7747857198378532
0.28002840377985055,0.29921467682865005,0.6960951791176503
0.2127148010386247,0.07317173296681483,0.44805069998344405
0.2172788992343436,-0.02973608114588226,0.3099811054233054
0.1771543186881444,0.3419309697538438,0.874100819385809
0.38443093153612684,0.9134953778118693,1.5806711769866908
0.4596123694417484,1.055466677546408,1.7110660989009374
0.5455006752449284,1.0655935784015136,1.6918232890199405
0.6159571727778897,1.0679192282388972,1.7384685649449299
0.6410643459065414,1.0399094361095713,1.741446612563582
0.6246608435793334,1.045865384112959,1.683424386673761
0.4256371007534624,1.0343383462479405,1.7675805840862044
0.44396803935843027,0.7495136987919462,1.429653896208651
0.42723411755831575,0.7333911193319937,1.1911609015955438
0.5207133944984976,0.7563735023063407,1.1297844298171495
0.5863319142165072,0.7660367740825713,1.120245701049051
0.4747954521707227,0.8252729979773405,1.2265237280339825
0.4020494468541538,0.8270916217676324,1.2436006489685907
0.4665829113685453,0.81378261128297,1.1965791677779671
0.3922823097775503,0.8551099015358938,1.2630289624437308
0.4413550917614011,0.8496096674454382,1.2452851189108816
0.304297197199321,0.8835734177975975,1.3346541920850334
0.29519960683657065,0.8390101400384974,1.2906306488374903
0.2920177496835592,0.854628273149957,1.305530312677415
0.31147391859999013,0.8431466307559908,1.2785896169997955
0.2852607379544621,0.8403832054182258,1.2797637720640207
0.3219045347939419,0.8293651242307977,1.2479696119694066
0.3866595673387303,0.8348922324400246,1.2262188070744882
0.41656916876424127,0.8808373833904538,1.257528712686412
0.4174043772742668,0.9217193718942832,1.2766322131287011
0.3837424440088927,0.9272199244129473,1.2701229312077518
0.31015454647963037,0.9538391003588816,1.2768546592697156
0.3004144353448599,0.9028399823823408,1.2023878480996981
0.27158987736043116,0.8798671179449168,1.2085607034363248
0.2698985028998625,0.7903022075845453,1.211988661373622
0.2605799569936365,0.7480386025508559,1.1861963020515558
0.241958997190438,0.8004022332305942,1.2322404977342323
0.25986056802282204,0.8284292579534313,1.2546726770994643
0.28419789140470697,0.867483429863165,1.287649762242389
0.27598596912152035,0.8771288324075242,1.3012070578352348
0.2730755297959541,0.9037739836119465,1.336352874180238
0.29216121368359405,0.9180193085502891,1.342716919371316
0.2914472725838797,0.8904558443798191,1.3154312742773933
0.2875514755375679,0.8785105128846945,1.3030452921489308
0.4379012009763849,0.8330649922439486,1.196436772429322
0.4831003752651641,0.8656919403420256,1.2116757033603303
0.3030571736873918,0.9919825464457925,1.4080070101890791
0.3483560370141459,1.0089912971580142,1.413196901190396
0.3123535214958768,0.9841736409576518,1.3884306192586904
0.3091482295087462,0.907447684960793,1.2709578209298213
0.2979760247382216,0.9515473369118739,1.324685451848744
0.30364799151821903,0.9428201186757424,1.3129692326066678
0.3253012774810963,0.8982656500365851,1.2670989311203675
0.3304808742078111,0.880811085233588,1.2533677408939135
0.320542627463935,0.9033199385437041,1.286002717345912
0.3183953526744502,0.9285836669136815,1.2999078048293675
0.3801672870199792,0.8973567244419847,1.2294567285033617
0.43108703149811467,0.8711757786054279,1.140951211481042
0.4965824161847015,0.8041131626932506,1.0090890685626352
0.5110367805379441,0.7499129713370692,0.9739145934394305
0.407348460259863,0.7595482118373488,1.091181743046062
0.3469107863706892,0.7747019493744399,1.173992984540787
0.3138415243818903,0.7944474426024433,1.2029514941143227
0.41040966852155414,0.7517473436312597,1.1279660797066327
0.533019247024274,0.685165460842677,1.021511330479678
0.5219959547280912,0.6847020284029874,1.0166635475134385
0.48909842695762534,0.7310927351472957,1.0759172455866552
0.46039513728831827,0.7214383947161453,1.0739079556158004
0.41958412949592666,0.7094841248981155,1.0730699782348645
0.41628038882644103,0.690647943565258,1.052649929128633
0.4416300943628872,0.6892752009748789,1.0392636891929463
0.4925012348284568,0.7131749310548816,1.0427864013191106
0.4154114610206033,0.7944658969546157,1.1361998678968595
0.3925734461979107,0.8316662751582811,1.1546364457409077
0.3322780028900318,0.8679394683099024,1.187630579608419
0.4021123255093798,0.8504944195361722,1.1186957679120282
0.479024304740879,0.8293765682738787,1.047247272755247
0.4790236870757729,0.8082407829604202,1.0037454063451814
0.4016402979459401,0.8284322200273041,1.0315439697281648
0.4092595429204818,0.8045418789541763,0.9825188870131548
0.43421595585950945,0.7576878006646902,0.9135667752863679
0.3462800646064229,0.7572064306846784,0.9366656325025127
0.4275167098933802,0.7122226676421195,0.9610211284136384
0.4768970870914674,0.6575926724848704,1.034877433157448
0.5051080073106988,0.6585196661310979,1.034871751706693
0.41732227582445414,0.6557467865308058,1.0863988993024525
0.3980181144919984,0.7283442813507087,1.2722734784010006
0.5072794658158943,1.0449120261819853,1.6841197165257775
0.4887089613597853,1.1106023501877527,1.768641253667179
0.4910549975158501,1.0329664371531637,1.6911362291637833
0.42109692496533013,0.9525498076914141,1.5942457682376117
0.3764736732345029,0.7761411696626577,1.473343857313722
0.3311184810505348,0.3718708125200125,1.0970217701721472
0.16769016554985725,-0.010843829909392002,0.7394781487875549
0.23762059138985966,0.1274544342422563,0.8867619090378406
0.4508277045709314,0.5556432959897415,1.175601960132175
0.6022375823327445,0.8593076049729033,1.2720149879015914
0.6106212328021945,0.8763074181254191,1.2887528851807475
0.515779428806601,0.9061440606613629,1.3446606073612504
0.3613345348807988,0.9708806421800676,1.4589812200022267
0.3353429270913233,0.9869533337917358,1.4854260478643004
0.3516670847309459,0.9832807253256735,1.4683604950779876
0.45084721658520727,0.9819258576366483,1.4318782421493903
0.4527452716449879,0.9957076216955386,1.443095752413311
0.49067287540335414,0.9552896415933044,1.385184414716995
0.39415457955272126,0.9901806405087038,1.4551453064271387
0.4717589218132019,0.9676895315886371,1.4091155608676067
0.5413500874736951,0.9024716462178012,1.3130431852490148
0.39403269362341925,0.9557263269366147,1.4198255952299115
0.36143360208214464,0.9341266567547962,1.4054303266284505
0.33921590782250677,0.9276903654172718,1.408941423672831
0.36084092597991374,0.9198817177899135,1.3699625386318224
0.34478756734714205,0.9134455552192374,1.3637723882929687
0.3514725414359681,0.8854272093230956,1.349194695011589
0.3320385691092608,0.9469813627840344,1.4215041420347434
0.48569203280473566,0.9203720243483744,1.3353156731702942
0.5725927123175796,0.8900720137561652,1.269709544331935
0.48921672660486915,0.9369085338280492,1.3375045400999768
0.33385851410660977,1.0053180457299375,1.4446375870691814
0.367591252799929,0.9998093266172305,1.4044873876893254
0.43429356414246867,0.990173311771404,1.3454277188842412
0.40940796386986966,1.037019220850163,1.3677203440634371
0.46984624783313694,1.0430012756046,1.3284109645388227
0.48131144639061524,1.0388653643379244,1.2967963831519647
0.3876032891945372,1.041593621940728,1.2981586276644104
0.3934013521337483,0.9170950194442377,1.1389963882172398
0.3335857207615492,0.6538431870448879,0.8501089466130884
0.19775172378514,0.4425069615688077,0.7684962928894218
0.24032277171479155,0.296897840036236,0.6476031528240817
0.28671819137427096,0.14210640247861797,0.5422535924347226
0.2217673723828864,-0.0035458106858750104,0.3578348755483961
0.19103807654081956,0.025382101150197157,0.3615485275348985
0.22614601198877096,0.5734829328228219,1.1380423576586098
0.39794495499432103,0.9419855132753319,1.6322042582134795
0.4039327354956423,1.0444303342848522,1.7314716922000075
0.48922898492199607,1.0614480849776906,1.7202629492967794
0.5193176203746709,1.0894916988959107,1.8166115934365294
0.632160681526192,1.0720638846782053,1.7730870126591118
0.644038282707928,1.05780287180339,1.6248977707922614
0.41066754822218793,1.0086028918218386,1.7118694832167949
0.45792334935251544,0.7522687017464278,1.401222758107945
0.4799306508923346,0.707673412784854,1.1220550386143147
0.49346501417686617,0.722828692035214,1.0884513045145185
0.5367661334058647,0.7416738760744009,1.0924727251816062
0.3888566831787626,0.8018194066309474,1.2072892021402717
0.36032512290213276,0.8188102814605582,1.2355751041669545
0.4462632721686881,0.8211280840043357,1.2113077750862682
0.3726544138812699,0.8399463277968708,1.2596744643748836
0.4053033440602641,0.8537369014118177,1.2690452172745117
0.3009436130664601,0.872546334776068,1.3192586621784916
0.3127577182803931,0.8137467344578692,1.2524724446448785
0.3412892833826786,0.7967558578838022,1.2241865391203388
0.27833261655809244,0.8206287112283492,1.2672038944274855
0.27125496477159694,0.8243015119724563,1.269717574390019
0.25687808713613947,0.8128109969473513,1.2494742623917021
0.3130002506881877,0.8403837839968157,1.2361081570905394
0.375015954479493,0.8780654695415249,1.2362965049079169
0.4108683186758175,0.9051746323093692,1.2326344903387583
0.35508899297730523,0.9097564874149254,1.2630891255350638
0.3026343687064345,0.9409754560067382,1.2723288486109494
0.2837191747606624,0.9111037687239252,1.209256285468615
0.2735377758835871,0.8858397836924791,1.2147536945005561
0.24898680611676519,0.8045385305797579,1.2347513365341563
0.2327401388141695,0.7425204313561918,1.196399099575555
0.23648640486714861,0.7778930580033571,1.2238586397403182
0.2481737960060842,0.8137290524887305,1.2610165861257059
0.2596396148921742,0.8307289298066137,1.272903859276013
0.2883429057678952,0.84038326980165,1.2749131483724037
0.2810166551835141,0.9042373513411263,1.3460512801822464
0.2811385399064022,0.9386916653493292,1.3813709922539381
0.27788464330349877,0.912046385487087,1.355926423510785
0.28705910608749213,0.8697831660997717,1.3010303207273206
0.4385929442799617,0.8105559457835599,1.1783536670521737
0.4609325244689015,0.8514465506931733,1.210162281205021
0.33482043669163275,0.9515644394301948,1.3597969235924698
0.3306261961776462,1.0076094874778811,1.42105991338547
0.34451008584403714,0.9892368664793337,1.3957863981133156
0.2782262429126392,0.9019294496007619,1.2860112425826697
0.28715210629554005,0.9198475112268729,1.2997395920837465
0.2888784325658504,0.906984059806945,1.280661909912897
0.2891996923486535,0.9102019801337223,1.2958835443113665
0.2867594243754219,0.8955019676012373,1.287675581825525
0.2951929195146611,0.9046926820063113,1.2993889590305274
0.3227613225811141,0.8991838341267557,1.2689400070339052
0.3275698160616506,0.8863204473083092,1.2450117016086713
0.3207839204209202,0.887685410477419,1.182634719842779
0.4730088797787339,0.7848133557704309,0.9983731075650153
0.460387212928427,0.7448493582064998,0.9956625541111148
0.3128561705819899,0.7558569584855257,1.1554196927988485
0.29939322521232475,0.761829304060423,1.1858658058190215
0.308639728652624,0.7618294972106957,1.1713139347441703
0.3727306623546595,0.7319840433742388,1.1172529664301039
0.4402748719419622,0.6975474741921994,1.068538486125343
0.47930971060387517,0.7301742935234281,1.0934786644395857
0.48446166286976616,0.7706013372265036,1.1301407430094275
0.461330652450499,0.7678379753999346,1.1264642726331073
0.4262912977616485,0.7315382909411747,1.103861038047948
0.33586529507195506,0.7241660067400058,1.123776451977941
0.4477452062517828,0.718220216855671,1.078088815983799
0.4708984156736014,0.7710560888769846,1.1271340359567257
0.4381221541070328,0.8307653203907661,1.178205590252773
0.4968833361411673,0.8206659392331306,1.109447518287689
0.35205543400209366,0.8596757453704855,1.1759115165803404
0.39713210263616605,0.8367125910938579,1.1123288813397245
0.4302727825398312,0.838094722691112,1.0802127506865655
0.5218324368546957,0.8183586202146843,1.0057518555906588
0.47828210030882085,0.8385589277321368,1.026853030922019
0.4401323039689974,0.8390050020823221,1.0159918408460895
0.4109360251242099,0.7994875260636333,0.9684657244792271
0.39897721766584643,0.7526245129401544,0.9110616244956807
0.44324880874334877,0.7154409098860182,0.9519896443540228
0.47472093080317707,0.6984664308834608,1.012172077739477
0.5675151686514867,0.6782753122447854,0.960120388902695
0.4895974813167828,0.6741375408366327,1.069173908564157
0.4332069995709748,0.741216670875485,1.2798031553870908
0.5244670937389431,1.0453755873885233,1.679266252108783
0.4816811530366651,1.106466052620532,1.7661304144300227
0.4919394297638461,1.0449035385430494,1.6617133554319856
0.4621288955396809,0.9622044021673487,1.5768525564462856
0.4124755774722646,0.779823034007606,1.4546082781497816
0.4090608417900217,0.5106243017010249,1.2073444810605167
0.20021238406668185,0.09758233763689905,0.8527930638572553
0.11684183416093247,0.036464742496878304,0.8248260482281079
0.3385815107258689,0.43709030747645417,1.0718285535003145
0.5903784618011316,0.7968263952267686,1.2045618495186659
0.6152808156180097,0.9080071150435717,1.3233999923289792
0.5509683138855774,0.9190164501861392,1.3521902843473408
0.3700886688710224,0.9621534885454175,1.4424143775057656
0.3382035244615316,0.9681172803534988,1.4553047496259066
0.3248618477085916,0.9874081498256412,1.4775687171199816
0.3402234630377865,1.016353358856706,1.5018419728359833
0.38535059727346677,1.006716894199138,1.4767366716211463
0.525640187626278,0.9493259141686473,1.367443418905237
0.5105721876190624,0.9814802339704328,1.408785066384001
0.5543933207589603,0.9511711562884698,1.3644281896764026
0.5904228598062345,0.8969714156162581,1.2952993487118791
0.4024661875562444,0.964917041777803,1.431538973309378
0.2954446145267423,0.9501903460962489,1.4482737838041322
0.33278015587621274,0.916663218012318,1.398396517457906
0.364886258242007,0.908399752606598,1.3672749596633593
0.33051099757025376,0.9074726319379782,1.3769818919952055
0.4596560294229851,0.8362996946983249,1.271023000090226
0.4324803016413737,0.8661540886021433,1.313535967154623
0.5482560098675132,0.872153630212933,1.2802343132889433
0.4764953728278117,0.9125627328867738,1.3448430250454555
0.5271449404373288,0.917626346017343,1.3230950643737716
0.34638718135207575,0.9952176979487106,1.4486388687294238
0.34823477322307644,0.9956727715163127,1.421379043218637
0.39089337288646875,1.008082114901945,1.3949571950887862
0.4554982553157267,1.0159007292425397,1.3447780928185393
0.4180125674699674,1.0517193621494965,1.3662270591660444
0.43941601277132175,1.025074597572705,1.3019775013271875
0.35882795705930337,0.9896758696261606,1.255805107296638
0.38645041200942243,0.8261322262570006,1.037565906009701
0.3324508317458673,0.6386799996064102,0.8176507063945396
0.18194027783475822,0.4415720597344624,0.7024400000218319
0.16952280799485803,0.2412817369824169,0.5403674693719119
0.1560221543548274,0.0814265193277827,0.47131777125690616
0.244575883568541,-0.04627194679131496,0.2592860015774528
0.23219316654477928,0.11176260163982156,0.4664787556513597
0.26564744961938525,0.73612611924272,1.3458963881781596
0.37767577898324384,0.9626576764879855,1.685410201296488
0.39890204943364854,1.0173218153512502,1.686627469852996
0.48136596808885035,1.0164297989066404,1.6986486096173343
0.4148366207641418,1.0949826083629157,1.8750071838666074
0.5901871402572947,1.1028280359277702,1.7901840638559234
0.6589783316021645,1.078012568327717,1.6004965755347762
0.4414676470793721,0.9796668142639521,1.6614963516784156
0.45432054790277815,0.7802871102815377,1.4109498241998508
0.502248032078723,0.6984915074997228,1.1084949031705553
0.4468607740037867,0.7062831154657854,1.1075116897155965
0.43541715472345516,0.7393557481245898,1.1409931657246641
0.3383788449619228,0.8234010087611391,1.2593323548094937
0.39529243512505663,0.8128465540359012,1.2178341083551965
0.4583211468283974,0.8312371117025429,1.2151609816960385
0.43923546384556794,0.8169917864371148,1.2087969358491122
0.39492195160428295,0.8385735208230675,1.2511388481308139
0.2702425802042078,0.8647284273447974,1.3160809012175592
0.2788249860081681,0.8293560580132721,1.269218865849096
0.3203775829803395,0.810992182187357,1.2469492169042655
0.2625008295749594,0.8330286660432206,1.2862844177609445
0.2586050325286476,0.821083334548096,1.273898435632482
0.30501534792574,0.7609111843536764,1.1791741062138668
0.29120288341269884,0.8004114275607972,1.2012899951596128
0.32261785737466536,0.8357927991625379,1.2317534012144682
0.3564724844101144,0.8647383927496917,1.2269229112829112
0.293465974122153,0.8964203444055665,1.2749647857897477
0.30662985267949694,0.9373025908792069,1.2746657923400326
0.30680034382777865,0.9216762280986224,1.2179572735143125
0.3090473031311863,0.8807943039782173,1.1940031493804064
0.26612459178285264,0.8128111896615099,1.234922390442387
0.23495945365675325,0.7595201157418595,1.222838244237945
0.2314563385305596,0.7719203278723706,1.2225162723677039
0.24119583114633922,0.8017836566101818,1.2534812276888603
0.25438797569953264,0.805920082726194,1.2462908191055502
0.28190715382160114,0.8293561223966962,1.264368242157479
0.2714488910556013,0.9010192381911617,1.345381517514476
0.27929032891320377,0.9171008027610543,1.3651289623530956
0.29470178830898086,0.9382369132627341,1.3843776984321756
0.27403868972056217,0.8922919556806346,1.3385159221826328
0.36681009858639735,0.8008925417515684,1.1975936362077928
0.5046816151428728,0.7788740611277936,1.1254611741005054
0.3804675872510403,0.8927737121792488,1.2863133232540183
0.3102843567688236,0.9648824504406162,1.3904197719716285
0.32801419881173727,0.966264259684635,1.3825567589020906
0.2710045080039111,0.8210754259238643,1.2078364604396727
0.2712260796535498,0.8399115433094114,1.2331071341119852
0.2841474282159269,0.8541567393718771,1.2491724264676816
0.29075490955489824,0.8918291020375919,1.2900125246801444
0.2944789772085328,0.8771292182719553,1.2721033148110688
0.34485775063685464,0.8923016006948071,1.2736110537666945
0.32988881783098484,0.887701935071321,1.2614018078716822
0.2771910414269148,0.8711480653215715,1.2435039635275096
0.30061318947295634,0.8504678003344135,1.1387879163265426
0.35383036368176285,0.7967316182520553,1.0648056056982396
0.3439702245874906,0.7746855535473864,1.0855246491286499
0.2887908796256958,0.7489655953248552,1.1861906188518723
0.30284649627193616,0.7572381904592967,1.191212297326184
0.3124136445952895,0.739320513389275,1.1483802021775487
0.3585033163157418,0.6970662329790361,1.0819360959582538
0.46508236456495744,0.6952564831282253,1.0581617939677357
0.43625236323348066,0.780237736628419,1.160096666166953
0.5041892456927971,0.7701467143428709,1.1234462026788952
0.44873056487733887,0.7568106992281324,1.1256206138014164
0.4339111624615949,0.7287837386706626,1.0983378103073353
0.37850231545820057,0.7076386287335087,1.0954877092258806
0.4669804196247381,0.7090382471871154,1.0693793042316566
0.5467265791522921,0.7692375329590296,1.105206498326214
0.551679157564682,0.8409009699074165,1.161966653694814
0.5557454445528618,0.8372199390580708,1.11764411787202
0.4674384597049081,0.8413297435736968,1.1305458528936716
0.48359026581362086,0.7898761319164856,1.039683254884352
0.461986207207956,0.8054857121333572,1.037027179573173
0.47194665295438354,0.8330493690179858,1.0497609527177805
0.47665546156846805,0.835804182311352,1.035881674256257
0.4790951098162949,0.8293684060412214,1.0005877817677014
0.4867641982542119,0.7976689666567656,0.9465381798530017
0.4454602012863399,0.7558515612511972,0.9001833760760588
0.43920348130691106,0.7269228733248774,0.9546772198246288
0.4454477837595952,0.7457754504847881,1.0635656043429975
0.5410029103359122,0.7223664828805847,0.9914416714075562
0.6052728925420785,0.6746194867785499,1.0024194311277457
0.582322771205592,0.7173619473493047,1.1942872870737804
0.6376301752224578,0.9888941158923636,1.5639595957810406
0.6120318720945399,1.050448138841998,1.645970286689572
0.6073932488304666,1.0265493745133585,1.5696882191891528
0.5848105165083274,0.937885931262183,1.510742037616248
0.4606350336451749,0.7779957329170184,1.4296768741919454
0.4309302515314373,0.5928600700204603,1.2825068733883607
0.25107870620100153,0.25057199791524826,0.9955796728828242
0.10426814789697783,-0.07471573113368468,0.6865853988852743
0.2596255419778328,0.296492201016264,0.9208655056804358
0.5300386253138055,0.7329545662444443,1.1468184806951072
0.5402164379088226,0.929580036384555,1.36758865497926
0.486235485168996,0.9635618504272006,1.419309835341009
0.37474825168683773,0.9938531854635703,1.4770614846539971
0.3671776107248618,0.9676628506201386,1.4340583382205234
0.3354641932952206,1.0002718585612091,1.477243904087131
0.38724865233324735,1.0204986582580282,1.487954181885067
0.42793777902199265,0.9979986127595127,1.4534724445709186
0.46598725905834953,0.9920349497182801,1.4308808250675435
0.4933347162326383,0.9888257710752227,1.418663050000685
0.524234502016573,0.9442714968946803,1.3582408800629262
0.6010750488562389,0.9020260260404981,1.2899500164793387
0.46958945043399347,0.9428807488916419,1.3776518970055271
0.35808001794928374,0.9230995737332668,1.3900347967219087
0.34072066063355766,0.8959907972659675,1.3645930691413652
0.3331007959336112,0.8987453495364797,1.3701162968819782
0.3145573258642327,0.8854182727446466,1.3607427032569726
0.4111254603525851,0.8427181772623755,1.285757295844996
0.4671762071961809,0.8491633390504685,1.2755488107489925
0.5976494222574512,0.8487355311355516,1.2342102561758799
0.5453455714467574,0.8987987810902699,1.3153801289780984
0.5832953645563638,0.908453314671693,1.3028375478741023
0.5111636242704838,0.9534535953300841,1.3572491444318349
0.48398728641477906,0.9621721969423744,1.3562602495261211
0.44038709675421756,0.9901816062600672,1.382385951052884
0.46943260575806983,1.0108547996075081,1.357981915070021
0.3902225891346339,1.038392093951847,1.3714053401137467
0.379519317170445,0.9988750042337035,1.2947754815971824
0.339227085898442,0.8954948985784494,1.1585554854570979
0.35269423727557014,0.7392968566975032,0.945343644095228
0.29514231875105773,0.5931897290733106,0.7736328463466802
0.1934318882882052,0.33728296410118375,0.5334284249563583
0.12008313842360302,0.10114744926246169,0.36514846236857074
0.10965858371251959,0.02811061454199664,0.34350829221440143
0.19769354216695195,-0.008162000903263047,0.2668585416244806
0.2902098026569259,0.3244786618600962,0.6905977700857092
0.29972488413604065,0.8261794091289948,1.4533402844911019
0.36773753223936784,0.9851665297981013,1.7180451777484869
0.4172455259241212,1.040749496585779,1.6725972853023625
0.5040544525214171,1.0026567156369588,1.6952855893723546
0.40655265722144235,1.0623645985877441,1.8482202481880723
0.5698668813320328,1.0890377198465202,1.7614108161898274
0.6006092123659503,1.0913217040903156,1.637816802346452
0.35784850440780663,0.9787304977387299,1.702153783524256
0.4554265530068268,0.8110603286208565,1.4067976232659019
0.4726812697131618,0.6847009982681999,1.0942735265793102
0.4343603733573771,0.6796376426713272,1.0966189924845264
0.412214721563666,0.7154647632172197,1.1404743199258238
0.32491589959225764,0.8293733543360363,1.2897784678296667
0.38205106743709966,0.8376550148157755,1.2735508906753614
0.4504803289978031,0.8362913358262376,1.2389153916132
0.5147201685389041,0.7618827999976376,1.1262790142235244
0.47159077870258287,0.7696828312192117,1.1525527855539748
0.3976606606323615,0.7852831546849695,1.185697840444121
0.3003287403745055,0.8082288847442123,1.2384221228363286
0.27261080691792666,0.8371650275577515,1.2839446324320194
0.2630430424884104,0.8339469145168155,1.283274869982865
0.27687708748501216,0.8233833922657098,1.2630258747848646
0.4542308016614521,0.7214382659492969,1.083609202999034
0.3639765283644359,0.740711197008889,1.133819808926565
0.2879496059319932,0.7949019367192276,1.2193472818280888
0.3631574536732848,0.836720048598006,1.2123452214993884
0.38803636903680205,0.855556680614833,1.1988109047643007
0.3178020592596424,0.8932029382739548,1.2209381601094138
0.3325205352978263,0.894576517848849,1.1712662920540797
0.32181788511934073,0.8761952204224782,1.138138277076244
0.2699908851921265,0.8192307632548597,1.1671960764439544
0.25276071844018894,0.7820295480666793,1.211817606590927
0.24509100907045336,0.7925931990846334,1.2223653544056936
0.2495788624935914,0.7976476807420251,1.2267172695563873
0.2520689739301983,0.8045385949631823,1.2299007128425392
0.26180846654597795,0.8344019237009935,1.2608656681636954
0.2771202384117975,0.871156231043386,1.290163443079387
0.2933453276436604,0.904237608438709,1.3266487845413142
0.28648924690359656,0.9267465267864206,1.3544331386133923
0.273396170154956,0.8858561150270796,1.3080726533856943
0.33832776204773807,0.7889385294672354,1.1773531640603894
0.568229711380397,0.7269745717595824,1.030907902087978
0.41272259545590007,0.8399471647813858,1.1966163563838628
0.3214559436235644,0.8996470090327485,1.2931902847666126
0.32216988351686476,0.9272104736393326,1.3204759307349996
0.24028127613910744,0.7631850082978489,1.1592899498821336
0.26661634150752356,0.8004027476438169,1.1934355068896
0.2734952379595088,0.8491021293837511,1.2545217595746858
0.29009081071214526,0.8564565399919081,1.257702361260996
0.2887349685658156,0.8435930244066128,1.2434753032189958
0.32301053989799045,0.8601383425701165,1.2438174110354576
0.320370278345853,0.8555389344803273,1.2122056703739772
0.29388506406832027,0.820612700829613,1.149631815116718
0.29326412136703295,0.8431135824404152,1.1210554426909174
0.2914159097706276,0.8215227200701972,1.1048134132273069
0.2838747724456897,0.8008581431285403,1.1419225629207284
0.3132278887279173,0.7724015710480472,1.209118666469882
0.31517578725107326,0.7783742367956095,1.2153116575341132
0.3779102590813744,0.7145294785712416,1.1035217762036496
0.4000060770630215,0.6865114528477645,1.0646909609663282
0.4412596108421135,0.715002167762045,1.0725684289685635
0.4085836462763889,0.780228994944699,1.1570928068353423
0.4520343055468245,0.7756468805609897,1.1460406629076478
0.4056011750410176,0.7646107304497064,1.1518943851318666
0.4579050258517114,0.7145474804949882,1.0707245123296485
0.43842604062015206,0.6548208230193657,1.008794601687336
0.4144543762325871,0.7191295913897849,1.0817766492616294
0.4610315916702473,0.8146925652679019,1.1566113878312447
0.540284762022321,0.8450287154522775,1.1469217555297948
0.5802316773930538,0.8317110276673192,1.0920457913159434
0.5760146205639389,0.8165477758454172,1.0644381747890115
0.5512563516789142,0.7898938797954477,1.0262884927725324
0.5815856603631694,0.7811671768447672,0.9757672844347524
0.521019425286923,0.8275491384164427,1.0320171161806448
0.44504173347840514,0.8527949927575386,1.069018199974557
0.44104562977993805,0.835332069082454,1.0231794012710762
0.49746623076759144,0.7949144787696777,0.9361643284207718
0.42649640423281243,0.7760605495578582,0.92913904142636
0.44055932345324084,0.7397863889101725,0.9689042778666289
0.4465826727752771,0.7609386379232659,1.0960238445615464
0.5515554124591658,0.7430392899274804,0.996141377574395
0.5893414198386089,0.7026376377799628,1.0315489919861196
0.6464851228224939,0.7086441183381053,1.1370686976800906
0.7233461415588671,0.9512400091951798,1.470919731932395
0.6686242217774933,1.0366757568121576,1.5892503918453786
0.6375022241094787,1.0412581322184762,1.5809000480023185
0.6053517285642371,0.9493765754902507,1.521284103105795
0.4995978298411611,0.76835914036483,1.4142728221092709
0.4604970138969985,0.6066505792519828,1.2967282499796053
0.4078094975000749,0.353052636599814,1.043804464187628
0.17523736805847226,-0.0769975828659367,0.6501088356756278
0.17914199428917196,0.11638534101510428,0.7253801842889143
0.42058161848883685,0.5744379474741736,1.0160814492154706
0.49733564566397304,0.877198787246874,1.3252379753368655
0.5115851907054422,0.9621891078368215,1.4059235954053224
0.3692480149027245,1.0292256187424056,1.5190728954563795
0.3356359226878979,1.0269170738219702,1.507539096084669
0.32347835989502416,1.0324262431825326,1.513734928748742
0.3934628362491445,1.0126896869690925,1.473228411804287
0.44512540694504144,0.9984621739660507,1.448618980153924
0.3936844042795414,1.0315258056629821,1.498499088099992
0.4806349417327275,0.9934166915260763,1.427868429568373
0.4963448415801447,0.94656242357523,1.3734681959121509
0.4613775197059095,0.9525261544887995,1.3912091987196225
0.3490274429042132,0.9998171060384998,1.4802506093909042
0.3473281419725289,0.9336631599316824,1.405433167353828
0.35958477558599017,0.8914000038375062,1.3456864386925864
0.3505592204506831,0.8891001405785074,1.3420071310887454
0.33142369400447835,0.8826639136244071,1.340667604441509
0.3867604937162903,0.8615456134226004,1.3031734786239035
0.39460193127228926,0.8776271781015212,1.3229209236811388
0.4669774530680845,0.9015355210983956,1.3391487425221478
0.5630754122832572,0.9001805907704028,1.3075171167830242
0.5319042101798948,0.9337078463128401,1.347693133122624
0.4846796494437605,0.9607989392846014,1.38167899912337
0.48317427690730497,0.9713627186332896,1.3825254986804385
0.4060124606335247,1.0103902726496068,1.4355947348612705
0.43007774676416316,1.0172816375547336,1.4048238123061034
0.38253130169416555,1.020019023141558,1.3800861924318397
0.35052303190456335,0.9492569237723186,1.270653143405959
0.29363522461321134,0.8385224044558648,1.1312525578896973
0.2869046223672551,0.7241241532297584,0.9680890253466156
0.25677640466476537,0.4668455642843327,0.6417389580842859
0.1320340187567182,0.17142143110990835,0.3443071529096198
0.08866754103542294,0.04463027751064852,0.2911831895732659
0.15581905844808916,-0.014151831590056878,0.2304047064432294
0.251126840235864,0.06489206662877038,0.31390893919976615
0.32558840047235676,0.5642944766353396,0.9565571240033547
0.2929408452586966,0.89095173957818,1.5214688693973293
0.3562434449446006,1.0049124737100743,1.7130493214807037
0.4440723398107944,1.065558794350168,1.6652559596315064
0.525459137273581,1.0182835286653986,1.7180397414822919
0.4562174859308082,1.0499735181484677,1.8224423446731677
0.5697161114910975,1.0701934371752726,1.6894806638401019
0.5770067920483496,1.087631928068337,1.5904904001963343
0.3507702328959065,0.9612675096802213,1.6611656085123925
0.4518945545722068,0.8390705714341519,1.3698652098059303
0.4470601478572878,0.6750467222204737,1.0874136129168384
0.40094765740887933,0.6460927036333524,1.0649871145651295
0.4455547753208323,0.6856105015691623,1.0882601124739069
0.3019067751022925,0.8610643060815564,1.3214217086505742
0.3604974720202148,0.8665912855239349,1.3093721511388898
0.4372383415844414,0.8399640078034962,1.2511303189589678
0.5452993142654404,0.7352463942929333,1.0941370648616937
0.52843232639979,0.716864964610557,1.0707103087027605
0.5253003151229816,0.7246739985384607,1.0805854515940672
0.4363520501602312,0.7646195400057634,1.1500476277675737
0.29288060506723634,0.8376286522754856,1.2742405425744794
0.27315301983137763,0.8380832760313464,1.28093508465394
0.27833261655809244,0.8206287112283492,1.2672038944274855
0.42661255754445154,0.7347562112679521,1.1190826724464176
0.4150968957981933,0.7255654320433398,1.112219918058568
0.40224759090815676,0.753583647428177,1.1364988552253248
0.4558297959409811,0.7820746198761542,1.1249738284610924
0.3816504605538833,0.8367204348985514,1.1832414793496864
0.30162743201014564,0.8734482518060336,1.2229301552966583
0.3326700656879521,0.8711492229148653,1.1561927344550114
0.2867293010129792,0.868840420896847,1.164061430724233
0.2699699256403845,0.8114298306653465,1.208831036796142
0.27150418208847327,0.7852560204158168,1.2445949783915713
0.2470893701791823,0.8118925555415407,1.2670356816818644
0.25125596442272424,0.8137291166540976,1.2561659619968568
0.25044233518984543,0.8017838495423975,1.2389293561767771
0.2577415598323935,0.8169471657477235,1.261686349012092
0.3034829506538653,0.8504923610110533,1.2739157295416286
0.48973550106495917,0.845482694501668,1.2021225327764966
0.3416543166195242,0.8789830115419096,1.286643821235481
0.26360683407580104,0.8638018846005965,1.2821322172642275
0.37815341121457363,0.7623023169128038,1.1306593436237073
0.5570845331549124,0.6920568257478038,0.9907404079245108
0.39524135221087187,0.7783840747419976,1.135854917606092
0.3191645863150539,0.8403839127636642,1.2264069097073056
0.2874511688854126,0.8729929207047346,1.269592475573913
0.24866492660855738,0.7801848214503648,1.1760278471612897
0.27174609477086314,0.7907572811521476,1.1847288358628352
0.26235005973402414,0.8141843833719726,1.214354265411219
0.27191782416354043,0.8174024964129087,1.2150240278603732
0.27137561125008947,0.8164842479393137,1.2180335756384526
0.2774402599502051,0.832102573328818,1.2183813666545977
0.27371495284576114,0.8045308794892231,1.149286866574879
0.2771177607165926,0.7866130753968091,1.1161560223073341
0.28968958410352424,0.8343861712720682,1.1238910949609242
0.2933638082937835,0.8274953858177594,1.1110064042915382
0.3029106143779717,0.8229125658330682,1.1533111262184157
0.34151023651332646,0.7944561860306196,1.2059553569437902
0.3273333536631887,0.7728650661267048,1.2091158222466478
0.3203049256146638,0.7475929797568682,1.1631031280350947
0.3711040236143067,0.729229297953454,1.1262816097643418
0.4175863875093954,0.7113205574618812,1.0719015063703228
0.39775972783370733,0.7485291692596979,1.1321469470703447
0.40123519789587025,0.7940105658533164,1.1828621881741141
0.43213499333111627,0.7494562881838615,1.122440011240642
0.43610765857622247,0.6745751240589696,1.0359063503987218
0.3970229764509342,0.6497574030390688,1.015990691284169
0.35231133622805183,0.7549477127182603,1.142030612137784
0.41245117913647217,0.8289201461432804,1.1763702027857041
0.5674106366892459,0.8229834233486994,1.1094333146608013
0.6298965254050423,0.819319940250218,1.0662678738096116
0.6046680667698707,0.8340112145878955,1.0714719839595561
0.6009932228542068,0.8197662112395884,1.040854819654545
0.6040249274788598,0.8064395851317249,0.9975268601882206
0.5794882314498877,0.7986218060311886,0.9846478509695898
0.5143843015474265,0.8477583877459576,1.0415702753288099
0.44213005560683993,0.837168566029644,1.0171603057149174
0.38235462138420484,0.8242874992045718,1.0017761457055996
0.40915923626832656,0.7990242867742163,0.9490660704381367
0.42554116690940047,0.7641316104006299,1.0052214061457034
0.45511585363485285,0.7545111561417982,1.0976881842416337
0.5517271418518431,0.7696845051882415,1.026436569571933
0.5730886680497135,0.7274378754324234,1.0454569324374512
0.6273711756534358,0.731144612776134,1.1375960656550637
0.6828059303604986,0.9291769692126396,1.446826053175221
0.660190727844668,1.0274850419709696,1.577537013765912
0.6806820964372025,1.046784784510365,1.5931035984551487
0.642095848945667,0.9438760803771854,1.5229427473437003
0.5781154979125824,0.7421950984448955,1.3754306369747256
0.545179017595286,0.580486666098897,1.2481848174618262
0.4908095735363619,0.4398971950380885,1.1050762125966793
0.2988995219198072,0.0663643361047919,0.7707939880305076
0.18538802014689132,-0.0995309446889533,0.47749540880194513
0.3047650933877285,0.29693185148649054,0.7323779665119198
0.4196142528583693,0.7361456716025058,1.1966841293361565
0.5007114287993855,0.9382983804631483,1.3860022548400142
0.3520603869796757,1.0287620575358676,1.5239263598733739
0.35741109337366317,1.0168169191910157,1.4969885066700603
0.3928707750466626,1.0195805385512817,1.4812624822799125
0.4144243752892031,0.990644266098666,1.4454412183185272
0.37773073257352036,1.0094714464696501,1.4822598993617593
0.4075682963587602,1.0131531837922063,1.4732255710789093
0.4132402625355507,1.004425965774132,1.4615093522740652
0.4811051121802518,0.9520715281162543,1.3845146513933768
0.43398022871955677,0.9635444279542723,1.408451485990457
0.37307114975770495,0.9777717495514975,1.4476127922135276
0.3441961306957206,0.941472193859586,1.4153083102451347
0.33564075083359335,0.8978271654463089,1.3682752209684406
0.36471452884932976,0.881754537345837,1.3369797676658215
0.3181817065911167,0.8863365856016657,1.3528825317872764
0.3427676263580594,0.8652094775882583,1.3172351668318203
0.38821602278937056,0.8587909323852397,1.3073514982665244
0.44589402809872386,0.8891266283967333,1.3316162248106798
0.5134604270372667,0.9047625728983512,1.3282705010982392
0.5172565371568281,0.9323261010161313,1.3507055216260808
0.5197466485934349,0.9392170152372886,1.3538889649122328
0.37297146283095445,0.9933899461741533,1.457661830612907
0.3435265839818674,1.0140537513869476,1.4787601669678176
0.35888758199848536,1.0218631707431685,1.459531565960494
0.3616478703037107,0.9975095259971996,1.3959574528960106
0.3490957670177116,0.9152657851062224,1.2595837099414389
0.28236878018382944,0.790286133674613,1.0992672075033996
0.28074510043537826,0.5950340663360367,0.838526360236152
0.2023847690049075,0.276183605723693,0.4532616271546371
0.06602159266638793,0.095141019995586,0.2547781361504557
0.0927055610720171,0.07769507159837298,0.2537520596345595
0.16373191874461018,0.02305735616966533,0.24699452692298499
0.2894158935249797,0.27806274973267775,0.544722493964648
0.39756580908978995,0.6718114403152796,1.0564829984804867
0.3126179673057754,0.8771704253310312,1.4762969915431614
0.3627776491924914,0.9580498451426844,1.6265414758495984
0.46113808180454124,1.0315680419846174,1.6250827840172841
0.4989253189834823,1.033437970931244,1.7474941153735166
0.48600521107832845,1.0614643520378957,1.8184325320921506
0.5656412804176219,1.076149642712357,1.612055943183813
0.6282681402562227,1.0513340533237698,1.4320696793745624
0.4027953675783415,0.9447239916359117,1.52500603208387
0.4299415820716036,0.9093438433192311,1.402380775888292
0.4706343039886601,0.7154823179459092,1.1416314288888552
0.393527166562434,0.6176108626585529,1.0504122655069843
0.3474596841932219,0.7099376567524489,1.1622251283185991
0.29741953899173135,0.8771456140990088,1.360571650223206
0.3763797209857139,0.8675180216364656,1.3287689644546024
0.45235680478043705,0.8211363784929987,1.2482660072549112
0.48853525449243235,0.7223735540841875,1.1205617537169223
0.46377698560740765,0.6957196580342179,1.082412071700443
0.49205994829256583,0.7389100635638624,1.122750620646605
0.5737318073407244,0.7550095048885941,1.119402056208787
0.3135941662412281,0.8969003005669299,1.3585796550359617
0.2734970962309125,0.912509496118684,1.3850273251537253
0.3462701259812971,0.8316734751287322,1.27405528066704
0.4774122752694992,0.7375283182671536,1.1257630091500619
0.30388169836086754,0.7880195745204304,1.2337195759441122
0.32999519449247283,0.8064011956086231,1.2425944575303376
0.3562299520023198,0.8381013432107453,1.2432871988372505
0.3226898998405921,0.8780562110459548,1.2720976316113854
0.2976325677624879,0.8982569057361807,1.264095066541972
0.27565678377241215,0.897321876007215,1.2077400228065442
0.27504252959944836,0.8541402152140892,1.1704053393132425
0.26984927916189194,0.8192470946984889,1.2605150355477086
0.2573999602232531,0.8270641016340486,1.3316015299402073
0.24935914790894256,0.8422189305275246,1.3319521623375783
0.2451420910798276,0.8270556787056227,1.3043445458106464
0.24378624923510134,0.8141921630112989,1.29011748755003
0.2522695872345088,0.8155737793231022,1.2968063459925752
0.33302813374227974,0.8353461488504471,1.2862702115106641
0.5117106629168025,0.8252819363002459,1.2149757232864555
0.395243211387086,0.8417914411498449,1.2663604825292831
0.25256258162466944,0.8555375197894506,1.3189193950874076
0.32646988096693463,0.7687288973263323,1.196903735626258
0.5381988437509887,0.6677108960396799,1.0077801402532236
0.5307008649803443,0.704919761882281,1.048623079191064
0.29850272778065157,0.836710532568739,1.2675488429693247
0.27268284817743943,0.8794284398772823,1.3242888637034007
0.2732238228464949,0.8380751103095317,1.234275605102063
0.25650636416455636,0.7962663861292859,1.1957752922185252
0.24558275879512428,0.7801847570669407,1.1808784708529068
0.25650636416455636,0.7962663861292859,1.1957752922185252
0.2733733532366207,0.8146478153755481,1.2192020475029943
0.26212848808438555,0.7953482659864254,1.1890835917389064
0.2581822278492937,0.7700762440000131,1.1382202738357365
0.26121455219935147,0.777885406694765,1.1383941693438089
0.2766469705436636,0.8068224500040151,1.1160079455079335
0.296545665446795,0.8118772527062997,1.0961067404516138
0.2986443338108862,0.8366942011251098,1.1742298838655705
0.3119440890475144,0.801801467346169,1.235235838824799
0.3628927222629388,0.7600104888643149,1.1833407594571208
0.32388008260357726,0.777456179727831,1.2037693307394848
0.3472818896168675,0.7701107713898895,1.1841900997395667
0.4208901281788811,0.7301567387947386,1.0923215554765542
0.4238011863250416,0.7246473767200174,1.1006775947617964
0.41830094954092834,0.7600198099988529,1.1426890055641785
0.4724806564088513,0.67366581390828,1.0273678934292743
0.41031480732767117,0.6382756327504825,0.9987512447387119
0.36412543902915706,0.6961481132722896,1.075244396353099
0.43077915118478655,0.7365927725985661,1.1082129531986418
0.5337553883329536,0.7628014347717779,1.094165724295743
0.6203576460935731,0.8004917958723267,1.1022085516384914
0.6135729706010296,0.8441283436244932,1.1268352938128203
0.6230902899379746,0.8340197596324302,1.0890277073703043
0.6314733206820198,0.8298837839823305,1.0622637496750633
0.617859610297075,0.8170118451415238,1.020779706847654
0.604937643215707,0.7816308598403284,0.9612125586430968
0.5909534320676646,0.7944858982536701,0.9530332581470632
0.5710258556657278,0.8050411255799987,0.9363240203019565
0.47623327540810495,0.8059328810019988,0.9437053683083724
0.42565512088779855,0.821996894441143,0.9622957113982901
0.4136550119910572,0.7806678014520961,1.0316633985291845
0.4579770683176381,0.756810892378405,1.1110687427265655
0.5871868235248426,0.7724481245485073,1.0107105451817853
0.5861805246501672,0.7260567026087077,1.0048136937249281
0.59149055139148,0.7407812766900608,1.148149471174784
0.6113443347984261,0.9227314889963377,1.4812876637250232
0.6340273737727204,1.0169125244274737,1.5736866618729461
0.6730123882738808,1.0573484350922047,1.6036513453954515
0.6489525476015147,0.9425029514862607,1.5386602495577155
0.5908158921378979,0.7587399667966579,1.4097271123814346
0.5382232517380925,0.6186137804150929,1.2860182086215872
0.48592360693486164,0.5184513340637625,1.1844223530821087
0.37410378595500254,0.2795439575316046,0.9900595380478625
0.2741092704961256,-0.0503584730574151,0.47852458998954506
0.2438644238648405,0.01070775603224865,0.40600778902163487
0.37740657639336794,0.4398213353112002,0.8646139643397039
0.47807761356306155,0.815172457918069,1.2450768825180043
0.46914692444729306,0.9263443037953911,1.3706124063842275
0.5212520211298903,0.9286532358886002,1.3530424653551643
0.5887187331416827,0.9599073770128739,1.359745780042103
0.5306702539628669,0.9552986442996338,1.3687857862778512
0.4285298353988189,0.9911077629217797,1.4454383775931499
0.5216945471165908,0.9451896809848509,1.3600819559764639
0.4421921497963295,0.9538990258460271,1.3948941912720751
0.4156583315062309,0.9690534681118722,1.4243485651632999
0.4250045218732807,0.953435464639489,1.3997476556890698
0.3537140504554476,0.9524994056479641,1.4210025927684427
0.3876960088784711,0.9079451941063896,1.3557297956412104
0.4182751546050074,0.8813087884016853,1.3235878462793793
0.41681962553192714,0.8840634694390459,1.3194098266367584
0.36893096595304004,0.8757820003651232,1.3210855292183563
0.4729472405743173,0.8036821356071226,1.2102816985703722
0.5260154968799192,0.7945090398780481,1.1948748057623197
0.47679381388265857,0.8445723542161906,1.2711940548729213
0.4261165921610064,0.8973903530806066,1.343335291336615
0.4592579014413876,0.9199082699915636,1.3547210086621397
0.5367625471238064,0.9130353611830654,1.3187403084977
0.36917535271139307,0.9658264180563729,1.4352268100850651
0.30535521680979455,0.9855631012922056,1.4660320761484296
0.32752244908706635,0.9786727017023281,1.4240436424548775
0.3430822012317806,0.9341099390106217,1.3412151096743985
0.34431491799799896,0.8702475634185963,1.2331187465703768
0.2809186989818494,0.6850866951389282,0.9993271677189475
0.2356774635416364,0.3386816168031825,0.5800793937677713
0.1254049629662558,0.10481234530760822,0.30160015657709066
0.05845156901698895,0.09008647482699834,0.2552768464403074
0.07322051065678072,0.10478674402095217,0.24408231241075254
0.17933186623524416,0.2288653258823392,0.43766922375672823
0.3497460688952593,0.6001143972107809,0.8809936165185202
0.36643899534021895,0.8054837197361188,1.1873965210090132
0.3280005421867123,0.9139165669516094,1.4589352869069756
0.4067698919996619,0.9332501939188672,1.568977936165141
0.45502358964105033,1.023758814906441,1.6297595122008286
0.4686668036630331,1.0421565116490223,1.751355851155133
0.48272304003467825,1.0715648955860797,1.7998793846038421
0.4795751800380874,1.1261958564946921,1.6532637244857777
0.6340391736343591,1.005852849880424,1.3668025671959418
0.5393806096733924,0.8675622590781099,1.304983299562574
0.5535082687855596,0.9180982660959685,1.3503492084338031
0.523326631315216,0.8399903077048182,1.255291294249323
0.38726252428341257,0.6120931417117444,1.0266606963152
0.29261525393148563,0.7397833037391786,1.2017342255578147
0.3234111467812068,0.8610729224873407,1.3341268223611322
0.42318333501229444,0.8528272049605828,1.2896105024547662
0.4312733798110764,0.8087274857913362,1.2407334895434434
0.512999288330073,0.6667921324986912,1.0495946775642389
0.40350981131141295,0.6952470297379263,1.1085147882481985
0.30637242952287913,0.8160462775442032,1.2804048742046612
0.572990840299177,0.8064634384629265,1.1860115357600214
0.404463309817371,0.9419448204114217,1.3892055901995226
0.30372795834403704,0.961672567068805,1.4315588645082704
0.3452577377946663,0.8721003918094155,1.3204186101179722
0.5032051265180505,0.7738278095756409,1.162918114810072
0.31199455223629435,0.8151281578374567,1.2737131745995065
0.28908511467307973,0.8312009129603211,1.2953073770210348
0.2989957145433042,0.8665736690285057,1.3130656711142603
0.294258024077885,0.8794288901251378,1.2903344969876176
0.3187159927318486,0.9106657984378431,1.2716275842534397
0.30112837644457424,0.9304034465528108,1.2296734931936208
0.32260993301477414,0.8592037626528923,1.1535079997097828
0.3651336163826693,0.8059468946421113,1.2116467987417203
0.24714045249016003,0.8463550350535013,1.3490148728682012
0.25823516782846817,0.8679460904649635,1.3507050310383446
0.25406795476433197,0.8449737402227051,1.318072895093107
0.2487664721083151,0.8279739914536134,1.296484374122334
0.2510356304142742,0.837164577527953,1.3178989995850345
0.39090488835407383,0.8133096645584696,1.246935009779521
0.48187310395721816,0.8216001972332335,1.2240100480714489
0.387252863166366,0.8702729602075232,1.3051884500455133
0.2744596370333228,0.8798916791666993,1.343688517744491
0.320156010124287,0.7921560652379238,1.221678544106417
0.49124569933428236,0.7058290076495464,1.0620121598521284
0.4944497530770175,0.7402833856050596,1.0924812473577388
0.31830235306960925,0.8785193215685232,1.3011985330357094
0.4634232556309131,0.8794732537169462,1.2568475794655698
0.3067085812609193,0.9138834612309237,1.306251713418377
0.2733235097732454,0.8224569136868759,1.2242265667026837
0.23665689541222343,0.7622666954408296,1.1671501213518298
0.23633625475161807,0.780184564134725,1.1954303423649897
0.2605516928074079,0.7847844222543127,1.193087715873455
0.2768758504470305,0.7811118137882501,1.176022163087142
0.2762333308814243,0.7746759731346953,1.1455788942902032
0.2693267863493736,0.7838582012091758,1.1348859130248061
0.26772110716076275,0.7889043883779042,1.1022795960068568
0.29292128471991097,0.8109589398492806,1.10396691192131
0.32096171499727455,0.8275122958399785,1.1606697484218111
0.2880997560475237,0.7926104305878596,1.2477755792034173
0.35182020622878557,0.7884919435385689,1.227019350664968
0.3679948310654545,0.8082466308787183,1.2250273572266521
0.40700686065072267,0.7696651477236738,1.1610969239741773
0.42737572358855036,0.7333747878883645,1.0978419424917896
0.44747440965775964,0.7283289870201813,1.1013445173600371
0.42893093958838113,0.7150019102283481,1.0919709237350317
0.4535667028186991,0.6860657039036129,1.0512990395798862
0.4365009608249523,0.7200564562691639,1.0914722151941083
0.4303588242006376,0.7701288376970603,1.1465422121739488
0.51385669584265,0.7577466311972652,1.1140669276031345
0.578932983344586,0.7664916614777258,1.107537760604542
0.596956439503065,0.8289729999907088,1.1652896516042337
0.5958935929533098,0.856073224435648,1.173175641782602
0.6093565334973193,0.8501008806052069,1.1427295322602857
0.6036341041317488,0.8455014081319934,1.1159684152904223
0.5817586292066561,0.8500839697107596,1.0930661863810844
0.5808446933216221,0.8326211104190995,1.0423767639859869
0.60084245507357,0.8009219320574977,0.9689246558691507
0.6043166856849236,0.8041317510458849,0.9326361870241262
0.6053506483230455,0.7926415575017869,0.8881397556932598
0.49953539549464465,0.8142056692867132,0.9341751757078335
0.45328129695570296,0.7852679786540637,1.0050676478955474
0.5026327902421568,0.7462480143976556,1.0423135114868591
0.5919448731192217,0.7462580402609477,0.9483048899904165
0.5865510081709409,0.7003297358215416,0.9715089539493108
0.5582009373998739,0.783962228828917,1.2388410512641728
0.531770524388954,0.9103132072878005,1.5192575166024007
0.6107966764267028,1.0297673592235603,1.5800592298960054
0.6544688989018796,1.0440213652781967,1.594277765761873
0.6424675719172501,0.9604206911952509,1.5766417175168772
0.5850448587597615,0.8042211702400035,1.474994224560055
0.5553333917369422,0.6847680484390314,1.3365825322005784
0.5019991452675622,0.5749600138070082,1.235981267008996
0.43924667046459287,0.43850651839629956,1.1196366198390901
0.42069702244378976,0.2138215466004839,0.6752444624786866
0.31441814502474724,-0.08712796428876833,0.2685965808921772
0.3411194710982464,0.07458852333747827,0.45220315309766695
0.4963365045501787,0.48808434969991843,0.866805910183611
0.5503084210502873,0.7334181918344065,1.1371143925864953
0.6050483338267498,0.8482806507182221,1.2469182106118157
0.6171782509523858,0.9006530902998463,1.291115647618503
0.627288227088939,0.9047894522504912,1.2887758631640418
0.5536793784528321,0.923607692554114,1.337142545456944
0.5540000185102305,0.9056898240782755,1.308862324881016
0.4223925245073718,0.9120902368462429,1.3612445012056904
0.3565254216748576,0.9626082401958989,1.4394076704530638
0.3698172525515946,0.9511264699073123,1.4221682239076066
0.4091505370940101,0.9157629088235015,1.373459428551458
0.43854495034148927,0.8817724139916475,1.3138837581707679
0.4239471207817979,0.8725815703836108,1.3118716274745355
0.4853984174827564,0.8592724955155242,1.2697007699755287
0.386710650252915,0.8693547117339283,1.3081979978235927
0.41965803113806754,0.8151549031893796,1.2439197735549727
0.4930459266435266,0.7986363347389395,1.2137842734386195
0.371620451243148,0.8514365213409687,1.3041708957057498
0.46971616209616307,0.8482451549602977,1.2737077348354549
0.5575523567711879,0.8643447250518779,1.2606579230144026
0.5365409742677539,0.8941992442336324,1.2934696356998518
0.3695458410578224,0.9400994495247506,1.401922066811591
0.29707125326709516,0.9529450915170337,1.439245140469894
0.27976111968933964,0.8968914279357911,1.3652770387152642
0.27751837001263674,0.7875476544418051,1.2064654318840806
0.24218414574776215,0.6478768181551369,1.0312435370911524
0.1588165720499776,0.3942619456149233,0.7335070761758004
0.16397631402942772,0.11310178346391571,0.36113581605788947
0.15546953447905754,0.019376067786622563,0.22207448586665923
0.08123974278913408,0.06069519406243275,0.24186478604702027
0.09262745342241328,0.12224998961315771,0.26566799265614816
0.28330960322945925,0.4305553332158719,0.568782729218664
0.47581963333303784,0.773786405004907,0.9732763188395708
0.4333069660661032,0.9093112517937112,1.2108922111178293
0.3322607592778902,0.9869532694083117,1.4902766715559175
0.4431146256460622,0.9690867034716345,1.5673308930175929
0.4563295883240048,1.0444314288030643,1.6490110894425185
0.45739429404997406,1.080738570765972,1.7716306641873414
0.47331908184436183,1.1184029608601451,1.7512594117730762
0.47064263586670196,1.1739603429424814,1.6482936605574723
0.6191207040172693,1.0145798747482258,1.393070657075637
0.5988335350111036,0.8349538314600858,1.2181421222203421
0.565565523719864,0.90707150499156,1.3107005600691761
0.5569332756589425,0.9502529721982991,1.362587113762865
0.41408995789549047,0.6580382282787495,1.062821225618741
0.2657103323952086,0.7595289239895742,1.2209914842502596
0.3719410913005464,0.8335186528651305,1.2758906751298222
0.48646064430710684,0.8110364822679693,1.2183129248227633
0.36696086842733266,0.8197368244228161,1.2695237885575184
0.46745120979766697,0.6888288725799093,1.069527381031057
0.4984728815109037,0.6787289119714558,1.0444249222905262
0.43770851203196565,0.7986188443936743,1.2077765407839713
0.4708726303889917,0.8923450637909044,1.3080328696762131
0.5588583554541422,0.885017338948501,1.2799095002560923
0.38451415413828743,0.923563326345621,1.3706294577322065
0.43302190448073113,0.84593654478421,1.267024557406433
0.49516493483395513,0.8101184269446471,1.2067706015259918
0.37443120273715325,0.8404095670862877,1.2790741184159742
0.2962348065126742,0.869791524971859,1.3331379292043468
0.2685660980004797,0.8697827802353404,1.3301340637514867
0.2714482716318,0.8798834492795174,1.301879662321463
0.3101335881343023,0.9460381673332543,1.318489618747439
0.3057879586571826,0.9621031436890204,1.2643206007790846
0.3388848645035983,0.8844760421730016,1.1849688228464847
0.4360314101028328,0.7825374084816016,1.1783278483435018
0.28203634679821754,0.819263682803587,1.3344314981360663
0.24773250916858974,0.8394641851067398,1.3409808056718162
0.2594691249503063,0.8463552921510841,1.329612377227269
0.25796375181064385,0.8569190717178296,1.3304588772215697
0.26385729084348686,0.8670279706491885,1.344013331214574
0.2932024821626164,0.8619823622771069,1.3329640336962743
0.45728718419027553,0.842727305246641,1.2596574130269047
0.43568373565870405,0.8794726777550407,1.3005031996858363
0.276999591933305,0.8789734950765286,1.3418474418309534
0.43667330994303427,0.7678374603325409,1.1652692621660432
0.4841188238098163,0.738446695507597,1.1130522139887487
0.5373581897826908,0.734783026236668,1.0844386582038372
0.3930460955470538,0.874864266958922,1.2852900874634998
0.5719501927519733,0.8836361731026102,1.2392662755349966
0.32224192598279144,0.9694738855227495,1.3608201611319166
0.30015094338532333,0.868402000253881,1.2603870960062247
0.3568207689283366,0.7889389157677807,1.1482494219106871
0.29152352347009725,0.7824935590849589,1.1730097745836852
0.243314219611363,0.7921299600132736,1.2029657008018353
0.25650636416455636,0.7962663861292859,1.1957752922185252
0.26294149759185953,0.7861577442955099,1.1628183425845888
0.28969627142543386,0.7687036293042542,1.1151327847678871
0.3060420059293753,0.7939677431025487,1.0999341283527122
0.3008125657392852,0.8192314062168737,1.118689837778856
0.31748624493511163,0.7820308992463599,1.1099545073180417
0.2671160180049136,0.7645833412635414,1.2301940230925703
0.3342620947849631,0.8137553491191971,1.2651775548575799
0.39097631109459585,0.8344372876392707,1.2437773852020408
0.3934436038032465,0.7701199028630674,1.158090223917189
0.45181273269077193,0.7568107636115565,1.1207699901097996
0.4332422378859743,0.8225010841284117,1.2052915202554872
0.38887888218131406,0.8518919168256922,1.2526579517368783
0.37142045766424214,0.8615371257836646,1.280767117530111
0.4234757108834642,0.8716551561882014,1.2682216957007377
0.48731805181968374,0.9019909809665433,1.2827851748616592
0.5516305535521162,0.8909816458239759,1.2539948828432979
0.5864261363823627,0.8583727031385577,1.2059586950340015
0.5709149906630421,0.8528547890414768,1.1967589969170687
0.5216926879403767,0.8817823145770037,1.2295763910532729
0.5500248743635053,0.8960278329927044,1.2213885658253483
0.5417126466345775,0.9001556429209894,1.201493043968712
0.5680963148091455,0.8872927067865124,1.143610372702159
0.5781558277569189,0.8781023782458695,1.1027932524729902
0.6006935423485503,0.84548501230494,1.027500079878285
0.6062153604701089,0.8390493039073906,0.9873555522624439
0.6363231156009342,0.8114864770294518,0.9115636571353883
0.5776819410172649,0.7926328123291543,0.8851358893659356
0.5035093001905603,0.781596082767053,0.9346452248147075
0.4680286569055202,0.7710315273281165,0.9920062209927114
0.5597876733622759,0.7200590316061328,0.8974472675294286
0.5710404628744022,0.7159476175049012,1.005811124798202
0.5610129283446885,0.8152068521794672,1.3007479839231912
0.5282458305888206,0.8937766978081255,1.5170686496727182
0.6049031373938597,1.0196584602922014,1.566504775903001
0.6481334536077409,1.0385118100532031,1.617185676121966
0.6072300635230853,0.997628984564859,1.6611402836706977
0.591702183562108,0.8340844345943907,1.5108098035728281
0.5779936119832804,0.7077407848728066,1.3401109257774981
0.5476907083090395,0.616314301712183,1.253235155370188
0.5253714679464371,0.5620888405894672,1.1362897258907558
0.5341158077179172,0.5133652456258119,0.9109718470308712
0.4068598767455579,0.11870610868579777,0.4779841355267957
0.31966978421738884,-0.062319117208348644,0.2952096210626399
0.37426079002993895,0.09710643675952298,0.46358886342747807
0.4860547990209481,0.45730277248851237,0.8388505026405342
0.5640926213770999,0.7306637683307429,1.1218899174626487
0.6024585354633923,0.8570079331197207,1.253783805725043
0.6035429612902942,0.8588444300669105,1.2477647101688842
0.6041350176671204,0.8519535802291774,1.2397306431911153
0.5263091122018986,0.8556085687108983,1.2604897089570852
0.4070807526415522,0.8753359295038503,1.3319467262899993
0.39894087403070627,0.9272447434955123,1.385848251405298
0.4073245245001562,0.9442445566480284,1.4025861486844542
0.4757315870583082,0.8928083674637456,1.3225819000256864
0.5479347500847102,0.8689357098861555,1.2650126788904739
0.5681823468186405,0.8193268252813731,1.2099398411852558
0.48096040752299357,0.8464089155468046,1.2603243356251455
0.34358125559093816,0.8771547446999587,1.3344717726519
0.41581207755513094,0.7954004733829272,1.2265092722268207
0.4115457873367341,0.8091821121638815,1.247428036869689
0.44769722196462164,0.7894366815748461,1.21361890010668
0.5178534192665218,0.7963453436749652,1.203407581281012
0.5561244721589313,0.8092177975831659,1.2060866345754855
0.5859121876551403,0.820708634961506,1.2020768289901818
0.5169401031068925,0.8000182731859208,1.1962200138603116
0.28708798999912544,0.8541731351989306,1.3376407618798185
0.23705688377644896,0.742065486119324,1.2139576768286435
0.18202210142396252,0.5238318754076001,0.9515351985955541
0.11268794038107709,0.22841706423994196,0.6134516412768742
0.0338310327207501,0.05106496187925184,0.4089376900660954
0.061841342048498824,0.04095677029333128,0.34202637371637595
0.1484921893447173,0.028566460710689575,0.2580409824042108
0.11808353562034749,0.03957650756008064,0.2334744023791168
0.1750367017565254,0.25825699207522207,0.42197754025138506
0.3339543451061087,0.5647088538498745,0.68629864191428
0.4987722294505459,0.8155870926663008,0.9554159056624617
0.4841006186074738,0.9989016886911144,1.2698327112399794
0.3637471583932066,1.0434622632186255,1.5175824512843645
0.3857518197614905,1.0287872559406637,1.6105479607925555
0.4405187620990277,1.0646323157713347,1.6264566515493257
0.5025135111642466,1.094513066982074,1.6682799562210338
0.44046285345197533,1.159259743980864,1.6837413341675207
0.4877798006009708,1.1610972136577318,1.6049628603657702
0.5565849911407202,1.02605244918021,1.441260603135089
0.5466287514017557,0.8482630959895326,1.2457611016487842
0.6110631390634902,0.8717080744190542,1.2522905208276502
0.5909602469868178,1.0269795715932861,1.4315536743010997
0.5037749838923252,0.7168644495431632,1.1095152982356964
0.2884480405657459,0.7168109536059487,1.1691020898311935
0.39056142956871925,0.7600192340369475,1.186344625784445
0.47980331950476024,0.7811732179135824,1.1824973458099903
0.3770203813751059,0.8105464958821734,1.2287066683283498
0.4740082279478583,0.7131745447543363,1.0718901434688124
0.5448561685533353,0.6975741603940669,1.0435957192659968
0.5046330111303069,0.8289547370443531,1.2174894032489891
0.5364412873410033,0.9098174408562879,1.303518674099231
0.6552271305659606,0.8735536314781727,1.2250221591493038
0.4626108658488438,0.9097995642104774,1.3266146835942847
0.5358762556995962,0.8376908933853326,1.2176576173063067
0.4222201753892898,0.8643092327828662,1.2874474542337555
0.37514514504328145,0.8679730308206437,1.3063597626354329
0.2990461777320842,0.8799003595197936,1.351543006888968
0.2819077735470059,0.8504919111993119,1.307870097131876
0.2752942252147366,0.8996378790859699,1.319290163649615
0.315113811007516,0.9598199957755688,1.3248565053197427
0.3013499486974198,0.9492395637203012,1.2549441664287013
0.31565478447015755,0.9184666666439322,1.2348432475928692
0.4568938819415456,0.7972459730364466,1.2040915482315184
0.3250444711356998,0.7981451180897688,1.3163398899562662
0.26832356679909913,0.8431457302602798,1.346498350431362
0.2729825298895098,0.8537096383758167,1.3376436026051963
0.31021838310581573,0.8358007073506556,1.2978153755328135
0.2873089431297733,0.851873463345748,1.31940957970327
0.2673826037658181,0.9047002691495362,1.389704053555886
0.3829865825992804,0.8840545954995647,1.3261072076926683
0.5079865952631678,0.8399818200658824,1.2328849331555312
0.39129757087739897,0.8376552079660482,1.2589990196005103
0.3643206068751952,0.8151374163330269,1.237912047896038
0.545791683715516,0.7439737410778562,1.096152036283304
0.5496874807618279,0.7559190725729806,1.1085380184117664
0.5564666914934765,0.8202366504994567,1.1796733086217672
0.5612481602385938,0.8863906609896982,1.2496401269672264
0.30786566807273874,0.9791191593002602,1.3840787041079967
0.28562515508514474,0.9014745689653754,1.2987191965813731
0.4102817077572637,0.804111363446285,1.1449065389236244
0.3638984207148321,0.7852661150236738,1.1457357419481535
0.24910807171745553,0.8178570555672883,1.2265691931942186
0.25473019503407773,0.8169389356424848,1.219877493151832
0.26506112430127887,0.8187756257399472,1.1993065265208223
0.27354384317848857,0.7990214530310777,1.162493529551738
0.3149678693122762,0.8118858047286597,1.113662477853789
0.357654118262148,0.7664135378637629,1.036847357429785
0.3061194938535744,0.7282770362851482,1.0445163403567264
0.281171634651154,0.7728559363979831,1.235215701566882
0.42079230042834465,0.8091823018252416,1.2328761587991246
0.43805135109191545,0.8307734861125807,1.22486506980465
0.4535618770858315,0.8151556114070461,1.190562912947186
0.5211282760243743,0.830791555908664,1.1872171892347454
0.47062279334671064,0.9102547665449281,1.2896536107002639
0.42502548142502267,0.9612363972290022,1.3581126953368825
0.4049772585445934,0.9796088885884734,1.3930874562433424
0.47306368104534696,0.946090567880029,1.3413634281605025
0.534366057430273,0.9773445802374542,1.357767990230675
0.5490137304533397,0.9787263255341629,1.3547556017272182
0.575375819350761,0.9369266680075566,1.2950060358384554
0.5673128089387094,0.9020089863792025,1.2499879179833715
0.5212225174928524,0.9231274779868256,1.2729301692282693
0.5197171449563969,0.9336912573355138,1.2737766687853378
0.5089646492542373,0.9231190547313141,1.2456731844428603
0.5647433504016893,0.8974014125675984,1.1717166977700142
0.583236357282288,0.8974017988681438,1.142612955620312
0.6084857561665787,0.8905114640978046,1.095773899109607
0.645079108767372,0.8661666898026489,1.0255023795621185
0.5982243925239841,0.8463950341624533,0.9826816648042772
0.5184001253468263,0.8307506664053239,0.9587704037313085
0.4936418564618016,0.8040967703553542,0.9206207217148293
0.4821760381789185,0.7870968928194141,0.9087334481272902
0.5507621230526244,0.7177591666026776,0.8937679564277308
0.6022837267463141,0.7246837668680559,1.0059793248640925
0.6209588621605028,0.8124615531711563,1.2594236189855395
0.6052575063983816,0.8570406464342639,1.4355711091208443
0.5791109058707131,1.00449475778633,1.5728515252173882
0.5884091119506019,1.060093219033122,1.683780699866039
0.6026929863619765,1.021519390021411,1.7053147426940907
0.5831696031253144,0.861647712156299,1.5526473328585648
0.5585091619908261,0.7559682530758265,1.3739430475195153
0.53828797026691,0.705423951569305,1.291618906479643
0.5576137260585379,0.6617631641853916,1.1076112308832147
0.5673009004299207,0.6148924430023821,0.969593262635135
0.44842985197620305,0.27950467412520213,0.6403471348269052
0.30605667425522615,-0.05405526026871454,0.2972274472010547
0.31439048496210964,-0.029246337457413927,0.31898987544595275
0.3752677160316368,0.16463367019685177,0.5129875933908369
0.4722651487364758,0.5680113670606451,0.9498370572129201
0.5393301464846124,0.8542355685868223,1.2665059637878666
0.5702521312710985,0.8597538046010242,1.2514525434467145
0.5779710631723908,0.8202452669052407,1.1923784223323255
0.4355618593807133,0.8450183606940392,1.2651834814928955
0.37356834976630393,0.857409187088531,1.3103638867699812
0.4231334915489191,0.8606363032719108,1.2946350216544558
0.4336866133975775,0.902444899121422,1.3428365827956916
0.5041634604081875,0.8914356892567905,1.3043450363983826
0.5137810670946651,0.8868447044225128,1.2999902805223116
0.5050545775652653,0.8376902495510904,1.2661638542224767
0.5493674604298342,0.7949727298514345,1.1803200939620913
0.5116884639142509,0.7752094261055011,1.169606973689849
0.44340812266957996,0.7320100178695272,1.1456670531828308
0.3335481524788349,0.786191885384841,1.2378919106381214
0.45674979700969215,0.7127191492696129,1.1234030874376844
0.502790244992174,0.6994097559733177,1.105485355392476
0.5173880745518653,0.7086005995813541,1.1074974860887086
0.46145922328888284,0.7366097478764376,1.1530256753862265
0.4542867103085044,0.6268108377397674,1.0263245203808389
0.2652996468992153,0.5348851269469189,0.9807929459289004
0.1305145065764637,0.4066779747758409,0.8653090542539454
0.08625925447600138,0.11999919118231396,0.537094958375817
0.024319178707123502,-0.04678058635328427,0.35098323649232727
0.024783903133951936,0.01982837548366764,0.40339148434218824
0.02983554874768769,0.05473782700678311,0.40660074633701204
0.13653462133716332,0.023975025192442254,0.2876405923694585
0.15800528707238556,0.16868359134995733,0.40299915006087095
0.19503211719288796,0.4401908973777289,0.6617967638650674
0.31624856244837457,0.6768069207723335,0.8700359686291517
0.47492851617595994,0.8275318447106074,1.0114575010154772
0.4664710844231293,1.0030374711909416,1.311148540010071
0.3595030744158447,1.10731640957764,1.5838699602770543
0.3747716901401986,1.0861972732635463,1.609433944199398
0.43321223694259037,1.094015758837293,1.5689560893123853
0.5237877700224096,1.0779607481044782,1.5339671177833238
0.4713836029082493,1.1225064093681492,1.5816841810062376
0.48571001614851284,1.1206702343380803,1.5634501581043114
0.5099302877788608,0.9961801821194936,1.4218436525614593
0.5260154968799192,0.7945090398780481,1.1948748057623197
0.5411285146176424,0.8836355292683681,1.2877725124511665
0.5599607742761327,1.0871520423964844,1.5020248826382374
0.5661347613687341,0.8289723561564666,1.2137958885204034
0.4246202610161927,0.6286385251309003,1.022152182188973
0.4592392887208943,0.6984742746881544,1.083084675749439
0.4741301138771603,0.7476288583264252,1.10720985466604
0.3579556579440185,0.8041021032062585,1.180707662129236
0.5590828948668483,0.7113561819866538,1.0354107347634498
0.5486528983983012,0.7462734773144629,1.1095325947682355
0.4732906993596719,0.8569725661286448,1.2708720825654483
0.4932620540413068,0.92542657038919,1.334816964629371
0.6438333547490043,0.8988171658256492,1.2534791159586818
0.4639168645317982,0.9304721781071006,1.3458662608359744
0.5143226602827113,0.8666271640934922,1.2534788777698351
0.3879668054724942,0.8978364239418791,1.332474094264972
0.3561315045263787,0.8959911174386324,1.3403399471854236
0.31401449322537706,0.8633642354684359,1.320250396060655
0.3119939325108896,0.7939923690348409,1.2302113196251094
0.2807446191386816,0.8720745439004052,1.2823032716096905
0.30722252878172784,0.9515475298440895,1.3101335803366612
0.29821793711900796,0.9570485977572334,1.264819309538624
0.28608863971877674,0.9258119469782248,1.2641237275063335
0.36160954230794046,0.8105461739650524,1.2529597867864348
0.4255582509593951,0.7595812540468382,1.2487159419752056
0.41305116952450094,0.7986183293262805,1.2465815303169072
0.3503154534177348,0.820191511689873,1.2713677051964336
0.448560074935471,0.7724370615726027,1.1823291317526727
0.45240602851840755,0.7921914913790551,1.199739633080825
0.38530496464321,0.8643002944599609,1.2989954589812822
0.2988966473419583,0.9033276544537773,1.3666165644880366
0.4868533268304319,0.835382025675548,1.2303769346437525
0.4784198328976067,0.8261913108343598,1.218663556564286
0.41134579375782826,0.8192827166065774,1.2240242586940502
0.51385669584265,0.7577466311972652,1.1140669276031345
0.48046679862210845,0.7954099911566506,1.1713056542547409
0.5457148155167216,0.8308002366978723,1.1950716792536866
0.56184021661542,0.8794998111519652,1.2416060599894574
0.3197518145461846,0.9625829713015924,1.357636717845765
0.2832569286730295,0.9290379686433927,1.330855465148297
0.37045605859042813,0.8307475760007165,1.191600359360306
0.36076640943802374,0.7930751489515774,1.1556108848394602
0.251819755406908,0.8435840869559357,1.255023309715451
0.26306400204015234,0.8417478471063287,1.2416399096306776
0.2719400219596779,0.8674750070437676,1.260392778331444
0.2816290513866776,0.8840116452902909,1.2528803978778928
0.3017480784886382,0.8656309877728912,1.1712461565450916
0.3431283311683833,0.7994861061391431,1.0751794571304694
0.3080175489133551,0.7420588003440385,1.055733850620647
0.338849015409447,0.7820558453513171,1.2159785766344973
0.39334515632730543,0.8280096770909546,1.2551429722653624
0.46599085499171905,0.8206734611207029,1.204613234755736
0.41975164322982966,0.8863550399538379,1.2861309055698131
0.5146156558792858,0.9065909041237264,1.2755919259902035
0.5268452599316723,0.9433451470826949,1.3097403245975117
0.4925420465515015,0.9846814365530356,1.359791483828418
0.47611819474664485,1.0039722442584385,1.386906080260895
0.47648929799282325,0.9993810662738878,1.3971031954596749
0.5370777417229324,1.0030716114080445,1.3862221063146754
0.5796649186458027,0.9943533317128755,1.3629578827623046
0.5653877291435097,0.9672446196290005,1.3326655314901439
0.5854857954873143,0.9410630299582017,1.2926662513839944
0.5414929329547391,0.9447268923794037,1.306727936094055
0.53922377464878,0.9355363063050639,1.2853133106313541
0.5336010322099601,0.9153186372091946,1.2485031552621118
0.5812176557440146,0.8914372988423962,1.1830794441079582
0.5711791023479833,0.9084285599725522,1.1822616039849392
0.6185465085651615,0.9235927131623932,1.141960488829233
0.6658917350824108,0.8886843491796644,1.0562906100854934
0.6261645161491924,0.8574307979731911,1.0059316847297601
0.5612587185891244,0.8330594053482601,0.9557523337770963
0.5367214028347476,0.8041058374451081,0.8993714695840686
0.5727010984186465,0.7577151950842241,0.8352671478192347
0.6068128795475315,0.724204324901858,0.8835594643360137
0.6016634061832593,0.7683204364092456,1.0209048056637604
0.6098070031465336,0.843226355233278,1.228014410394844
0.6408378345498736,0.8519870017613872,1.36816108597913
0.6224612488376822,0.9943950547115733,1.528346571710389
0.5618752936605032,1.075247661298967,1.7132350737572637
0.5761591680718781,1.036673832287256,1.7347691165853154
0.5294600667049157,0.90665654483705,1.6246146668184724
0.5381618783301451,0.8211953343032649,1.4390649236241126
0.5549476599191682,0.7784527379873474,1.2568983379326488
0.562094259665164,0.7113644120918928,1.0772195906237099
0.5567201341204384,0.6309654556589432,0.9717849702901955
0.47789148195674125,0.416867498680198,0.7603795682104322
0.31098705366506463,-0.03246433351507231,0.3086188529730481
0.32546301659807664,-0.05772781045694976,0.2753112584806261
0.31419111110860853,0.0019900557878975837,0.339087952244711
0.3564486236353675,0.29050527107296203,0.6661335745093695
0.47260860752183037,0.6213017975821674,1.010427441207996
0.5610314131154089,0.7384646365368319,1.0851055808020782
0.550943635981407,0.7844007847809316,1.1328141148531459
0.3923321532409255,0.847300803224566,1.258004443244041
0.32585079502903375,0.8546371462172099,1.2988329298725767
0.33507510429243714,0.8045648274282816,1.2389123057032623
0.37048556222746615,0.836273333902491,1.2717126554872011
0.44633593436001956,0.8845272846903682,1.2951538604575823
0.4236757044623701,0.8615545517455058,1.2916254738763766
0.40927786848158443,0.8422631036947733,1.3130171213557829
0.435688571042883,0.7503827667626952,1.161239319322823
0.41746574103090284,0.7191378214950236,1.1235855051218895
0.41354774498203956,0.6571199798051545,1.0658307733968204
0.30504361693762416,0.7241653629057635,1.172282688894111
0.2932343398693866,0.653875054848301,1.0998050313114958
0.40691804983728147,0.5693750615548681,0.9796218785235414
0.3941456131460393,0.5105667813196889,0.9049811727199154
0.29109671380654084,0.4209589184604448,0.8351823162515001
0.2615846206372226,0.2702694034141611,0.6766725470932655
0.06685355116117825,0.14480752319533985,0.6025129880792156
0.055780412988792515,0.15215318993920632,0.6026897260615941
0.11414471630658445,0.2679339835027263,0.7046333944003943
0.020496045702547504,0.004673288511352187,0.42244334561820507
0.046509850081746636,0.0386731079666569,0.4413672691016664
0.07434905215505062,0.023055489050362865,0.38766261397987767
0.11298514681077022,0.11815510621967122,0.4527989576576889
0.14184989484474878,0.3914987134274309,0.7201293601651746
0.22314582732668908,0.5412792393679179,0.8458475521469482
0.35800302250577487,0.7117498496844676,1.0016757230319582
0.4442582255476704,0.8675112688610714,1.1753957566914381
0.39363270646560755,0.9759275358220062,1.3730180388786337
0.3759269189822178,1.0880256044889218,1.5567553690913623
0.42652726285376436,1.1220341047334348,1.5835337825937648
0.44198856993536545,1.1353611153973875,1.5977579964125306
0.5159186783542755,1.1197607954205422,1.564612948518098
0.503810960231191,1.117460866033663,1.5657842611080173
0.510495319420268,1.068306729590449,1.5077047093543838
0.48606313605091406,0.915780846363824,1.3455127883690738
0.467501672986447,0.7021555630711972,1.1080047168057647
0.39963199760887835,0.8835999082325079,1.3242632910537533
0.5088902503057505,1.0944887090507056,1.5186002543065449
0.5953754382186245,0.968634852564645,1.3520595040804793
0.5009401742195544,0.6144115271952525,0.9587377610056742
0.4986932149161468,0.6552934513156574,0.9826918851395804
0.4932145574091803,0.719602605986622,1.0265701905641722
0.32249597144536335,0.8013384855904488,1.1964336900172405
0.5455701108594635,0.725137624128423,1.0708813634854553
0.4822435874779919,0.7958732304460674,1.1907053082958317
0.35369123655314716,0.8812911049061475,1.332131984699582
0.43304409383197134,0.8960090584678673,1.3123933139987531
0.5297341190752815,0.8877632748132289,1.2727276142861472
0.45459769890016755,0.8670727842707953,1.2765720465395112
0.533878513713065,0.8395273259490982,1.216489145441765
0.4253743856686496,0.9065727090497073,1.3229410609390555
0.36808969225933746,0.9217183417594956,1.3542421921945729
0.27110605290046186,0.8688645961451698,1.328292987837949
0.24551195578000698,0.7801929227887552,1.2275379504047836
0.2522400835974708,0.8100480214213275,1.21669404986568
0.29272376642338227,0.9056027008107815,1.2545705562666523
0.29940205017426386,0.9432668979727389,1.2487511753644702
0.28327726849936674,0.9157031124302902,1.2457186498217125
0.3299453510290976,0.8142102939199508,1.2476189767300272
0.31385006434658896,0.7921722609363903,1.3246987734647424
0.3614882761040432,0.7972276491955791,1.2611419305636042
0.48996313910468886,0.7775004815528995,1.1751330421558397
0.4935875198315729,0.7784187944099187,1.1672728706861433
0.40545287445038997,0.8303096064778341,1.253971659675443
0.3424463665752563,0.8619915572614809,1.3020135324333508
0.26928003940179757,0.897346244296782,1.3574197086267934
0.3330004892814559,0.8932277573565198,1.3366634803069601
0.4726980232574409,0.842727627163762,1.2354042945688197
0.5154341108450323,0.7894462637319936,1.153564658442983
0.4630077543796318,0.7839194113120072,1.1559129650735769
0.45620151891256416,0.7986192306942196,1.1786727986342695
0.5181457951376917,0.815173294902584,1.1820187745269832
0.5424831173131628,0.8542274672484318,1.2149958605443725
0.3169404433267746,0.9524741367536578,1.3392316401611437
0.2939589620912194,0.9262834804292194,1.3204816130602188
0.3086835069323222,0.8408387287975695,1.2185495789629865
0.33336911845167105,0.8040934224170501,1.1728531721102948
0.26446968764985734,0.846802264380296,1.2508424484729883
0.28533154096957936,0.8403750396964113,1.2331042925121436
0.28086588534257884,0.8853930686698785,1.2741211278325209
0.3138078123245615,0.9391473818789455,1.305604928078053
0.3224111764738499,0.9115759455730478,1.2171079332318662
0.3770334165669567,0.841758391962041,1.1088263064714767
0.3186205142253888,0.776058297882222,1.0989108925621933
0.34706093648621966,0.7724104432430721,1.2024212819161155
0.41765966942613153,0.7958555469505295,1.199249446716034
0.4430315739651292,0.844555314554895,1.231231956376954
0.3854982733130341,0.9198822311128511,1.3311575456010298
0.44349690902847444,0.9323000621374188,1.3271420585649711
0.4576245681406417,0.9828360691552773,1.3725079674361997
0.5122197859111571,0.9920359119807309,1.358121462697575
0.5237354476574155,1.0012266912053434,1.364984217085425
0.5317264156035403,0.9938809609502807,1.3696581045435918
0.5102226636500308,1.0150081333471122,1.4004548458074306
0.5483219871497629,1.0012353719945515,1.372838707104366
0.574955492366612,0.9704627331060507,1.3333352948137625
0.5425281350436704,0.975508276440537,1.3492352147119828
0.48048417189179227,0.9745724088548283,1.3559382772186477
0.5316039099488336,0.938290858575576,1.290836538371967
0.5299268080197008,0.9222094226635033,1.2613878459314978
0.5230701093638531,0.9235825515544279,1.2456703437174823
0.5493547103370753,0.9474736008452221,1.2413385658247056
0.5764523208177716,0.962174128445101,1.2107415387776115
0.5905565414765779,0.9203660476629832,1.1237349881034395
0.6397277826479799,0.8569760393448849,1.008938377791035
0.6244868137972776,0.8202135662806778,0.9329811233234666
0.6086537692671264,0.7903419500320286,0.8650579498250941
0.6070763735673668,0.7586423105194751,0.8255602049938187
0.5883408342789737,0.7320048746799832,0.8710282346978596
0.6190941862395074,0.816556835957346,1.0431889086668238
0.626573064634624,0.8349544039330788,1.174486495004362
0.6279590260227992,0.8744794592444498,1.3123277270189917
0.6854388872781495,0.9783231295953988,1.4436942473064132
0.6750383944466405,1.0187661828249825,1.5979284034380938
0.6116188497448775,1.039437451647522,1.7190430921951676
0.575251297370521,0.9323926430973941,1.6318195307717123
0.5629620663186539,0.8634510955322607,1.3939446849362165
0.574396525908882,0.8115178557368936,1.195214074602332
0.5605390436653332,0.729737289751909,1.083090609380468
0.5564715172263441,0.6911467429960235,1.0404094352544673
0.4775930215992717,0.4848578843286061,0.8340285523743934
0.3393192630916248,-0.018218810729739913,0.30043102551974865
0.3452896666224534,-0.09493641876585399,0.21506582477631775
0.3290873973249607,-0.05680949759993062,0.2674510870109298
0.25636420478584543,0.0162174400240909,0.37339863127830775
0.31001487340415596,0.258333332159063,0.6284854417591912
0.38319374359037867,0.5312309719608006,0.896975765176196
0.36770059601807054,0.7260113132432524,1.1159105990574893
0.30979681667085734,0.8270651948439182,1.249140924559326
0.2853105814178374,0.8325741071068979,1.274739252864331
0.2691353368557637,0.7916836309641329,1.23322939132825
0.3193423857170639,0.7802107963817673,1.2044419347884807
0.36098922174488574,0.8541828435062421,1.267885267586103
0.34703329202539585,0.8302920517491447,1.2528145507124118
0.34923040786542814,0.7972192259400676,1.2338849457781953
0.34156552543497404,0.6786929690184744,1.1051688193511977
0.3785576140311595,0.591875408232451,0.9947011646375746
0.3829007479938041,0.49126723193056626,0.8748627169558275
0.2701303393823032,0.5720942503232169,1.002233390100273
0.3616455936317662,0.45221312396814267,0.8370350072468217
0.2784738075054245,0.3387233432912822,0.7454680528488054
0.30279312928418933,0.17747928644142297,0.550310637395786
0.24743834140294452,-0.0017006216020200417,0.359670281777231
0.21424719460969052,-0.016409455038018637,0.35330906488963
0.0719376680934523,-0.007254554382963327,0.4160650926465342
0.1255114673881216,0.32168784646393794,0.7700715613617095
0.36052449675563386,0.7875738882152468,1.2154770273681963
0.11279307759175565,0.10484474717201261,0.5076405809867355
0.01223427874957175,0.022127789803153275,0.4410251612852048
0.10310280501313773,0.04603651997280107,0.4281492397254403
0.18893161733832242,0.3221523716773831,0.6924587380726034
0.19560631058469713,0.5311780554744042,0.91290694354714
0.2249244753587866,0.605149845065182,0.9957527711112298
0.3974384680509042,0.7453112489329206,1.1169253126718754
0.49291735580514284,0.8298645622624363,1.1872228706855006
0.3753390734385102,0.9446907562761495,1.3820237042295773
0.386999435016371,1.0595441498146676,1.513076777883515
0.43199985517705375,1.144543279960672,1.5919156405876786
0.46822394717061716,1.1881970518021254,1.6419525926938405
0.5099981145860134,1.1886692937978718,1.644953618295787
0.47799108424722064,1.160178772033864,1.6225242792187002
0.45417315625724436,1.0508345491642506,1.4976670408522286
0.46902441879258633,0.8707542014206865,1.2917908402126026
0.44084534904164163,0.6617199029623375,1.058637524525365
0.4962992041242323,0.8041458255805091,1.1957269867701434
0.6130782543197052,1.0490340595534662,1.4380916156560986
0.6042742768661062,1.0655703114994444,1.4596829773522495
0.4842172712857574,0.6805569212797098,1.0159994656405753
0.4888035721848366,0.6277216287092141,0.9232986324430957
0.4726019226127486,0.6869843386777532,1.0191857496521048
0.49215901549391167,0.7021560781385909,1.0691997272728289
0.5854960859810769,0.7040189967761262,1.0576403456323646
0.5412047630910322,0.7756732448457361,1.1453510145063865
0.3742318288836521,0.8716459603315992,1.2991721952147324
0.39639967967991463,0.8858913499804515,1.3006856173700416
0.4511942713039313,0.8638547995605935,1.2662010358326588
0.44988827262097686,0.8431821856639705,1.246949458590969
0.4233766436821184,0.908409141613473,1.3217725890745138
0.4190106761882823,0.9378089735281704,1.3527403851210478
0.430846977991939,0.9290818842769443,1.3313229189329696
0.32747743376938654,0.8573918916379947,1.2898042865383386
0.31571738526477516,0.7581566947221324,1.16880025128378
0.3051359944042325,0.753093920320534,1.1274901074623
0.28789245542130354,0.8472577881957537,1.1896282562464184
0.30100649172168614,0.8959491325446078,1.1943537811219294
0.28391854951897394,0.8798673751515281,1.1891582080140088
0.44549948639918463,0.8013737185813075,1.1890466500664991
0.38092409866071175,0.7990808569086291,1.319338074832835
0.3379369387006271,0.828000352467504,1.2957947191625911
0.41112484062718047,0.8215823884597597,1.242255440870599
0.5094913480742187,0.8082822519145784,1.1885365786240654
0.43292220790266933,0.8615547448957784,1.2770736028015255
0.3347766584119346,0.8725552078433209,1.3125612793736534
0.2836562970102468,0.8877009706282998,1.3341611658693295
0.3154417581122287,0.8973553741345321,1.3313198295251751
0.4495171693747985,0.847773363648521,1.2367523433921894
0.5805596220849388,0.7692464068985106,1.098509117270304
0.5904978881314374,0.7467375466105696,1.065874126826878
0.4539323606066051,0.7894286446198799,1.1572581731715688
0.5411542999022522,0.7623465543544481,1.106873678731679
0.5749374993715235,0.770164526605257,1.1052008168754588
0.30202135277786624,0.9400653732549576,1.321997875940906
0.29753349935472817,0.9350108915975663,1.3176459607902122
0.3302593013517585,0.8619749682841548,1.228097068096065
0.34905137383826434,0.8151207629722765,1.168846207250369
0.2802017877062399,0.8500205061880804,1.2418109635389085
0.2844680682733253,0.8362388708960389,1.2208922058917535
0.2877940067389485,0.9051475628597551,1.2866810054690558
0.3241393613171674,0.9621198607790239,1.3285358164214405
0.34036259257923007,0.9317938713303858,1.2345155920857123
0.4350320522823971,0.8541762229866089,1.104810819435418
0.3688774041372364,0.7567763658607567,1.0650989185716633
0.3438070392801093,0.7457651635988867,1.1769767136101945
0.34091879986190493,0.8224828246709683,1.257491278895956
0.35354108643761656,0.8835826110375152,1.3037036873242538
0.42714993507372356,0.8647643707338928,1.2553370050313517
0.4583433458309488,0.8813096218972877,1.2605297312926451
0.4703243426405524,0.9782451487044237,1.3633025878685117
0.4810263848052432,0.9754906573284233,1.3529287294405683
0.43967315444808935,0.962618142525711,1.3551003068334253
0.5063538913391379,0.9240454045432994,1.294173739908275
0.5231211922780378,0.9580450308483316,1.327649534466587
0.4903233514343225,0.9888175409699838,1.376854194140425
0.5665219984337868,0.9612720182648625,1.3216219167342957
0.5692336827264463,0.9869990494354529,1.3500760328182961
0.5040577082977598,0.9938722157776481,1.3666542382162674
0.4846507655321272,0.9764089701854425,1.345068557970872
0.4723713180163654,0.9474638255378017,1.3159446785632536
0.47059452916048206,0.947000586248385,1.2965450245221628
0.5304906002102985,0.952064392529227,1.2602451927756277
0.5845928191540223,0.9314011032560547,1.2003418686367093
0.5554181195863815,0.9208203486294949,1.1546826468920566
0.5906057672748471,0.8914211640381968,1.0752086024936842
0.5743302160606182,0.8450130957154719,1.000245924382585
0.5821205707024325,0.8266321811004894,0.9380141786907159
0.6206618197660829,0.8082600690637386,0.8739356616431271
0.6016764241327861,0.7995323429560957,0.9010244463626458
0.6330722956589262,0.8905201448870131,1.1036283891285485
0.5942158712987723,0.8188559997209597,1.1002250943677354
0.588745138151697,0.8597541909015697,1.2223488012970125
0.65555148485519,0.9824504888397143,1.4577530912910959
0.6964424594733996,1.0132572070508066,1.577180700573634
0.6862118368583537,1.016938109133304,1.6312044837796618
0.6629078575955998,0.9452579544407426,1.5102291114570094
0.639545494904772,0.8836620797255619,1.272530978983627
0.5984618120395205,0.8184092206420205,1.1644431520471652
0.5634716810886405,0.7531646490693169,1.0933135432879197
0.5564937162288955,0.7412192531907682,1.085778184851074
0.4958380654170386,0.5661753851808491,0.917051163236143
0.3477749367243788,0.04104442128401802,0.3575131671872489
0.2844297969216051,-0.10965397904920342,0.2057007673188719
0.32388498187028963,-0.1105632317942939,0.19231167266638044
0.30087645780310657,-0.057736484268333076,0.267456782453112
0.2887915621087871,0.011171896689604659,0.3574987113800874
0.2388234740133244,0.22064328599781027,0.5961894819669309
0.20576736963543515,0.5697768967189527,0.9925463498417837
0.29036767490267335,0.7595294390569679,1.1821864947173237
0.4063697865433888,0.6552751883693017,1.034891636784336
0.3432912313766727,0.6446937290139877,1.0425892826431833
0.29481051542095943,0.6433031097777979,1.0522990522025504
0.37472840434119076,0.7301476108104733,1.1184214382946454
0.41097952589582887,0.694783983598782,1.074563263132257
0.422522832102911,0.6460931543173218,1.0310327487238105
0.35957098344644056,0.5408760521519246,0.9347861783526626
0.34677634775264693,0.4319952617220008,0.8147767229524301
0.36271202646357953,0.253751414414539,0.6028814337523593
0.18528565733429164,0.2922973374282349,0.6984520149200902
0.25216514095181897,0.20135239470298247,0.5739254926896796
0.26198632749926065,0.01529932031734442,0.3667069316731532
0.2301060032714243,-0.10782681239919253,0.24033341277691575
0.24258420491528246,-0.13125384979947927,0.2058573604113791
0.2864005141727172,-0.032473014304280706,0.3007643629541069
0.2580455071712279,-0.11792683739107031,0.22008157772800171
0.3246535050355807,0.539030684754166,0.9475026619604447
0.4073010860467953,0.8519004688480522,1.2702136891390534
0.06969070396438906,0.03362737148189796,0.44001922027829693
0.0015322450297783118,0.024882278126355243,0.45139901359189893
0.11816177955679358,0.29319783976732394,0.7088372327516872
0.30489765802632124,0.5762311273412557,0.9610886161128762
0.252123646745683,0.6676395878400792,1.085612317652157
0.2640104117381196,0.672239189080141,1.1026721872387863
0.3796600232018386,0.7940101151693469,1.216816554015433
0.4976274018097382,0.874890949671877,1.2603473136084398
0.47893502107563857,0.906126956616643,1.3095491325569
0.4079111354187101,1.0453078255111126,1.490314100099588
0.38731586665347867,1.1918519785171062,1.6675622873982128
0.4838071353558646,1.2359783777826234,1.6914965212076907
0.5758375777833593,1.1960328972098324,1.617183714346853
0.5481965149384027,1.1381425435311272,1.5637865792232326
0.4710173253949386,0.9980076798492664,1.432223192440158
0.4310241624942,0.8477729773479756,1.2658560855418912
0.4577117171818873,0.658965543842098,1.0385624257099009
0.6072436097931906,0.7518004515234726,1.097483026762981
0.6384778033195266,1.0398522186517591,1.4196808565207222
0.6358603604953453,1.1064611095593304,1.4769397204302455
0.5426307885270744,0.767392805906601,1.0694167380221125
0.45810316025440306,0.6410395096444452,0.963622725582096
0.5007414200914581,0.6667837092431796,1.0223376927788295
0.4207694817003885,0.7379740028278811,1.144005554228121
0.487422564479302,0.7572828768404545,1.13347226309498
0.3496230903887533,0.8215647693476462,1.2459489555991845
0.2817582431568801,0.8739192061332955,1.3229436547309446
0.36239490735459073,0.8592372607802095,1.2770878064284135
0.5156556837010848,0.8082823806814268,1.1788353312408313
0.43844464368933406,0.8762548218116876,1.28043094159575
0.33763242522361964,0.9828090636529732,1.4217038580004164
0.4056191583847948,0.9649089404394124,1.380028870065884
0.46677683976377404,0.8905003367384758,1.2722431093721118
0.4040465691152802,0.8041194004012511,1.2012672658587356
0.37019070745467736,0.7329022274644096,1.1190940423436415
0.37539126373313425,0.7232485952509258,1.0637278917649995
0.32895206321799464,0.7990307767823002,1.1218417809055807
0.2993792332559286,0.8720585983212071,1.15988056948177
0.30549434514482415,0.9010036142019994,1.1987056962726228
0.44702705793819164,0.8408824494273638,1.2335689001060373
0.5638729035766643,0.7752350108108426,1.227124832459329
0.4573868711170261,0.8271091086239851,1.2496083746275255
0.4936595622974996,0.8206822062933355,1.2076171010830603
0.5259373892303154,0.8390639578928328,1.2067907387839083
0.49577919021333283,0.8533000873016588,1.2441052841448295
0.5070732791035385,0.843654749576838,1.2256973657348307
0.30782189099945445,0.9001099272772725,1.3368430590147165
0.3157623981696271,0.8794375056586939,1.303039608949247
0.41866659767752307,0.8633827542040324,1.2486481461515746
0.46611212119561635,0.8339919858901762,1.1964310909785665
0.6095337276508915,0.7687919701873256,1.0772626918734938
0.5820145507352369,0.7453559300807094,1.059185267947101
0.4914396277295111,0.7825467331050522,1.137676101446273
0.5314868497523992,0.7747466375000539,1.1162529538074397
0.2829848935330073,0.8968751608755859,1.267107455919893
0.3009861518953489,0.9092839887577102,1.2794905964485137
0.4521273075644932,0.8257112250339199,1.1447499329523774
0.3377572849480586,0.8247661006970974,1.1872541256603677
0.3491012173016397,0.8073116646609487,1.1638216880506793
0.2740368323539689,0.8288845886186162,1.2080103559477453
0.33033134381768525,0.9042383801675716,1.2684412984929818
0.31062595637796403,0.9547655145542913,1.3205045910435131
0.3964631780605455,0.930429936551607,1.2192825912878762
0.48102328617821966,0.8698117133153446,1.135419454568583
0.435680026957587,0.7526579414504339,1.03949206284374
0.39216587895783195,0.712701465774075,1.1319472258578869
0.32301722963272794,0.7944557997300743,1.235059099093492
0.2750012302213691,0.8596741388376784,1.2971771149920146
0.32466606254997654,0.84728305709006,1.2713992088537176
0.40352655520438074,0.8532736621224009,1.2496455632334214
0.44186965056271693,0.9084095279140183,1.292668846924812
0.46781142212730065,0.9001459319969937,1.2712485330156427
0.4555319746115388,0.871200787349353,1.242124653608024
0.47104312033085954,0.876718701446434,1.2513243517249568
0.4954801294330812,0.9001546771696262,1.2742523993429669
0.5210015643622046,0.9254271498400081,1.291161351404818
0.6131538830676901,0.9199359863282186,1.2521682627369215
0.6002553544396829,0.9768990888269994,1.324973574077765
0.5524885807900979,1.0030719333251656,1.3619689878565904
0.4908157208843981,0.9975448877549066,1.378869165562035
0.4413994801151927,0.9497546913238403,1.3360226250998082
0.45274279274336904,0.9111644664850758,1.269088332515723
0.5025288973079434,0.9120919073263603,1.2351282782279354
0.5353987806175855,0.9235828090881246,1.2262678489510146
0.5493042471482953,0.9341469103539344,1.2028612300499981
0.5875740605898955,0.9047477866569031,1.1185365733956771
0.5808164311956922,0.8693669336117135,1.0492681663722176
0.5671030338839969,0.8721131913935626,1.0178331619441872
0.5889490051720516,0.8620048719130217,0.96062309472663
0.6136568108682963,0.8753320774717035,0.9602954409684018
0.6350633547966742,0.9543662569079905,1.1135551580015302
0.5653833910656767,0.8192940980106904,1.0281525466693644
0.5739466952876952,0.8395281629336131,1.1534310374507442
0.6380425778467155,0.9787690142842239,1.447384935301048
0.6800894203349716,1.0325398455454822,1.5576358104585206
0.7070153014229906,1.0205951578845998,1.4967435914138882
0.6704410746812438,0.989333501851068,1.3948745373875653
0.6169284139101047,0.9185627930538699,1.2727363886425536
0.5577726901764309,0.8409092643960796,1.1989248858634567
0.5412761858315541,0.7968008679265373,1.1421933899289063
0.5361464325682146,0.8064463344182065,1.1509000609556712
0.5356090453876313,0.6764381784411784,1.0146457353664506
0.38687761924637326,0.2661603714996257,0.6055633277722102
0.2583883480815822,-0.08577218999843551,0.23717011263170673
0.28739007695533175,-0.1441082339115965,0.1655304265470012
0.29528137727732867,-0.13583577452182838,0.18025333841312016
0.319347904709181,-0.08667282633774184,0.23648613168977348
0.3112080067957125,-0.03476400536825485,0.29038767079649935
0.22407610441219586,0.23487974081266982,0.6092509158654805
0.22697751109262113,0.48755019374481484,0.8961347018853225
0.29639695701174823,0.3956870896243051,0.7697671272734788
0.3556067302162602,0.3153058236647187,0.655788382511189
0.3404666877431179,0.3051967315830872,0.6567857995930357
0.27743315030690946,0.4158960814198785,0.7987227996194937
0.2758785540324834,0.4554047478825107,0.8480956733506488
0.3694143689964337,0.4048954879610312,0.7729363669327429
0.25014038163148633,0.2822062472703498,0.6666521681279358
0.17113517209255064,0.17055300871810256,0.5642154779457527
0.1767621301901448,0.04054497801901044,0.4182598979775846
0.1478870977760403,0.004245414468554835,0.38595541123885274
0.18901875527714163,-0.0017181876781662089,0.35851316104814723
0.18825496950763812,-0.02147255310119434,0.33625203602837817
0.15232994126957763,-0.1119809222287997,0.2560679593431963
0.22907080118249296,-0.138608196460326,0.19782613415898778
0.252345898384018,-0.05131800519319498,0.28219107121216824
0.25932868620102395,-0.16846252532867187,0.15046254745717458
0.5123069253010916,0.6681653901564641,1.0241759279669898
0.4456261980613543,0.7067381246499633,1.0851024878964266
0.009992765466859944,-0.04494441132321552,0.3692172593942535
0.06990745237555496,0.18155340815444906,0.6045537799584261
0.23629185855613602,0.6800395430910645,1.10469284186008
0.3078489181477014,0.821092529096356,1.2429479334950948
0.2689636098759143,0.7650384148311438,1.2029341975817835
0.2877064537987939,0.7471290983776654,1.1922097144080308
0.3671818215579805,0.8174371525696336,1.2512926063809697
0.4712653129123168,0.916690607198483,1.3200968794972026
0.5384113848667107,0.9658626167985951,1.355080414760069
0.43932610938067657,1.0806891971128534,1.5207775061544435
0.39429383151322356,1.2037973743956552,1.6750976458350582
0.516184649215431,1.2387419327594649,1.6806211205091597
0.5593140487030636,1.2309418980489784,1.6543473421829957
0.5538186376518179,1.1372244238243807,1.557094879618078
0.513161366257015,0.9516171627663186,1.3584176162963766
0.4208415241663152,0.7802374147112979,1.1843497846250381
0.4241993143066391,0.6410388014267787,1.0169795861898827
0.5693652201214835,0.7632735480006758,1.1068679972809237
0.621289555671073,1.0182528686426056,1.3810324659633195
0.6445148075588184,1.113352152547336,1.4704219163331633
0.6187532063557717,0.8478095606462867,1.1566059445693364
0.4959821503488921,0.6507022089476827,0.9977396240299773
0.508040644734006,0.6819470254485058,1.0450946856141445
0.4454274439332579,0.7591103066978906,1.148702419669582
0.3651834598460445,0.7981377963307836,1.206622279542031
0.2686153217384503,0.8408378931213967,1.2816076895774
0.27332474801764095,0.8647284917282215,1.3112302775259423
0.35147130198515864,0.8431556317178641,1.262190985062795
0.5001445379817642,0.8027644665843456,1.1696356331238986
0.4617966168905603,0.8767185082961614,1.265876222799808
0.32239269582372676,0.9883181681939974,1.4327503134816424
0.32959223353952427,1.0190996810219792,1.4655563447163364
0.35519053908026993,0.9575456572001169,1.3835456520588763
0.34693360509864524,0.8459102483718004,1.2628635891117908
0.3416093037146723,0.7577022006053481,1.152404463570014
0.3395112550759858,0.7540210409891539,1.1177831751304543
0.3644615931800251,0.7939852960867819,1.1010912338178866
0.32532099758202887,0.863795005020867,1.138460260819386
0.29111808723477145,0.9106488879795099,1.2219642392487027
0.3139148062986265,0.8789824320910916,1.3302994344600338
0.500423874540486,0.7903805147537822,1.26812721109808
0.4001520115197778,0.8344456465113581,1.2758849936790668
0.48912186541098623,0.8234368229472718,1.208289705132056
0.5344927690924427,0.88270898630611,1.2538238280606024
0.5472423870557287,0.8703089675439286,1.2395939292932248
0.44362425006736017,0.858800253519778,1.2666997443735821
0.2907837934665315,0.8762190711367508,1.3266229658326423
0.2758148594542478,0.8716194059493787,1.314413720812094
0.28037475474010565,0.9189372997082442,1.3591098667969368
0.44029223556033464,0.8767098953792898,1.2531711160849632
0.46823174911144955,0.8666098668984994,1.2329192740403356
0.6005580208046154,0.7586830068725425,1.0685588615721064
0.4571364143493402,0.8238830225753931,1.1877272606771792
0.45092223525909875,0.8316919921198725,1.2024530272601026
0.27319555685064545,0.8748209306671598,1.2411670202356582
0.29627672561615814,0.8853933901508855,1.2498680084999716
0.39348676235754,0.8279933456473255,1.1618240131616082
0.37385886646125954,0.8128297719083025,1.1584695150927613
0.3984946296915775,0.7838935655835672,1.1177976309376159
0.29430663050327865,0.8293482133363503,1.1983062660902053
0.33141576964458713,0.9060748771147614,1.262422202936823
0.3300821240879811,0.9432838725964391,1.2935638962403582
0.42921179516629027,0.9286023135438982,1.218604305788125
0.4543682016842237,0.8716476308117165,1.1730559722369773
0.44628237254421604,0.7655216501860017,1.0391672498108893
0.4205977523077112,0.7113287875671199,1.1137103622305828
0.4005489097018772,0.7085654901239753,1.105183268162646
0.3186998661514577,0.7737749557282124,1.1739986659915422
0.38259204089974114,0.7963016856841391,1.1835376329484877
0.3079209606136281,0.8633559409797728,1.2832921638920116
0.36061811849870734,0.8587740214907925,1.2576881523873231
0.38138028368526494,0.8679649938656775,1.2499990357003217
0.4493171757958927,0.8578739680912167,1.2133485652165505
0.4782918817846276,0.8785553271604724,1.2356040087855642
0.459057288137077,0.9088730856316435,1.2878153755121038
0.5023584073660755,0.9277182696708307,1.2918367961791914
0.5970008375081679,0.9291180203801983,1.2560271507974472
0.6137681384470678,0.9631176466852304,1.2895029453557594
0.6263682260202279,0.9741449228570324,1.2903466041874503
0.574905029177832,0.9571360426147627,1.294857959039055
0.47732934188702775,0.9111731437853715,1.2769428155389504
0.4474911632020388,0.8863556159157434,1.2424752853495467
0.5172762572577606,0.897855456000413,1.222066851325099
0.5281500191638174,0.9217461833740865,1.2419881918904072
0.5676766075504013,0.941964560687622,1.2254414866518628
0.6175617696650102,0.9061380195925478,1.1379305459860123
0.6293476082798869,0.8840842398500339,1.0780357440232269
0.5877445525920618,0.8891214278015901,1.0618280440087526
0.5709489874669335,0.8918676212000148,1.0352436632723394
0.59151177879999,0.9322949868202114,1.0476526233840961
0.6462294925739008,0.9970849355092822,1.1120876918128098
0.5543810603815347,0.8266316016496714,0.9816697919152688
0.5600615685833226,0.8156292054547011,1.0917008410251758
0.5845527592267523,0.9792066044848754,1.4141173542642758
0.6189298701284669,1.0435410863274843,1.5349160132248152
0.6510280474293115,1.0586885931348895,1.4255490345521025
0.643778046524734,1.0145803898156196,1.354265667542701
0.620602638100364,0.9116720075995611,1.2598516979731678
0.49627155966340847,0.8620274340865817,1.2461202555664395
0.5007587933611418,0.8459461269413576,1.2069703157427363
0.5204365327207975,0.8533006023690526,1.2053002946118936
0.5414257162216799,0.7733735729925536,1.1271198323298377
0.42869197865940945,0.5170033301909104,0.8820675809090671
0.2418876414300513,0.020345121185527552,0.3632043568049056
0.21464408129007415,-0.14228961361021722,0.18260734048589605
0.25170882150107754,-0.16570797305815974,0.15598577519778747
0.28452948199795125,-0.1252721813455875,0.1956517230364666
0.24978374448148438,-0.100472331297769,0.23866339752909926
0.15143944568830892,-0.03709968804675539,0.33775100237652583
0.10009330309184492,0.10943566762286615,0.5168459605544237
0.09447056065302496,0.0892179985269969,0.48003580518518135
0.15532979132584593,0.08279977698555566,0.44589902165965706
0.2145401939070739,0.023554296339672404,0.37542212487605076
0.14440680568181857,0.08785393672582609,0.4745040552684356
0.07217599095610928,0.16960820542617308,0.5824665504467296
0.18188704806930542,0.15998942251968679,0.5488171073138333
0.1546663122084977,0.06856300374248749,0.45709071321490596
0.15881070314547238,0.020327043530900136,0.4008522326044712
0.1725949131235963,0.017572616538323923,0.3856277504849109
0.20988060739044972,-0.008145411925936931,0.34077500596176674
0.1980935293247636,-0.028363209788654628,0.3136660979757583
0.14966265683242555,-0.03756292733617227,0.31835134833543544
0.158024108299324,-0.07063562437840099,0.289720496017985
0.2074673623022328,-0.10186282744083867,0.23867191382220584
0.15230229865915823,-0.05409930804899874,0.3064612340225187
0.20783784582300646,-0.12758979422800484,0.20536717404658847
0.48062053501969726,0.6217569999166181,0.9734663683139754
0.3113112109700638,0.5371857645514648,0.9262647727311945
0.04986343421460756,0.04970019098818644,0.45676279900820826
0.18867942622630907,0.5536951397619871,0.9873507776083275
0.29470178830898086,0.9382369132627341,1.3843776984321756
0.3319604590468291,0.9915362816710473,1.4334200768052607
0.3535639003399171,0.9547909117793321,1.3925742953931142
0.3415558691435831,0.9368727857697969,1.3836965695836545
0.3721572138726709,0.9603088902598375,1.39692336981843
0.4378477615796401,1.0122355791528537,1.427728881940819
0.522723684021845,1.0627893949441858,1.4548493980128978
0.44849574462218145,1.1675158858831423,1.6051452780499753
0.4330572562685366,1.2253971742165501,1.6797916688022134
0.5005738165693597,1.2488422152850398,1.6814704607916056
0.564244428112902,1.2525328248026204,1.665738747954989
0.5544328930311956,1.1804060841813926,1.5944295622369158
0.4715589185829848,0.9777901395202455,1.3857117896876814
0.3916452356702164,0.7407199421815216,1.1368236752538892
0.42895796432380023,0.6359845129196597,0.9980757999643383
0.5458138827180674,0.7940462512726009,1.1415207858799106
0.5741646818616895,1.0297257649917109,1.4049692935646867
0.6166749905857654,1.107833980916558,1.4806247129826986
0.6182836363310296,0.9102905198365494,1.2434615917101568
0.5193341138988071,0.6511658989210692,0.9831849122297485
0.517779517624381,0.6906745653837012,1.0325577859609039
0.5136849664499727,0.731101415936504,1.0837717356055965
0.3852815261898491,0.7719562066599845,1.1666229994358812
0.27608565604827096,0.8615106357848682,1.2911580194358558
0.28182966469098814,0.8950468296502109,1.3197860310279286
0.3080428441301023,0.89781025542409,1.3186118768381676
0.41644790256034403,0.8675188586209805,1.2657108564635815
0.43067524859926176,0.9024366690161834,1.3010277269354316
0.3540064263266175,0.9713273568755828,1.399613786014414
0.31548677162028765,1.0186361848530365,1.4655591867534101
0.2992616832932352,0.985554807130628,1.4290738446356346
0.2892285774667007,0.8945919487967671,1.3324939845894004
0.2790459391388159,0.8270563861600895,1.250987683672547
0.2801297452403131,0.8077570943046637,1.2014667331419913
0.366409491703181,0.7999579618343442,1.107284224882118
0.4016193363338994,0.8206312839486337,1.073178941516021
0.2887276627249152,0.888139777135697,1.2087317575631717
0.3235822564484794,0.866582348945486,1.3209201593842732
0.4228693853946918,0.8050625218736083,1.309132430462209
0.4420750992512064,0.7903548012815925,1.2203105997118344
0.5044612817376296,0.8023095217835919,1.187194211251451
0.4484057091611662,0.924954267498932,1.3366665697147548
0.5341721290350443,0.9006268547819484,1.2821040486365303
0.4410344517040027,0.8675275359212763,1.2735653394868092
0.3941581658347795,0.8188191554000392,1.2288777231110448
0.3584991103082789,0.8472919292850849,1.264701824299951
0.2812382274363597,0.9230734685086166,1.3713219534173269
0.3796545777435663,0.9019642338701642,1.312578572408336
0.46034108781748007,0.879473189333522,1.2616982031571868
0.5502518926778303,0.8069098312413203,1.1508972202302938
0.45249965026148103,0.8633916246546011,1.2419507580999514
0.4067306089471158,0.887728040077914,1.280114650739032
0.2869575599845275,0.8219939963145803,1.1805737942035084
0.2738374572940539,0.8601209823000419,1.2281084336209678
0.3526757545651484,0.8160390758292958,1.1609860357806725
0.3913671344417068,0.7953754646390021,1.125335830099839
0.39218076367458554,0.8073207317507024,1.1425724359199185
0.29270218835264944,0.8766659789825384,1.2527036607699786
0.3285053312238313,0.9327200279920983,1.2975680186259781
0.4423325163757546,0.9116111167971664,1.214571522219527
0.45927030725652235,0.9299843807577282,1.1913387988265831
0.4569291161359479,0.8785303793110589,1.129579935971252
0.41868569805305095,0.8077763203856985,1.076507620876196
0.42552813171754966,0.7329197143207622,1.1251017680025763
0.39601121281536383,0.7113201067779117,1.1058558722116418
0.38656470614484745,0.7214205215592472,1.0970039721065674
0.41398420578506284,0.7604747547996068,1.1251304274366258
0.3645631392829898,0.8417744658719734,1.221547760341699
0.3901344176754885,0.8592378402310274,1.2334321932038605
0.3782981158718318,0.8679649294822532,1.2548496593919387
0.44310299670565123,0.8656829376356963,1.2280743317994738
0.5228269572306538,0.8758097132128656,1.2185327762974247
0.5560679437864743,0.8827094369900795,1.2198694622192836
0.5200384047392,0.9369091776622913,1.288998303183807
0.5348578071549439,0.9649361382197611,1.3162811066778881
0.5796144554570227,0.9810266412215878,1.3244805469875969
0.5730790165839782,0.9856176904392897,1.323984679172051
0.6243482850311453,0.9259088452260535,1.243809382726302
0.601515715666725,0.8551551047289017,1.1664839421774476
0.5752526939706496,0.8602007768302362,1.1726826146924338
0.6179119133594465,0.8937459090184839,1.1897626215369799
0.607010506992566,0.9277367901508834,1.220234549767968
0.6046416617598563,0.9341644006991996,1.2088689627046465
0.622592455727004,0.9332465385261499,1.1827747683330239
0.6206937809418185,0.8983289856646441,1.128055403094706
0.5951939252898418,0.901993234386391,1.1130133456550644
0.5518645439349135,0.9198938735398181,1.1158833273742073
0.5625389319874692,0.9750209941588031,1.1559027447382735
0.6152589037748489,1.0416473754116393,1.2191693413024454
0.5384064270634729,0.7967763063776692,1.0070655749648922
0.525763800661424,0.7490113762242248,1.045989981863179
0.5650448900835598,0.9350899779100942,1.315577002469465
0.6354454789694688,1.032043055957007,1.4195069610126496
0.6386704922639459,1.0742983665020336,1.4083410881660727
0.602175608502015,1.0407533630806343,1.3815598339382926
0.5866699082409668,0.9272813302827358,1.2765981174284566
0.4981197712598138,0.8836182964567998,1.2623622850300502
0.5123464975733268,0.8974003180493867,1.2541773005275028
0.5594713713827104,0.8859274217002812,1.230240472926136
0.5220415921840036,0.8271186263977085,1.1944047566554457
0.44582495218945073,0.6543659426020362,1.0215025561232716
0.31511636248126695,0.28543368537085057,0.6266701845543255
0.21461643867965474,-0.08440799943041626,0.23300061516521844
0.2327942481855206,-0.1744438718654425,0.13641506637400216
0.1743482635261188,-0.07430823197223536,0.27265494498060044
0.097657235574863,-0.055490058236852775,0.32587225207780673
0.06688416052789575,-0.10557138082451853,0.2823502569039798
0.08791774295908336,-0.08535338697466398,0.2949072967566504
0.04924855910982517,-0.014617258171441067,0.3759262614149735
0.13481139799789238,0.14251743175484854,0.5242275607411135
0.08882140837853497,0.16915351728688796,0.580622632058886
0.09984470067471761,0.1696169497265775,0.5854704150251254
0.1782620476170167,0.1379353208600519,0.5131754238091325
0.09967297128204033,0.14297173446581643,0.5551752230275874
0.1462328182756725,0.059372288901299364,0.44537733513543937
0.22058263990382926,-0.010899899813024838,0.33040115452953683
0.09092304442412648,0.0014731787025048031,0.38897632191844245
0.10004766193512374,-0.032980941719311485,0.33910473964636395
0.054106899028988145,-0.03528975071940032,0.34697342740916687
0.12414121040158635,-0.06283540219136999,0.30144239738627165
0.1345226047079719,-0.047672015928891254,0.3193487724129957
0.07156594512186919,-0.023799165201028635,0.36236612247335737
0.11928287530807903,-0.04216291138786701,0.3303952278942215
0.15595432199646167,-0.11106260937178054,0.24820778787349995
0.37131242405621434,0.41867725201992134,0.7841538771966637
0.3458630315930176,0.4356681912329563,0.8075891555317297
0.2089492243756188,0.5541587644797212,0.9776466877507876
0.2761133017155087,0.8036290268426817,1.2407647497650955
0.3480138200924286,0.9979724433694954,1.439610225395186
0.3782446813007427,1.047135514646702,1.4861417654055793
0.4235933908053033,1.0563351660663391,1.4863071352396622
0.4370071076113423,1.0793077093498415,1.5043873998914328
0.4396689484406264,1.1128438388317599,1.5378660351751225
0.5176659635731209,1.1146982768081846,1.503900306432293
0.5694005863862559,1.1427341721996471,1.519635098183134
0.4543616343685451,1.2355063950650302,1.6690930043371326
0.4277287464642728,1.2874148236283747,1.752098273351062
0.45897199344638984,1.2961509790971262,1.752266485659451
0.5356630147215855,1.2773328014324719,1.6990491761770752
0.5790410118006897,1.2093514863627297,1.6041509468780666
0.4967591033806165,0.9998446883749377,1.3873991003553499
0.3589963054912222,0.7269293685665746,1.127452922354261
0.41761403197021923,0.6534389489558086,1.0215082375740268
0.5447516558937171,0.8422822645201556,1.192908631032676
0.6194635430772192,1.0467345164671324,1.4101591860963159
0.6871019844816887,1.104633872852167,1.4471576927807925
0.6632114136030035,0.9318904423186959,1.2384543550515794
0.5178785848257268,0.6539205799584298,0.9790068925871276
0.4664375869858824,0.6869842099109048,1.0288869970353387
0.5286532795304378,0.7145652927573746,1.052479126526212
0.47721228169059343,0.7476289227098495,1.1023592309744232
0.33240719345382025,0.8578470295890213,1.257693837335935
0.28237187760443905,0.8959650781238058,1.3167764832498494
0.3542544041926844,0.8900102877137118,1.287487480067172
0.37906252136674007,0.9088550837078972,1.3206126393861048
0.3405428660572033,0.9561639119034081,1.386558040562333
0.34710050393279923,1.0016453728804509,1.4324226579744854
0.3211088949369098,1.0177180649282331,1.4588674867110234
0.30180163849482083,0.9846366229314288,1.427232768503481
0.2970201715593244,0.9184826117870162,1.3572659488463255
0.27739165473122535,0.8821832496814914,1.3104095966775455
0.27253207833650417,0.8605841572060347,1.2523587113536752
0.2787173735151124,0.8683852185623963,1.2010225036182536
0.27797516641954867,0.8775675747495542,1.180628273657926
0.35595061132300077,0.8504852880629943,1.1447956437344058
0.49543573142797825,0.8000096567801367,1.1835149001497536
0.4082210926462205,0.7825449877742838,1.2686429639912689
0.40180629472095447,0.7793187834260702,1.2164630815485329
0.5081853493912643,0.7876096380179552,1.1692850013823757
0.4214785886223377,0.8946273775545828,1.3105550788105929
0.42655849842230203,0.8927910093742414,1.3068729269835175
0.4288768804662316,0.8730367083346374,1.2797611782721316
0.4200999373993632,0.8105555594830146,1.2074574092018755
0.32239752396942223,0.8592282598183362,1.2934864383654139
0.2801538016094578,0.9212369715614268,1.3773410489734854
0.4483330566211461,0.8615550633239869,1.2528204773477272
0.5437170735301904,0.8326366692616379,1.193903207389145
0.572198790343445,0.823454892743355,1.1706418245621517
0.5131379278036542,0.8592730749663422,1.2260451567509758
0.5246037460865371,0.8762729525022825,1.237932430338515
0.31992713263374795,0.8178667005814607,1.1616643247782803
0.2722600434980856,0.8284213493291994,1.188610701906655
0.3309504249299306,0.8183301330211503,1.1665121077445197
0.34868027059208595,0.819711940956827,1.158649092051589
0.38645895403441977,0.8238570480801047,1.1593131739244524
0.33967753418473506,0.8886203766951886,1.2438403890187517
0.3257438034677966,0.9148020951328358,1.2741384217416674
0.48469813009388363,0.8840567166636515,1.166036618873594
0.4410474772445422,0.8987394354900567,1.1536849846256498
0.4776906636573994,0.8665855663724855,1.0783889528741848
0.4110880323556559,0.8606033828509554,1.1273995982134153
0.4084623897238029,0.7669104666863132,1.1652749436167984
0.43736443352120635,0.7241926250695364,1.1036843018144982
0.47422918107850615,0.7108748729011538,1.0536589612922638
0.4305299338679101,0.7756382641552055,1.1333355491970898
0.400515190406065,0.853265432017162,1.2078367073731613
0.4394281527899872,0.8514379342873891,1.1974571674944625
0.4088994606009196,0.8914010339722938,1.2680764596267147
0.3886296648644377,0.8909374083823316,1.2777805477353261
0.4504742541628147,0.9231096692133517,1.2911755620274195
0.533330235615937,0.9254274073737048,1.2717588566383502
0.5423059424622131,0.9355363706884879,1.2804626869397373
0.4827028670089713,0.9704363044378802,1.338875566906641
0.5382113912878048,0.9759632212412909,1.33167663658443
0.5754472420912831,0.9580542910883577,1.2918484112609756
0.5834874337753784,0.9217636737193516,1.2479959245450556
0.5996897030728712,0.8836367525534283,1.1956106623104437
0.6270870133618464,0.8726184721101305,1.178368361048182
0.6418565723142151,0.908454530978928,1.2106756837419526
0.6284151917447297,0.9433636031793232,1.2429887018779053
0.6167499996083456,0.9576001188886946,1.2511995050891245
0.6226429189157839,0.9465732290174377,1.2212521041077313
0.6176122328537902,0.9194647100838356,1.17640788176072
0.629177118338019,0.8997106021945043,1.134744261974483
0.5963288143055238,0.917156421824869,1.1454715858736133
0.590308563610511,1.0016831168248541,1.2358612940506815
0.6111218117112532,1.0453365684936426,1.3101513681127848
0.5279824957786031,0.7448752718072764,1.0289272715511721
0.45672029337265424,0.7071933913678384,1.0432907913107892
0.5645014377192994,0.8919001518312678,1.2315828402987503
0.602595935486164,1.00721729798214,1.3432305749629858
0.6460687841078399,1.0527076972820881,1.3775471876276113
0.6123354281019436,1.0370806267199513,1.374195530284142
0.567656267724064,0.9552994169007246,1.3105783019784476
0.45885852435766933,0.9612452711684836,1.3514153142809726
0.47449093628088734,0.9800817100350379,1.352432868620736
0.5513314927718646,0.9378362356919433,1.2841419980414348
0.5327658236999345,0.8744366487053654,1.2293996548198227
0.4831778631893632,0.8000012335246252,1.1562579153643442
0.4287087470069239,0.6750300044762992,1.023198395962786
0.39681042053197696,0.35160563689032703,0.6686903697131141
0.24420540004776733,-0.020544980004148793,0.29259074135307006
0.11733435520911396,-0.06927137161177332,0.280700375972567
0.01849768399061158,-0.014626067727497912,0.3777730187792663
-0.01318871147921723,-0.061034465605708375,0.32706345205064113
0.027450569333324935,-0.07572541192066783,0.2976062356851105
0.0511459944442011,-0.02197128291516668,0.3436419167044972
0.09138777311418717,0.06808214534095694,0.4413845739024012
0.06431173708498195,0.08231834087766338,0.473848499069562
0.04917169091103079,0.07220923744857514,0.4748459043853563
0.11752890518015184,0.028582148320076568,0.39986617842413485
0.07444935880720589,0.02857308123032285,0.42111543055489564
0.09691565065831538,-0.025171907791407832,0.3489798825376705
0.11203349227850183,-0.0651353315782494,0.3026137099761909
0.006761064850473204,-0.021517179900427976,0.3891414424338675
0.026217233766904154,-0.032998822294394145,0.3622007467562481
0.032110774650151636,-0.022889917689306948,0.3757552066322785
0.07869344037173996,-0.035281064256463573,0.3548279233111342
0.1396025241592475,-0.0495083875981452,0.31566661359020687
0.18640613818582802,-0.06419920427402807,0.2765081515903707
0.14090851319089062,-0.028835770212609597,0.3349181978276101
0.09218402352616888,-0.09913502226670566,0.2739885391094956
0.2386018937556542,0.2018071463534637,0.5709187856369778
0.4424263355228468,0.5220580049985746,0.8718676249849098
0.4427109339077308,0.8624731830307334,1.2595121769528816
0.30079408267633423,0.8959736297100516,1.3343322197775604
0.32688054924686477,0.9933726498513887,1.437102228632336
0.3622411661313463,1.0328902537646982,1.474927095867036
0.4622847706818617,1.0356715548760456,1.4506569295588285
0.43010118521752405,1.1096257253547097,1.5371962718515042
0.4569784622929772,1.147761713610387,1.5683322819553556
0.5784261366959073,1.1450340372031025,1.5233144092848316
0.6048110443212849,1.1744426786738567,1.5524354479670728
0.4636586009976243,1.2488332787065906,1.6930184690369892
0.41843239956059824,1.29522372878943,1.7716746636256024
0.504962602791152,1.2906506823677026,1.7393732693160755
0.5751181900189588,1.2764235521762937,1.6856600885202973
0.5789911683373145,1.2171605846740579,1.609175466077756
0.476439454529448,1.007190164585216,1.4021277146593645
0.3515751949193721,0.6773117387891595,1.0693762183217188
0.4171210427947388,0.62357581336827,0.9759914111780192
0.6183106803690713,0.8312731155500359,1.1495664539480364
0.659460921636732,1.0467435191734615,1.3937605576571723
0.6825642875951753,1.1073884895061035,1.4478302968297885
0.6734931191322342,0.9626720195301021,1.2664097625946562
0.5797508378875503,0.6282112253055522,0.9420086240914975
0.4937136117683378,0.662647411675959,1.0198268535416737
0.4968684417731023,0.7260466767454156,1.098822315221371
0.41080296111897263,0.7972286793303666,1.1835319514977325
0.2946789707874386,0.8670286138292596,1.2955070929867076
0.27916844358710874,0.8826464889709082,1.329809250718636
0.39363815192387996,0.867973417121189,1.277256020485731
0.4539551793345613,0.8606369436172404,1.2461287777425725
0.34350314794133435,0.9217096627147434,1.3463877056734885
0.2998537399716649,0.9786639571838666,1.4210397774392496
0.3031574803395471,0.9975001386257526,1.441459826764097
0.3501106292803056,0.9593820253804582,1.3872278038859516
0.3734403986533248,0.9097732034146436,1.3273043389912595
0.2840489795335719,0.9120465140358783,1.346225175690319
0.27356727982222856,0.8913655414852251,1.294865990408835
0.272503193821664,0.8761941883249328,1.2157482706384093
0.2738577971203912,0.8467861260869395,1.1429716182943832
0.4353305029885554,0.7861858408271133,1.03116184226717
0.4041462560420308,0.7885012037785953,1.1912182274593563
0.3587556281390445,0.763699678457161,1.2743227977031288
0.38871321797231384,0.7384283716667294,1.1701025963208347
0.49158977784504165,0.7802552269736843,1.1661043988216016
0.43016068979794597,0.8436368085476033,1.2536439989215011
0.4803178879573874,0.8399730748932499,1.2298810668282067
0.4121816219932585,0.8813004939130221,1.2866296141107365
0.37881874950813604,0.8399464565637192,1.2499732169916498
0.31359354651582333,0.8757645117643142,1.3150778000615644
0.2736682055965816,0.9180189226858578,1.3718206623954823
0.4687025392843785,0.8464004922912934,1.2330673508397363
0.5437669169935657,0.8248275709503102,1.1888786881894553
0.5830005097835751,0.8050822082336115,1.1502189347305425
0.49351003190737375,0.8441095012273193,1.2226906586821287
0.487367895283059,0.8941818826552154,1.2777606556619696
0.29400756731019917,0.8762028040765457,1.2284533830372713
0.31457580651435585,0.8086760501236968,1.1451003230071968
0.32224551467767754,0.7981123995418568,1.1345525760668942
0.3441425737055726,0.8224665576107634,1.1593216961005848
0.3658180550517595,0.8279846004746929,1.158820146834284
0.41809488112703413,0.8569387478286629,1.171545397802759
0.35324016648115075,0.8670298344976354,1.2033452375991998
0.3803383966872518,0.90286615090013,1.2162500655265025
0.4210484781020834,0.888167039735584,1.140133371358023
0.4638566198672115,0.8771490881874769,1.0986379471977212
0.4009282127557273,0.8642761192116382,1.134763901867566
0.35231195595345655,0.776083501520876,1.1855324671121812
0.42402275918109417,0.7434834936694507,1.1259482675596448
0.49190917845163057,0.7200657808926145,1.0508204682968796
0.506628893940624,0.7637109380727402,1.0881523101903396
0.45267014020334895,0.8477652623101305,1.185242240148695
0.4412763547350813,0.8730288001465198,1.2136992039537864
0.41950180618754856,0.9042647427078617,1.2677516465938636
0.44376708589709285,0.9010555031702926,1.2603845022143356
0.43594846706905005,0.956182237488732,1.3295076617281039
0.4590794774883172,0.9589455993153009,1.333184132104424
0.5313324936294057,0.9272638399374705,1.2705903847738085
0.567483918605982,0.9075184128373478,1.2367812550065125
0.5256605274526153,0.9359910579555449,1.2823066035786523
0.6080733535423211,0.9006365657059441,1.2123485595895998
0.5945599498095316,0.8932822190450976,1.2043173333372084
0.5975922741595894,0.9010913817398497,1.204491228845281
0.6054337117155884,0.9171729464187708,1.2242386739025164
0.6140389350410909,0.95300887652072,1.2662472439795212
0.6134468786642646,0.9598997263584529,1.27428131095729
0.6532227036703475,0.941072605137524,1.2326119957288708
0.6224718092485113,0.9410638025592923,1.2344587670845903
0.5988976531171392,0.900628206833857,1.1802409511125735
0.611326011297622,0.8850102677448981,1.1507894179467266
0.6067384709477334,0.8955739827101624,1.1564865411954122
0.6327750940548887,1.0007821011628275,1.2642810692498772
0.5963036487463188,1.0595811855414043,1.3698722745674978
0.5000934550675795,0.7683019872904422,1.0876564423747939
0.4742784048164767,0.6819299857872102,1.005132587118177
0.5607047078743335,0.8432008349108717,1.1656459647965116
0.5971725669008452,0.9557632356409593,1.286322342794985
0.609573900345909,1.019162693860689,1.3507659333998312
0.6149750699286763,1.0205442460071248,1.3623054159712251
0.5677283101899907,0.9975628287841414,1.3509225323753644
0.5173993826378721,0.9745813471777335,1.344390272471121
0.505191977588037,0.98789961441351,1.3556106234604193
0.45893056682359606,1.0035086830519002,1.3917595446778896
0.5072395630379435,0.9782540835384164,1.3517545761252714
0.5227999324952347,0.9548271105215541,1.3124279000681178
0.4916065313893207,0.9382818558692463,1.3072351668111108
0.5019699308502134,0.7531470299572033,1.0970070580165052
0.37742629649430054,0.4053506902954818,0.7359752940387223
0.16166585634538938,0.10944512101316521,0.4664929662739611
0.024413419613178274,0.045555342270833805,0.43669622411780556
0.04475526151639573,0.08828239109166956,0.4673363781721634
0.036620207350436446,0.01110128536021359,0.3819740164051817
0.06823394026615502,-0.005889526830429194,0.34883748718902496
0.06963962587585999,-0.0008351095564618743,0.3580400260313356
0.01654916389164652,-0.041734527951404234,0.3280781668576117
0.00135927554230109,-0.04403452084947974,0.3341001048880764
-0.01188271187106058,-0.04036184887222113,0.34631503223384397
0.05344217953562827,-0.09179810440456412,0.2711614060741085
0.09938294151656166,-0.08948929824133947,0.2632927153697925
0.082317821098624,-0.03436275139944442,0.34696775184143785
0.04562417838294113,-0.015535571028460222,0.3837864328846698
0.025254695719708696,-0.00038099999576668577,0.40353955939266045
0.07691727124126131,-0.014608514743264715,0.3789301242444409
0.11637243688732322,-0.015517760510530132,0.36554104358337647
0.05768205304265037,-0.005426543330252925,0.38763963949444
0.11047889785448015,-0.02562665944188898,0.35198658959037227
0.1477646017726449,-0.0513446913950624,0.3071338380715147
0.14887183667619164,0.021700108038400466,0.3899853540820732
0.25820277231813316,0.2959881400960884,0.6681684310086227
0.3884183728508365,0.6350572617397354,1.0174839761815613
0.469045998069733,0.8996909228128154,1.2936577348348122
0.3245891943511821,0.9341095527100763,1.3703188518241003
0.3392098402260019,1.0145086961877017,1.4612015888402652
0.39136478278480236,1.0090085290973545,1.438607126862584
0.43612143591253677,1.0250990303547247,1.4468065636744358
0.43754932052479323,1.0802259578234363,1.5013778521133534
0.43784293584677253,1.1413254866562867,1.5669927553081187
0.5499444198826527,1.1542158137213852,1.546575792111825
0.568167249894633,1.185460758989057,1.5842296063127586
0.5591423193103862,1.204296682788217,1.624052150185458
0.46928134343644423,1.2690509478024596,1.7298286244062318
0.5017807480509683,1.3062688146069341,1.7542729314070717
0.6055478053553692,1.273214441405573,1.6685916967575352
0.5765010569007076,1.2102696704529006,1.6059920227916042
0.48393744295140373,0.9699812952537021,1.3612847687258105
0.3741135388877197,0.6658301581619331,1.037584893705697
0.4619491138373396,0.6607939394508975,0.981033226910248
0.5929111120666273,0.840454963429568,1.1679772270748399
0.6499928453403802,1.027907209073756,1.3830417559341746
0.6592123240452603,1.106924799532717,1.462385008630017
0.626861834921113,1.0251438472471868,1.3793652855578546
0.5371642613874621,0.6580653007811621,1.0087747166096928
0.49060924495235325,0.6125748370977898,0.979308727636684
0.4572415467343631,0.7003107072519199,1.0819162038848973
0.46392045081385647,0.7591106929984359,1.11959867751988
0.29191744303140393,0.8491106809699971,1.2720774961023968
0.28230045607033105,0.8748374546068904,1.3199341069528654
0.4589132032052236,0.82434626186481,1.2071269147182695
0.48095916807218414,0.8041373379415733,1.1733206256763513
0.3634793331814926,0.8610737577273994,1.2710687108722547
0.2767005299466394,0.92582808538061,1.3719945579035548
0.2960077863887284,0.9589095273774143,1.4036292761110976
0.3251314072646331,0.9350278011836713,1.367309304046021
0.3314452732816251,0.911600635016536,1.3425344990637185
0.29307452984322335,0.9143463790393336,1.3499044867920165
0.2774630768685404,0.9033108729803496,1.3072519725372975
0.26742328341849275,0.8780305567233312,1.2194304229027166
0.3366919594966846,0.7673231699315737,1.0211326959411477
0.4895102098564783,0.6998318447365403,0.9158407301322659
0.3588473948265011,0.7714924523031741,1.186028334927727
0.35118560690247336,0.7586451324163452,1.2748215062440522
0.4160606751466026,0.7352191930236721,1.1578848212539758
0.400942211950607,0.7540468223341696,1.1607491329580322
0.4238240050529977,0.795855675717378,1.1895481993328
0.5579714443045273,0.7885370823481525,1.1353249540903017
0.4805388410880352,0.8376734030400673,1.2116498846516583
0.48561875088799944,0.8358370348597259,1.207967732824583
0.35376265446801347,0.9024187297314047,1.328974363619959
0.274852318953441,0.9042372227923349,1.3557525280027125
0.4163758600944173,0.8252554467375637,1.2253666260666645
0.4666327548319206,0.8059735129716421,1.1915546485782775
0.4759789451989704,0.790355509499259,1.1669537391040474
0.4011361306945244,0.830764551278588,1.2364130815478902
0.4196796007639029,0.8440916280704212,1.2457866751728959
0.3068790712027872,0.8982570988864533,1.249543195467121
0.36278511097629695,0.799039648977325,1.1151443963518144
0.35644904595675353,0.7723943049497155,1.0945504517375104
0.3560287189726045,0.8059303700482094,1.1328797107128172
0.3432791010093186,0.8183303888103909,1.147109609480195
0.433705103699012,0.8257026730115599,1.1271941955502023
0.3955559270845932,0.8472845361643611,1.1598348604486701
0.39027664343112783,0.8803572975900139,1.1836150890745032
0.40780649068872177,0.8918397117128426,1.1523482987037907
0.4454848695391989,0.8904672301453175,1.1195595525659672
0.36287873271937043,0.8702397822528709,1.157355521370941
0.29988559466240045,0.7705566508453459,1.1878807772406317
0.38040037051798126,0.7214203927923989,1.1067052194898013
0.43450259911301636,0.7007571000303138,1.0468018883551695
0.5411032169880674,0.7278840750605446,1.0248944879825743
0.4958493735030454,0.8321561327772284,1.153943949618555
0.43365649003513485,0.875783352417032,1.2192224316943994
0.4211782883912767,0.8992103898173185,1.2536984840599361
0.42766388380094594,0.9024284389109445,1.2592188710751713
0.42248490679963585,0.9410187925165574,1.316451916276023
0.4194027389862027,0.9410187281331331,1.3213025399676401
0.4683037915773763,0.9088732787819163,1.273263504437253
0.5266729108135905,0.895564143019318,1.2359432776255768
0.4792273969468083,0.9249549078442616,1.2881603258028715
0.5655360200828261,0.9015457470897855,1.2305882639422812
0.6219572407958843,0.882263945579625,1.1870750460663737
0.6092076228325982,0.8946639643418063,1.2013049448337514
0.6037073860484851,0.9300363976206417,1.2433163556361337
0.6097726544740054,0.9667905118127615,1.287166001626676
0.6109069237642825,0.9608179104486236,1.2761223868708276
0.6302412043385837,0.9148819553547967,1.213861981744909
0.5995900161461206,0.8992549491760842,1.2056597007098226
0.5985548140571892,0.8684735651149504,1.1631524220918945
0.5951015429975778,0.8730646787160766,1.157805930584732
0.6046693062206802,0.8762827921931268,1.1584756939083503
0.638226726826436,1.0154903438005516,1.3142978875959785
0.6442919952519565,1.0522444579926715,1.3581475335865207
0.5332845981600246,0.783010809378984,1.0940176474963426
0.48707724651773326,0.6405850799110852,0.9423763141767127
0.5171820157892824,0.8055195339222516,1.1363538713315755
0.5983566796544976,0.9419815359654934,1.2702542088394473
0.5998344077301293,0.9892993651228776,1.3198009780786748
0.5861720933326187,1.0265081021986304,1.3703451643997493
0.5803782412265261,1.000781006644616,1.3467416720073657
0.5813906245875013,0.9603540917083888,1.3003783460542901
0.5686410066242154,0.9727541104705701,1.3146082448216678
0.5236856041940402,1.0090357895166708,1.3700087362851148
0.506299222142895,1.0609444103580603,1.4384621324752642
0.5291089727793591,1.0604898518578518,1.426916968453115
0.5352511094036738,1.0104174704299556,1.3718469714732744
0.4983407243904617,0.8813186246036172,1.2441311028535014
0.4294725327764274,0.6947843698993275,1.0454595209825552
0.23807222612932577,0.5091412492653056,0.8978248602740819
0.12501241061613633,0.3786430416468292,0.7768149001331364
0.16069366755801623,0.40024277708430017,0.7863595467919086
0.12715906326738866,0.3322435253464642,0.7194079594242123
0.0919251554691148,0.19809030306244121,0.5776389029894785
0.07777467762899146,0.07634599704722224,0.4434023895472457
0.019260848184305943,-0.016007496780813858,0.3565322829416121
-0.001058793428379052,-0.008662023187220064,0.3712608919988416
0.015044410518172286,-0.010034953254143572,0.3724265290210319
0.03048289460858496,-0.06791624638905155,0.2977801341346962
0.03188858021828994,-0.06286182911508424,0.30698267297700677
0.016129456070478887,0.012937332495662025,0.40990928843927027
0.060122321015881976,0.00927346920223213,0.39584760198028157
0.044290535239162876,0.021673423580989306,0.41492812443927635
0.10729704311429653,-0.010008527202657441,0.36688625168136835
0.1898095657820642,-0.060981219563826405,0.286879162297223
0.15555619586526861,-0.02745402840481342,0.3319058023284397
0.14130181543962048,0.016645561997584706,0.3904840626229965
0.23308366397645242,0.036881373131505586,0.3847957185010563
0.37725518682702797,0.3998412638373365,0.7491819570155814
0.41381792185065797,0.6258754208380284,0.9990732170461849
0.3698250593180827,0.6295392832592301,1.0131349017562454
0.4634010566283617,0.8294007435222015,1.2114788298689634
0.3271789927145396,0.9253822703085777,1.363453256710873
0.3419713679820366,1.032426629046964,1.4846311857245758
0.4563912316490186,1.0255626559446867,1.4371024755658246
0.5040583280231645,1.0150080045802636,1.4101560931906647
0.4985580912390513,1.0503804378590993,1.4521675039930468
0.49690379838656334,1.1055073044332995,1.5115894231192946
0.4794675728720429,1.1652250235860167,1.585067338509134
0.48753058328409443,1.200142705214371,1.6300854563642178
0.5506091384508104,1.2107241645696847,1.6223878105053702
0.5374391838520642,1.2566602519192729,1.6749469752437685
0.4709301811793485,1.3218782034179892,1.7661687306686005
0.5405933941314239,1.298923728186114,1.7104405819490687
0.5514719914216598,1.1937245445674416,1.5910980421513634
0.458244278629603,0.9180636073225591,1.3140806246664214
0.3789718758316314,0.6451576730321585,1.0086320690807735
0.4028888710229535,0.7177479104765003,1.0799384140734694
0.5530860826251964,0.8882269647866154,1.2581729024859187
0.6297728930672736,1.019634485172466,1.3877213248430966
0.6485102915318808,1.109679287419805,1.472758860062247
0.6080703869856676,1.0931338396172245,1.482117997880091
0.561772999882361,0.7081464917651153,1.0619979562252404
0.5344796211328444,0.5533208653240583,0.886425462763572
0.49285013907208375,0.6585112428755865,1.0076147669212836
0.506557471200102,0.7425833149919391,1.0913099347678197
0.36308603093276276,0.8155924255172049,1.2155028460768684
0.28207888321427843,0.8560013376574572,1.294663434155017
0.3912969511519942,0.8165194191634324,1.2154971646261132
0.3174166813708038,0.824310642573406,1.243617696818713
0.27754118632776514,0.8587559543113936,1.2953360382040129
0.2714488910556013,0.9010192381911617,1.345381517514476
0.30227180954555205,0.9432914593035499,1.3838789898912522
0.31221005749584196,0.9207826055573196,1.351244012564789
0.28165855502371556,0.8895374031920654,1.3329926940047878
0.27707101407062,0.9001011183753866,1.3386898176907054
0.2850829421716938,0.9005563204917805,1.3017287443594525
0.27390887943136893,0.8812486055989002,1.2249508094807198
0.31787768800762733,0.7641048650487071,1.0350148071902368
0.49160763876976005,0.6823772155501189,0.9069601635974284
0.3267412972863625,0.7797559159644377,1.2171498892244166
0.32405973223554846,0.7806904245199233,1.3123099471130457
0.3547811078383214,0.7751734831525199,1.2303508707505206
0.3354954312765861,0.7710287623297876,1.2005830467279555
0.32156108083424295,0.7760746919648192,1.1873792244764738
0.46722419148334204,0.7779468743312934,1.1400187266261117
0.4662118081223669,0.8183737892675204,1.1863820525791875
0.46384358261506203,0.8459371886184522,1.218518320490263
0.35484708029491535,0.9042552266785946,1.3229552680638001
0.2726330041108572,0.8872375384066673,1.3293133833403223
0.3041746939574421,0.8279833145506647,1.2558326241644806
0.3962549750226565,0.7802287374110021,1.1764953016018105
0.3810152456227636,0.7857378419520263,1.1875417570830362
0.3575635951460981,0.8008923486012957,1.212145507282644
0.45331810522722743,0.7462469842628681,1.1199234905527309
0.2901117702638873,0.8642574725814213,1.2160674009088086
0.33289770855333745,0.8031670082216406,1.129203240336497
0.4027104470698831,0.7567852398002376,1.0584015375157536
0.3747210997067042,0.7746943631034434,1.083677891764357
0.37035513221286814,0.8040941950181407,1.1146456878108908
0.35370971720327027,0.8045488822851977,1.1164896044498063
0.30313218723402424,0.8417486827825014,1.1785817990162641
0.34226609309728306,0.8376215166884585,1.1499710839567303
0.4228246472325621,0.8674944902223851,1.1160311704247163
0.4384570612160787,0.8863309325780966,1.1170487133288112
0.44275161356040543,0.8358034706045283,1.0892385462997125
0.3563566636644895,0.7434657492794011,1.139343036667178
0.4410158389835095,0.6460935406178672,1.0019290065741087
0.4194117803778446,0.6617031208347388,0.9992729312629296
0.49439867016283273,0.7058209063111559,1.0105020566086342
0.4733602629239797,0.8146928228015988,1.1372088930647766
0.4766141601300901,0.841338102445784,1.1626534613706978
0.45575230801678196,0.8477653266935548,1.180391616457078
0.4368383447753185,0.8601652201778003,1.2043227696034033
0.4957004628383243,0.8767192165138279,1.212519362192021
0.44186903083731227,0.8872737391114024,1.249166991950415
0.44840447936166805,0.8826826864047879,1.2496628527702471
0.44835463589829283,0.8904917847161159,1.2546873719699365
0.4781921948578771,0.8941735237831282,1.2456530471849434
0.5017657312638446,0.9134733307059478,1.2563690081825634
0.5640804910097459,0.9043004281271461,1.22641024429966
0.5909355690826475,0.8923639061880785,1.2121775048069048
0.5811192082680735,0.9493270730702833,1.2801321924561313
0.5875051167509923,0.9681633187865649,1.2957016178707457
0.5765316679181849,0.9598907880355475,1.2858293157048168
0.5615405361097637,0.9052186122173168,1.2282513202131977
0.5630951323841898,0.8657099457546849,1.1788784464820425
0.5771507490304302,0.8739825408891263,1.1839001249563545
0.5878029380804345,0.8790371513133662,1.1785507927238141
0.5908851058938676,0.8790372156967906,1.173700169032197
0.6398539852921936,1.039380878023952,1.3487710992361377
0.6775828252711522,1.0513350834585575,1.3544597003086905
0.5490166970099931,0.7862290516228826,1.0849861634367268
0.4511744191326286,0.6001492266519528,0.9075609929711638
0.5187366120637086,0.7660108674596195,1.0869809976004203
0.6161862074177479,0.9277451490229709,1.2523421582449938
0.6055063739069199,0.9805721471048032,1.3080847592738307
0.6014616661958868,1.0131898993462785,1.3542741897188337
0.5706885920741218,0.9631085795954767,1.3107521974865202
0.5814404680508766,0.9525449933970608,1.2953538268546005
0.5985284090471749,0.9686267512262546,1.3005494008369851
0.6260475859628295,0.9920627913328709,1.3186268247633781
0.6017552815178662,1.0742894281791282,1.4198890929135994
0.5775398452716971,1.0696895694053694,1.422231718093438
0.6106361271702594,0.970926680613134,1.299378088247066
0.48830279071983507,0.919445674536389,1.2868151177048794
0.4354609330031533,0.8183649797114636,1.1882288099434801
0.3426937295415742,0.759538697552538,1.1463853680138552
0.2790501475591067,0.6768306889818124,1.0682219535819217
0.29448862110951624,0.6189493552585781,0.9935755157654744
0.23412175506111532,0.6340949253293983,1.0297272742104655
0.18889975963155217,0.530259679106189,0.9256177404573817
0.11927260299209219,0.1948811279082964,0.5654211349183333
0.03585642158093295,-0.008653080062814561,0.3597128913854126
0.10951511850607083,-0.03528042042222135,0.3063216863949643
0.11545850100228917,-0.03298061980219037,0.314851621188279
0.060370301857200145,-0.07204360737782335,0.2837212866521567
0.05701671679913702,-0.08307069323621709,0.2683257538041017
0.13713398234847607,-0.027462576938260836,0.31435007192197806
0.16837723656907663,-0.018726424086193735,0.314518278983582
0.05915916139287737,0.02075549702451549,0.3936845537592707
0.10307998628518156,-0.02517177902455939,0.3392786351544365
0.17296539664436997,-0.008154350248842207,0.3523230107092935
0.27825581352981243,0.148525718538271,0.49392977320275805
0.28064203943382354,0.32126054838304613,0.6899280067620909
0.35668695003569917,0.4673680169179574,0.8325350152967274
0.49158915811963694,0.7591194381710685,1.1226025438472043
0.5355549959167931,0.8344729730585552,1.2024359829078373
0.4365508042883276,0.712247357957836,1.0864476959944187
0.47296881985146405,0.8326188569992516,1.2121485931925817
0.3285348348608693,0.938245785893873,1.3776803147528733
0.3042923690536255,1.0126633261732587,1.4739180672012617
0.37003276022397,1.0567809167549471,1.499699060123961
0.5096804507365797,1.0140898848735171,1.40346439358551
0.5804287044153063,1.0141076971359038,1.3852190077820734
0.5387770426546167,1.0692255575148621,1.4610395483517515
0.48908517955852054,1.160634038751739,1.580712582633063
0.5481688704775789,1.1960241520372,1.6141798480195286
0.5233835672058238,1.2483876567848313,1.6699252967694567
0.48086842792322454,1.2993693501078734,1.7335337542166012
0.47396250552940633,1.3296873661127415,1.7663426261766728
0.5462155168448393,1.2980056084793672,1.703748882343914
0.5549744862192418,1.1601885438523716,1.5479181594844393
0.4471987873308689,0.8675276646881248,1.2638640921035753
0.346101982870678,0.6336667747593067,1.0174925053534076
0.3526325960108549,0.7581656330450378,1.1572522465362531
0.5545139672374529,0.9433538922553276,1.3127441909248359
0.636651171000268,1.0471980776736702,1.4053057216793214
0.6603964367989127,1.0931430998572509,1.4463168746744792
0.649102347908707,1.102788437582072,1.4647247930844782
0.5861325210603834,0.7972731743057079,1.140343791839236
0.5683618730002263,0.524384806759769,0.831201660469366
0.5044648680196878,0.6309480366749273,0.9609266279353572
0.35724233536329497,0.7976744282745182,1.1969238728841745
0.35179194204255704,0.8252377632420259,1.2339107644868672
0.2578136013935098,0.8592105779582261,1.3020305800648573
0.39756097370561094,0.8009013513076252,1.1957468788435
0.34967231412672384,0.7926198822337025,1.1974225814250978
0.251969905824042,0.8412925807155394,1.2834516068721635
0.28220076793716653,0.8904556516656604,1.3299831462267084
0.3067596641751041,0.9483459405248273,1.3882309041674818
0.28427055178641747,0.9308826312033686,1.3714958489253994
0.27191906240793595,0.8596740744542541,1.3020277386836316
0.27630722890432347,0.8803467527343015,1.3164286922337043
0.31188817798763424,0.8964288964279266,1.2925205231919226
0.28660865453448664,0.8766576849299895,1.2157454294757994
0.3167434187173502,0.7700774664128451,1.0460584219460851
0.4893391001892058,0.694322418278395,0.9290473931091249
0.3554944304190449,0.7816011580842601,1.214134659995582
0.3773489416717983,0.7692176569376663,1.2786718721284447
0.31468403752640234,0.7907826788133024,1.2567985410869003
0.3467895201667918,0.7613834246049667,1.1821751283179567
0.29475584139906086,0.7802021173370152,1.1965874482673966
0.44900136147136194,0.746701929063622,1.1023649124251782
0.4346971472336498,0.7986106142884355,1.165967684923711
0.4317368653495187,0.8330648634771002,1.2061380198125555
0.44384458347260325,0.8353647928639797,1.2049667072226362
0.29132538665457774,0.8560015308077299,1.2801115630801658
0.2937434580380857,0.8206290322732421,1.2429507742204722
0.3293526749268667,0.7999653549550682,1.2121511887333989
0.4061433879544686,0.7655289789233014,1.1488848373537872
0.4505067340078175,0.7361381497149335,1.1015184128681097
0.4794586212685963,0.6856112097868288,1.0349032518661199
